-----------------------> E P I D E M I C  S I M U L A T I O N <-----------------------


Legend:
    0 - Susceptible (no infection, unaware)
    1 - Infected 
    2 - Recovered
    3 - quarantined (immune)
    4 - Aware and susceptible
    5 - Aware and Infected
    6 - Quarantined and Infected

Grid Size: 35 x 35

------------------------------> I N I T I A L  G R I D <------------------------------

                     [0 0 0 0 0 0 0 0 0 0 0 0 0 0 0 0 0 0 0 0 0 0 0 0 0 0 0 0 0 0 0 0 0 0 0]
                     [0 0 0 0 0 0 0 1 0 0 0 0 0 0 0 0 0 0 0 0 0 0 0 0 0 0 0 0 0 0 0 0 0 0 0]
                     [0 0 0 0 0 0 0 0 0 0 0 0 0 0 0 0 0 0 0 0 0 0 0 0 0 0 0 0 0 0 0 0 0 0 0]
                     [0 0 0 0 0 0 0 0 0 0 0 0 0 0 0 0 0 0 0 0 0 0 0 0 0 0 0 0 0 0 0 0 0 0 0]
                     [0 0 0 0 0 0 0 0 0 0 0 0 0 0 0 0 0 0 0 0 0 0 0 0 0 0 0 0 0 0 0 0 0 0 0]
                     [0 1 0 0 0 0 0 0 0 0 0 0 0 0 0 0 0 0 0 0 0 0 0 0 0 0 0 0 0 0 0 0 0 0 0]
                     [0 0 0 0 0 0 0 0 0 0 0 0 0 0 0 0 0 0 0 0 0 0 0 0 0 0 0 0 0 0 0 0 0 0 0]
                     [0 0 0 0 0 0 0 0 0 0 0 0 0 0 0 0 0 0 0 0 0 0 0 0 0 0 0 0 0 0 0 0 0 0 0]
                     [0 0 0 0 0 0 0 0 0 0 0 0 0 0 0 0 0 0 0 0 0 0 0 0 0 0 0 0 0 0 0 0 0 0 0]
                     [0 0 0 0 0 0 0 0 0 0 0 0 0 0 0 0 0 0 0 0 0 0 0 0 0 0 0 0 0 0 0 0 0 0 0]
                     [0 0 0 0 0 0 0 0 0 0 0 0 0 0 0 0 0 0 0 0 0 0 0 0 0 0 0 0 0 0 0 0 0 0 0]
                     [0 0 0 0 0 0 0 0 0 0 0 0 0 0 0 0 0 0 0 0 0 0 0 0 0 0 0 0 0 0 0 0 0 0 0]
                     [0 0 0 0 0 0 0 0 0 0 0 0 0 0 0 0 0 0 0 0 0 0 0 0 0 0 0 0 0 0 0 0 0 0 0]
                     [0 0 0 0 0 0 0 0 0 0 0 0 0 0 0 0 0 0 0 0 0 0 0 0 0 0 0 0 0 0 0 0 0 0 0]
                     [0 0 0 0 0 0 0 0 0 0 0 0 0 0 0 0 0 0 0 0 0 0 0 0 0 0 0 0 0 0 0 0 0 0 0]
                     [0 0 0 0 0 0 0 0 0 0 0 0 0 0 0 0 0 0 0 0 0 0 0 0 0 0 0 0 0 0 0 0 0 0 0]
                     [0 0 0 0 0 0 0 0 0 0 0 0 0 0 0 0 0 0 0 1 0 0 0 0 0 0 0 0 0 0 0 0 0 0 0]
                     [0 0 0 0 0 0 0 0 0 0 0 0 0 0 0 0 0 0 0 0 0 0 0 0 0 0 0 0 0 0 0 0 1 0 0]
                     [0 0 0 0 0 0 0 0 0 0 0 0 0 0 0 0 0 0 0 0 0 0 0 0 0 0 0 0 0 0 0 0 0 0 0]
                     [0 0 0 0 0 0 0 0 0 0 0 0 0 0 0 0 0 0 0 0 0 0 0 0 0 0 0 0 0 0 0 0 0 0 0]
                     [0 0 0 0 0 0 0 0 0 0 0 0 0 0 0 0 0 0 0 0 0 0 0 0 0 0 0 0 0 0 0 0 0 0 0]
                     [0 0 0 0 0 0 0 0 0 0 0 0 0 0 0 0 0 0 0 0 0 0 0 0 0 0 0 0 0 0 0 0 0 0 0]
                     [0 0 0 0 0 0 0 0 0 0 0 0 0 0 0 0 0 0 0 0 0 0 0 0 0 0 0 0 0 0 0 0 0 0 0]
                     [0 0 0 0 0 0 0 0 0 0 0 0 0 0 0 0 0 0 0 0 0 0 0 0 0 0 0 0 0 0 0 0 0 0 0]
                     [0 0 0 0 0 0 0 0 0 0 0 0 0 0 0 0 0 0 0 0 0 0 0 0 0 0 0 0 0 0 0 0 0 0 0]
                     [0 0 0 0 0 0 0 0 0 0 0 0 0 0 0 0 0 0 0 0 0 0 0 0 0 0 0 0 0 0 0 0 0 0 0]
                     [0 0 0 0 0 0 0 0 0 0 0 0 0 0 0 1 0 0 0 0 0 0 0 0 0 0 0 0 0 0 0 0 0 0 0]
                     [0 0 0 0 0 0 0 0 0 0 0 0 0 0 0 0 0 0 0 0 0 0 0 0 0 0 0 0 0 0 0 0 0 0 0]
                     [0 0 0 0 0 0 0 0 0 0 0 0 0 0 0 0 0 0 0 0 0 0 0 0 0 0 0 0 0 0 0 0 0 0 0]
                     [0 0 0 0 0 0 0 0 0 0 0 0 0 0 0 0 0 0 0 0 0 0 0 0 0 0 0 0 0 0 0 0 0 0 0]
                     [0 0 0 0 0 0 0 0 0 0 0 0 0 0 0 0 0 0 0 0 0 0 0 0 0 0 0 0 0 0 0 0 0 0 0]
                     [0 0 0 0 0 0 0 0 0 0 0 0 0 0 0 0 0 0 0 0 0 0 0 0 0 0 0 0 0 0 0 0 0 0 0]
                     [0 0 0 0 0 0 0 0 0 0 0 0 0 0 0 0 0 0 0 0 0 0 0 0 0 0 0 0 0 0 0 0 0 0 0]
                     [0 0 0 0 0 0 0 0 0 1 0 0 0 0 0 0 0 0 0 0 0 0 0 0 0 0 0 0 0 0 0 0 0 0 0]
                     [0 0 0 0 0 0 0 0 0 0 0 0 0 0 0 0 0 0 0 0 0 0 0 0 0 0 0 0 0 0 0 0 0 0 0]

--------------------------------------------------------------------------------------

                     [0 0 0 0 0 0 0 0 0 0 0 0 0 0 0 0 0 0 0 0 0 0 0 0 0 0 0 0 0 0 0 0 0 0 0]
                     [0 0 0 0 0 0 0 1 0 0 0 0 0 0 0 0 0 0 0 0 0 0 0 0 0 0 0 0 0 0 0 0 0 0 0]
                     [0 0 0 0 0 0 0 0 0 0 0 0 0 0 0 0 0 0 0 0 0 0 0 0 0 0 0 0 0 0 0 0 0 0 0]
                     [0 0 0 0 0 0 0 0 0 0 0 0 0 0 0 0 0 0 0 0 0 0 0 0 0 0 0 0 0 0 0 0 0 0 0]
                     [0 0 0 0 0 0 0 0 0 0 0 0 0 0 0 0 0 0 0 0 0 0 0 0 0 0 0 0 0 0 0 0 0 0 0]
                     [0 1 0 0 0 0 0 0 0 0 0 0 0 0 0 0 0 0 0 0 0 0 0 0 0 0 0 0 0 0 0 0 0 0 0]
                     [0 0 0 0 0 0 0 0 0 0 0 0 0 0 0 0 0 0 0 0 0 0 0 0 0 0 0 0 0 0 0 0 0 0 0]
                     [0 0 0 0 0 0 0 0 0 0 0 0 0 0 0 0 0 0 0 0 0 0 0 0 0 0 0 0 0 0 0 0 0 0 0]
                     [0 0 0 0 0 0 0 0 0 0 0 0 0 0 0 0 0 0 0 0 0 0 0 0 0 0 0 0 0 0 0 0 0 0 0]
                     [0 0 0 0 0 0 0 0 0 0 0 0 0 0 0 0 0 0 0 0 0 0 0 0 0 0 0 0 0 0 0 0 0 0 0]
                     [0 0 0 0 0 0 0 0 0 0 0 0 0 0 0 0 0 0 0 0 0 0 0 0 0 0 0 0 0 0 0 0 0 0 0]
                     [0 0 0 0 0 0 0 0 0 0 0 0 0 0 0 0 0 0 0 0 0 0 0 0 0 0 0 0 0 0 0 0 0 0 0]
                     [0 0 0 0 0 0 0 0 0 0 0 0 0 0 0 0 0 0 0 0 0 0 0 0 0 0 0 0 0 0 0 0 0 0 0]
                     [0 0 0 0 0 0 0 0 0 0 0 0 0 0 0 0 0 0 0 0 0 0 0 0 0 0 0 0 0 0 0 0 0 0 0]
                     [0 0 0 0 0 0 0 0 0 0 0 0 0 0 0 0 0 0 0 0 0 0 0 0 0 0 0 0 0 0 0 0 0 0 0]
                     [0 0 0 0 0 0 0 0 0 0 0 0 0 0 0 0 0 0 0 0 0 0 0 0 0 0 0 0 0 0 0 0 0 0 0]
                     [0 0 0 0 0 0 0 0 0 0 0 0 0 0 0 0 0 0 0 1 0 0 0 0 0 0 0 0 0 0 0 0 0 0 0]
                     [0 0 0 0 0 0 0 0 0 0 0 0 0 0 0 0 0 0 0 0 0 0 0 0 0 0 0 0 0 0 0 0 1 0 0]
                     [0 0 0 0 0 0 0 0 0 0 0 0 0 0 0 0 0 0 0 0 0 0 0 0 0 0 0 0 0 0 0 0 0 0 0]
                     [0 0 0 0 0 0 0 0 0 0 0 0 0 0 0 0 0 0 0 0 0 0 0 0 0 0 0 0 0 0 0 0 0 0 0]
                     [0 0 0 0 0 0 0 0 0 0 0 0 0 0 0 0 0 0 0 0 0 0 0 0 0 0 0 0 0 0 0 0 0 0 0]
                     [0 0 0 0 0 0 0 0 0 0 0 0 0 0 0 0 0 0 0 0 0 0 0 0 0 0 0 0 0 0 0 0 0 0 0]
                     [0 0 0 0 0 0 0 0 0 0 0 0 0 0 0 0 0 0 0 0 0 0 0 0 0 0 0 0 0 0 0 0 0 0 0]
                     [0 0 0 0 0 0 0 0 0 0 0 0 0 0 0 0 0 0 0 0 0 0 0 0 0 0 0 0 0 0 0 0 0 0 0]
                     [0 0 0 0 0 0 0 0 0 0 0 0 0 0 0 0 0 0 0 0 0 0 0 0 0 0 0 0 0 0 0 0 0 0 0]
                     [0 0 0 0 0 0 0 0 0 0 0 0 0 0 0 0 0 0 0 0 0 0 0 0 0 0 0 0 0 0 0 0 0 0 0]
                     [0 0 0 0 0 0 0 0 0 0 0 0 0 0 0 1 0 0 0 0 0 0 0 0 0 0 0 0 0 0 0 0 0 0 0]
                     [0 0 0 0 0 0 0 0 0 0 0 0 0 0 0 0 0 0 0 0 0 0 0 0 0 0 0 0 0 0 0 0 0 0 0]
                     [0 0 0 0 0 0 0 0 0 0 0 0 0 0 0 0 0 0 0 0 0 0 0 0 0 0 0 0 0 0 0 0 0 0 0]
                     [0 0 0 0 0 0 0 0 0 0 0 0 0 0 0 0 0 0 0 0 0 0 0 0 0 0 0 0 0 0 0 0 0 0 0]
                     [0 0 0 0 0 0 0 0 0 0 0 0 0 0 0 0 0 0 0 0 0 0 0 0 0 0 0 0 0 0 0 0 0 0 0]
                     [0 0 0 0 0 0 0 0 0 0 0 0 0 0 0 0 0 0 0 0 0 0 0 0 0 0 0 0 0 0 0 0 0 0 0]
                     [0 0 0 0 0 0 0 0 0 0 0 0 0 0 0 0 0 0 0 0 0 0 0 0 0 0 0 0 0 0 0 0 0 0 0]
                     [0 0 0 0 0 0 0 0 0 1 0 0 0 0 0 0 0 0 0 0 0 0 0 0 0 0 0 0 0 0 0 0 0 0 0]
                     [0 0 0 0 0 0 0 0 0 0 0 0 0 0 0 0 0 0 0 0 0 0 0 0 0 0 0 0 0 0 0 0 0 0 0]

                     [0 0 0 0 0 0 0 0 0 0 0 0 0 0 0 0 0 0 0 0 0 0 0 0 0 0 0 0 0 0 0 0 0 0 0]
                     [0 0 0 0 0 0 0 1 0 0 0 0 0 0 0 0 0 0 0 0 0 0 0 0 0 0 0 0 0 0 0 0 0 0 0]
                     [0 0 0 0 0 0 0 0 0 0 0 0 0 0 0 0 0 0 0 0 0 0 0 0 0 0 0 0 0 0 0 0 0 0 0]
                     [0 0 0 0 0 0 0 0 0 0 0 0 0 0 0 0 0 0 0 0 0 0 0 0 0 0 0 0 0 0 0 0 0 0 0]
                     [0 0 0 0 0 0 0 0 0 0 0 0 0 0 0 0 0 0 0 0 0 0 0 0 0 0 0 0 0 0 0 0 0 0 0]
                     [0 1 0 0 0 0 0 0 0 0 0 0 0 0 0 0 0 0 0 0 0 0 0 0 0 0 0 0 0 0 0 0 0 0 0]
                     [0 0 0 0 0 0 0 0 0 0 0 0 0 0 0 0 0 0 0 0 0 0 0 0 0 0 0 0 0 0 0 0 0 0 0]
                     [0 0 0 0 0 0 0 0 0 0 0 0 0 0 0 0 0 0 0 0 0 0 0 0 0 0 0 0 0 0 0 0 0 0 0]
                     [0 0 0 0 0 0 0 0 0 0 0 0 0 0 0 0 0 0 0 0 0 0 0 0 0 0 0 0 0 0 0 0 0 0 0]
                     [0 0 0 0 0 0 0 0 0 0 0 0 0 0 0 0 0 0 0 0 0 0 0 0 0 0 0 0 0 0 0 0 0 0 0]
                     [0 0 0 0 0 0 0 0 0 0 0 0 0 0 0 0 0 0 0 0 0 0 0 0 0 0 0 0 0 0 0 0 0 0 0]
                     [0 0 0 0 0 0 0 0 0 0 0 0 0 0 0 0 0 0 0 0 0 0 0 0 0 0 0 0 0 0 0 0 0 0 0]
                     [0 0 0 0 0 0 0 0 0 0 0 0 0 0 0 0 0 0 0 0 0 0 0 0 0 0 0 0 0 0 0 0 0 0 0]
                     [0 0 0 0 0 0 0 0 0 0 0 0 0 0 0 0 0 0 0 0 0 0 0 0 0 0 0 0 0 0 0 0 0 0 0]
                     [0 0 0 0 0 0 0 0 0 0 0 0 0 0 0 0 0 0 0 0 0 0 0 0 0 0 0 0 0 0 0 0 0 0 0]
                     [0 0 0 0 0 0 0 0 0 0 0 0 0 0 0 0 0 0 0 0 0 0 0 0 0 0 0 0 0 0 0 0 0 0 0]
                     [0 0 0 0 0 0 0 0 0 0 0 0 0 0 0 0 0 0 0 1 0 0 0 0 0 0 0 0 0 0 0 0 0 0 0]
                     [0 0 0 0 0 0 0 0 0 0 0 0 0 0 0 0 0 0 0 0 0 0 0 0 0 0 0 0 0 0 0 0 1 0 0]
                     [0 0 0 0 0 0 0 0 0 0 0 0 0 0 0 0 0 0 0 0 0 0 0 0 0 0 0 0 0 0 0 0 0 0 0]
                     [0 0 0 0 0 0 0 0 0 0 0 0 0 0 0 0 0 0 0 0 0 0 0 0 0 0 0 0 0 0 0 0 0 0 0]
                     [0 0 0 0 0 0 0 0 0 0 0 0 0 0 0 0 0 0 0 0 0 0 0 0 0 0 0 0 0 0 0 0 0 0 0]
                     [0 0 0 0 0 0 0 0 0 0 0 0 0 0 0 0 0 0 0 0 0 0 0 0 0 0 0 0 0 0 0 0 0 0 0]
                     [0 0 0 0 0 0 0 0 0 0 0 0 0 0 0 0 0 0 0 0 0 0 0 0 0 0 0 0 0 0 0 0 0 0 0]
                     [0 0 0 0 0 0 0 0 0 0 0 0 0 0 0 0 0 0 0 0 0 0 0 0 0 0 0 0 0 0 0 0 0 0 0]
                     [0 0 0 0 0 0 0 0 0 0 0 0 0 0 0 0 0 0 0 0 0 0 0 0 0 0 0 0 0 0 0 0 0 0 0]
                     [0 0 0 0 0 0 0 0 0 0 0 0 0 0 0 0 0 0 0 0 0 0 0 0 0 0 0 0 0 0 0 0 0 0 0]
                     [0 0 0 0 0 0 0 0 0 0 0 0 0 0 0 1 0 0 0 0 0 0 0 0 0 0 0 0 0 0 0 0 0 0 0]
                     [0 0 0 0 0 0 0 0 0 0 0 0 0 0 0 0 0 0 0 0 0 0 0 0 0 0 0 0 0 0 0 0 0 0 0]
                     [0 0 0 0 0 0 0 0 0 0 0 0 0 0 0 0 0 0 0 0 0 0 0 0 0 0 0 0 0 0 0 0 0 0 0]
                     [0 0 0 0 0 0 0 0 0 0 0 0 0 0 0 0 0 0 0 0 0 0 0 0 0 0 0 0 0 0 0 0 0 0 0]
                     [0 0 0 0 0 0 0 0 0 0 0 0 0 0 0 0 0 0 0 0 0 0 0 0 0 0 0 0 0 0 0 0 0 0 0]
                     [0 0 0 0 0 0 0 0 0 0 0 0 0 0 0 0 0 0 0 0 0 0 0 0 0 0 0 0 0 0 0 0 0 0 0]
                     [0 0 0 0 0 0 0 0 0 0 0 0 0 0 0 0 0 0 0 0 0 0 0 0 0 0 0 0 0 0 0 0 0 0 0]
                     [0 0 0 0 0 0 0 0 0 1 0 0 0 0 0 0 0 0 0 0 0 0 0 0 0 0 0 0 0 0 0 0 0 0 0]
                     [0 0 0 0 0 0 0 0 0 0 0 0 0 0 0 0 0 0 0 0 0 0 0 0 0 0 0 0 0 0 0 0 0 0 0]

                     [0 0 0 0 0 0 0 0 0 0 0 0 0 0 0 0 0 0 0 0 0 0 0 0 0 0 0 0 0 0 0 0 0 0 0]
                     [0 0 0 0 0 0 0 1 0 0 0 0 0 0 0 0 0 0 0 0 0 0 0 0 0 0 0 0 0 0 0 0 0 0 0]
                     [0 0 0 0 0 0 0 0 0 0 0 0 0 0 0 0 0 0 0 0 0 0 0 0 0 0 0 0 0 0 0 0 0 0 0]
                     [0 0 0 0 0 0 0 0 0 0 0 0 0 0 0 0 0 0 0 0 0 0 0 0 0 0 0 0 0 0 0 0 0 0 0]
                     [0 0 0 0 0 0 0 0 0 0 0 0 0 0 0 0 0 0 0 0 0 0 0 0 0 0 0 0 0 0 0 0 0 0 0]
                     [0 1 0 0 0 0 0 0 0 0 0 0 0 0 0 0 0 0 0 0 0 0 0 0 0 0 0 0 0 0 0 0 0 0 0]
                     [0 0 0 0 0 0 0 0 0 0 0 0 0 0 0 0 0 0 0 0 0 0 0 0 0 0 0 0 0 0 0 0 0 0 0]
                     [0 0 0 0 0 0 0 0 0 0 0 0 0 0 0 0 0 0 0 0 0 0 0 0 0 0 0 0 0 0 0 0 0 0 0]
                     [0 0 0 0 0 0 0 0 0 0 0 0 0 0 0 0 0 0 0 0 0 0 0 0 0 0 0 0 0 0 0 0 0 0 0]
                     [0 0 0 0 0 0 0 0 0 0 0 0 0 0 0 0 0 0 0 0 0 0 0 0 0 0 0 0 0 0 0 0 0 0 0]
                     [0 0 0 0 0 0 0 0 0 0 0 0 0 0 0 0 0 0 0 0 0 0 0 0 0 0 0 0 0 0 0 0 0 0 0]
                     [0 0 0 0 0 0 0 0 0 0 0 0 0 0 0 0 0 0 0 0 0 0 0 0 0 0 0 0 0 0 0 0 0 0 0]
                     [0 0 0 0 0 0 0 0 0 0 0 0 0 0 0 0 0 0 0 0 0 0 0 0 0 0 0 0 0 0 0 0 0 0 0]
                     [0 0 0 0 0 0 0 0 0 0 0 0 0 0 0 0 0 0 0 0 0 0 0 0 0 0 0 0 0 0 0 0 0 0 0]
                     [0 0 0 0 0 0 0 0 0 0 0 0 0 0 0 0 0 0 0 0 0 0 0 0 0 0 0 0 0 0 0 0 0 0 0]
                     [0 0 0 0 0 0 0 0 0 0 0 0 0 0 0 0 0 0 0 0 0 0 0 0 0 0 0 0 0 0 0 0 0 0 0]
                     [0 0 0 0 0 0 0 0 0 0 0 0 0 0 0 0 0 0 0 1 0 0 0 0 0 0 0 0 0 0 0 0 0 0 0]
                     [0 0 0 0 0 0 0 0 0 0 0 0 0 0 0 0 0 0 0 0 0 0 0 0 0 0 0 0 0 0 0 0 1 0 0]
                     [0 0 0 0 0 0 0 0 0 0 0 0 0 0 0 0 0 0 0 0 0 0 0 0 0 0 0 0 0 0 0 0 0 0 0]
                     [0 0 0 0 0 0 0 0 0 0 0 0 0 0 0 0 0 0 0 0 0 0 0 0 0 0 0 0 0 0 0 0 0 0 0]
                     [0 0 0 0 0 0 0 0 0 0 0 0 0 0 0 0 0 0 0 0 0 0 0 0 0 0 0 0 0 0 0 0 0 0 0]
                     [0 0 0 0 0 0 0 0 0 0 0 0 0 0 0 0 0 0 0 0 0 0 0 0 0 0 0 0 0 0 0 0 0 0 0]
                     [0 0 0 0 0 0 0 0 0 0 0 0 0 0 0 0 0 0 0 0 0 0 0 0 0 0 0 0 0 0 0 0 0 0 0]
                     [0 0 0 0 0 0 0 0 0 0 0 0 0 0 0 0 0 0 0 0 0 0 0 0 0 0 0 0 0 0 0 0 0 0 0]
                     [0 0 0 0 0 0 0 0 0 0 0 0 0 0 0 0 0 0 0 0 0 0 0 0 0 0 0 0 0 0 0 0 0 0 0]
                     [0 0 0 0 0 0 0 0 0 0 0 0 0 0 0 0 0 0 0 0 0 0 0 0 0 0 0 0 0 0 0 0 0 0 0]
                     [0 0 0 0 0 0 0 0 0 0 0 0 0 0 0 1 0 0 0 0 0 0 0 0 0 0 0 0 0 0 0 0 0 0 0]
                     [0 0 0 0 0 0 0 0 0 0 0 0 0 0 0 0 0 0 0 0 0 0 0 0 0 0 0 0 0 0 0 0 0 0 0]
                     [0 0 0 0 0 0 0 0 0 0 0 0 0 0 0 0 0 0 0 0 0 0 0 0 0 0 0 0 0 0 0 0 0 0 0]
                     [0 0 0 0 0 0 0 0 0 0 0 0 0 0 0 0 0 0 0 0 0 0 0 0 0 0 0 0 0 0 0 0 0 0 0]
                     [0 0 0 0 0 0 0 0 0 0 0 0 0 0 0 0 0 0 0 0 0 0 0 0 0 0 0 0 0 0 0 0 0 0 0]
                     [0 0 0 0 0 0 0 0 0 0 0 0 0 0 0 0 0 0 0 0 0 0 0 0 0 0 0 0 0 0 0 0 0 0 0]
                     [0 0 0 0 0 0 0 0 0 0 0 0 0 0 0 0 0 0 0 0 0 0 0 0 0 0 0 0 0 0 0 0 0 0 0]
                     [0 0 0 0 0 0 0 0 0 1 0 0 0 0 0 0 0 0 0 0 0 0 0 0 0 0 0 0 0 0 0 0 0 0 0]
                     [0 0 0 0 0 0 0 0 0 0 0 0 0 0 0 0 0 0 0 0 0 0 0 0 0 0 0 0 0 0 0 0 0 0 0]

                     [0 0 0 0 0 0 3 1 3 0 0 0 0 0 0 0 0 0 0 0 0 0 0 0 0 0 0 0 0 0 0 0 0 0 0]
                     [0 0 0 0 0 0 1 1 1 0 0 0 0 0 0 0 0 0 0 0 0 0 0 0 0 0 0 0 0 0 0 0 0 0 0]
                     [0 0 0 0 0 0 0 1 1 0 0 0 0 0 0 0 0 0 0 0 0 0 0 0 0 0 0 0 0 0 0 0 0 0 0]
                     [0 0 0 0 0 0 0 0 0 0 0 0 0 0 0 0 0 0 0 0 0 0 0 0 0 0 0 0 0 0 0 0 0 0 0]
                     [1 0 1 0 0 0 0 0 0 0 0 0 0 0 0 0 0 0 0 0 0 0 0 0 0 0 0 0 0 0 0 0 0 0 0]
                     [0 1 0 0 0 0 0 0 0 0 0 0 0 0 0 0 0 0 0 0 0 0 0 0 0 0 0 0 0 0 0 0 0 0 0]
                     [1 1 0 0 0 0 0 0 0 0 0 0 0 0 0 0 0 0 0 0 0 0 0 0 0 0 0 0 0 0 0 0 0 0 0]
                     [0 0 0 0 0 0 0 0 0 0 0 0 0 0 0 0 0 0 0 0 0 0 0 0 0 0 0 0 0 0 0 0 0 0 0]
                     [0 0 0 0 0 0 0 0 0 0 0 0 0 0 0 0 0 0 0 0 0 0 0 0 0 0 0 0 0 0 0 0 0 0 0]
                     [0 0 0 0 0 0 0 0 0 0 0 0 0 0 0 0 0 0 0 0 0 0 0 0 0 0 0 0 0 0 0 0 0 0 0]
                     [0 0 0 0 0 0 0 0 0 0 0 0 0 0 0 0 0 0 0 0 0 0 0 0 0 0 0 0 0 0 0 0 0 0 0]
                     [0 0 0 0 0 0 0 0 0 0 0 0 0 0 0 0 0 0 0 0 0 0 0 0 0 0 0 0 0 0 0 0 0 0 0]
                     [0 0 0 0 0 0 0 0 0 0 0 0 0 0 0 0 0 0 0 0 0 0 0 0 0 0 0 0 0 0 0 0 0 0 0]
                     [0 0 0 0 0 0 0 0 0 0 0 0 0 0 0 0 0 0 0 0 0 0 0 0 0 0 0 0 0 0 0 0 0 0 0]
                     [0 0 0 0 0 0 0 0 0 0 0 0 0 0 0 0 0 0 0 0 0 0 0 0 0 0 0 0 0 0 0 0 0 0 0]
                     [0 0 0 0 0 0 0 0 0 0 0 0 0 0 0 0 0 0 0 1 0 0 0 0 0 0 0 0 0 0 0 0 0 0 0]
                     [0 0 0 0 0 0 0 0 0 0 0 0 0 0 0 0 0 0 1 1 0 0 0 0 0 0 0 0 0 0 0 0 0 1 0]
                     [0 0 0 0 0 0 0 0 0 0 0 0 0 0 0 0 0 0 1 1 0 0 0 0 0 0 0 0 0 0 0 0 1 0 0]
                     [0 0 0 0 0 0 0 0 0 0 0 0 0 0 0 0 0 0 0 0 0 0 0 0 0 0 0 0 0 0 0 1 1 1 0]
                     [0 0 0 0 0 0 0 0 0 0 0 0 0 0 0 0 0 0 0 0 0 0 0 0 0 0 0 0 0 0 0 0 0 0 0]
                     [0 0 0 0 0 0 0 0 0 0 0 0 0 0 0 0 0 0 0 0 0 0 0 0 0 0 0 0 0 0 0 0 0 0 0]
                     [0 0 0 0 0 0 0 0 0 0 0 0 0 0 0 0 0 0 0 0 0 0 0 0 0 0 0 0 0 0 0 0 0 0 0]
                     [0 0 0 0 0 0 0 0 0 0 0 0 0 0 0 0 0 0 0 0 0 0 0 0 0 0 0 0 0 0 0 0 0 0 0]
                     [0 0 0 0 0 0 0 0 0 0 0 0 0 0 0 0 0 0 0 0 0 0 0 0 0 0 0 0 0 0 0 0 0 0 0]
                     [0 0 0 0 0 0 0 0 0 0 0 0 0 0 0 0 0 0 0 0 0 0 0 0 0 0 0 0 0 0 0 0 0 0 0]
                     [0 0 0 0 0 0 0 0 0 0 0 0 0 0 0 0 1 0 0 0 0 0 0 0 0 0 0 0 0 0 0 0 0 0 0]
                     [0 0 0 0 0 0 0 0 0 0 0 0 0 0 4 1 0 0 0 0 0 0 0 0 0 0 0 0 0 0 0 0 0 0 0]
                     [0 0 0 0 0 0 0 0 0 0 0 0 0 0 0 0 1 0 0 0 0 0 0 0 0 0 0 0 0 0 0 0 0 0 0]
                     [0 0 0 0 0 0 0 0 0 0 0 0 0 0 0 0 0 0 0 0 0 0 0 0 0 0 0 0 0 0 0 0 0 0 0]
                     [0 0 0 0 0 0 0 0 0 0 0 0 0 0 0 0 0 0 0 0 0 0 0 0 0 0 0 0 0 0 0 0 0 0 0]
                     [0 0 0 0 0 0 0 0 0 0 0 0 0 0 0 0 0 0 0 0 0 0 0 0 0 0 0 0 0 0 0 0 0 0 0]
                     [0 0 0 0 0 0 0 0 0 0 0 0 0 0 0 0 0 0 0 0 0 0 0 0 0 0 0 0 0 0 0 0 0 0 0]
                     [0 0 0 0 0 0 0 0 1 0 0 0 0 0 0 0 0 0 0 0 0 0 0 0 0 0 0 0 0 0 0 0 0 0 0]
                     [0 0 0 0 0 0 0 0 1 1 0 0 0 0 0 0 0 0 0 0 0 0 0 0 0 0 0 0 0 0 0 0 0 0 0]
                     [0 0 0 0 0 0 0 0 3 0 0 0 0 0 0 0 0 0 0 0 0 0 0 0 0 0 0 0 0 0 0 0 0 0 0]

                     [0 0 0 0 0 0 3 1 3 0 0 0 0 0 0 0 0 0 0 0 0 0 0 0 0 0 0 0 0 0 0 0 0 0 0]
                     [0 0 0 0 0 0 1 1 1 0 0 0 0 0 0 0 0 0 0 0 0 0 0 0 0 0 0 0 0 0 0 0 0 0 0]
                     [0 0 0 0 0 0 0 1 1 0 0 0 0 0 0 0 0 0 0 0 0 0 0 0 0 0 0 0 0 0 0 0 0 0 0]
                     [0 0 0 0 0 0 0 0 0 0 0 0 0 0 0 0 0 0 0 0 0 0 0 0 0 0 0 0 0 0 0 0 0 0 0]
                     [1 0 1 0 0 0 0 0 0 0 0 0 0 0 0 0 0 0 0 0 0 0 0 0 0 0 0 0 0 0 0 0 0 0 0]
                     [0 5 0 0 0 0 0 0 0 0 0 0 0 0 0 0 0 0 0 0 0 0 0 0 0 0 0 0 0 0 0 0 0 0 0]
                     [1 1 0 0 0 0 0 0 0 0 0 0 0 0 0 0 0 0 0 0 0 0 0 0 0 0 0 0 0 0 0 0 0 0 0]
                     [0 0 0 0 0 0 0 0 0 0 0 0 0 0 0 0 0 0 0 0 0 0 0 0 0 0 0 0 0 0 0 0 0 0 0]
                     [0 0 0 0 0 0 0 0 0 0 0 0 0 0 0 0 0 0 0 0 0 0 0 0 0 0 0 0 0 0 0 0 0 0 0]
                     [0 0 0 0 0 0 0 0 0 0 0 0 0 0 0 0 0 0 0 0 0 0 0 0 0 0 0 0 0 0 0 0 0 0 0]
                     [0 0 0 0 0 0 0 0 0 0 0 0 0 0 0 0 0 0 0 0 0 0 0 0 0 0 0 0 0 0 0 0 0 0 0]
                     [0 0 0 0 0 0 0 0 0 0 0 0 0 0 0 0 0 0 0 0 0 0 0 0 0 0 0 0 0 0 0 0 0 0 0]
                     [0 0 0 0 0 0 0 0 0 0 0 0 0 0 0 0 0 0 0 0 0 0 0 0 0 0 0 0 0 0 0 0 0 0 0]
                     [0 0 0 0 0 0 0 0 0 0 0 0 0 0 0 0 0 0 0 0 0 0 0 0 0 0 0 0 0 0 0 0 0 0 0]
                     [0 0 0 0 0 0 0 0 0 0 0 0 0 0 0 0 0 0 0 0 0 0 0 0 0 0 0 0 0 0 0 0 0 0 0]
                     [0 0 0 0 0 0 0 0 0 0 0 0 0 0 0 0 0 0 0 1 0 0 0 0 0 0 0 0 0 0 0 0 0 0 0]
                     [0 0 0 0 0 0 0 0 0 0 0 0 0 0 0 0 0 0 1 1 0 0 0 0 0 0 0 0 0 0 0 0 0 1 0]
                     [0 0 0 0 0 0 0 0 0 0 0 0 0 0 0 0 0 0 1 1 0 0 0 0 0 0 0 0 0 0 0 0 6 0 0]
                     [0 0 0 0 0 0 0 0 0 0 0 0 0 0 0 0 0 0 0 0 0 0 0 0 0 0 0 0 0 0 0 1 1 1 0]
                     [0 0 0 0 0 0 0 0 0 0 0 0 0 0 0 0 0 0 0 0 0 0 0 0 0 0 0 0 0 0 0 0 0 0 0]
                     [0 0 0 0 0 0 0 0 0 0 0 0 0 0 0 0 0 0 0 0 0 0 0 0 0 0 0 0 0 0 0 0 0 0 0]
                     [0 0 0 0 0 0 0 0 0 0 0 0 0 0 0 0 0 0 0 0 0 0 0 0 0 0 0 0 0 0 0 0 0 0 0]
                     [0 0 0 0 0 0 0 0 0 0 0 0 0 0 0 0 0 0 0 0 0 0 0 0 0 0 0 0 0 0 0 0 0 0 0]
                     [0 0 0 0 0 0 0 0 0 0 0 0 0 0 0 0 0 0 0 0 0 0 0 0 0 0 0 0 0 0 0 0 0 0 0]
                     [0 0 0 0 0 0 0 0 0 0 0 0 0 0 0 0 0 0 0 0 0 0 0 0 0 0 0 0 0 0 0 0 0 0 0]
                     [0 0 0 0 0 0 0 0 0 0 0 0 0 0 0 0 1 0 0 0 0 0 0 0 0 0 0 0 0 0 0 0 0 0 0]
                     [0 0 0 0 0 0 0 0 0 0 0 0 0 0 4 1 0 0 0 0 0 0 0 0 0 0 0 0 0 0 0 0 0 0 0]
                     [0 0 0 0 0 0 0 0 0 0 0 0 0 0 0 0 1 0 0 0 0 0 0 0 0 0 0 0 0 0 0 0 0 0 0]
                     [0 0 0 0 0 0 0 0 0 0 0 0 0 0 0 0 0 0 0 0 0 0 0 0 0 0 0 0 0 0 0 0 0 0 0]
                     [0 0 0 0 0 0 0 0 0 0 0 0 0 0 0 0 0 0 0 0 0 0 0 0 0 0 0 0 0 0 0 0 0 0 0]
                     [0 0 0 0 0 0 0 0 0 0 0 0 0 0 0 0 0 0 0 0 0 0 0 0 0 0 0 0 0 0 0 0 0 0 0]
                     [0 0 0 0 0 0 0 0 0 0 0 0 0 0 0 0 0 0 0 0 0 0 0 0 0 0 0 0 0 0 0 0 0 0 0]
                     [0 0 0 0 0 0 0 0 1 0 0 0 0 0 0 0 0 0 0 0 0 0 0 0 0 0 0 0 0 0 0 0 0 0 0]
                     [0 0 0 0 0 0 0 0 1 1 0 0 0 0 0 0 0 0 0 0 0 0 0 0 0 0 0 0 0 0 0 0 0 0 0]
                     [0 0 0 0 0 0 0 0 3 0 0 0 0 0 0 0 0 0 0 0 0 0 0 0 0 0 0 0 0 0 0 0 0 0 0]

                     [0 0 0 0 0 0 3 5 3 0 0 0 0 0 0 0 0 0 0 0 0 0 0 0 0 0 0 0 0 0 0 0 0 0 0]
                     [0 0 0 0 0 0 5 2 1 0 0 0 0 0 0 0 0 0 0 0 0 0 0 0 0 0 0 0 0 0 0 0 0 0 0]
                     [0 0 0 0 0 0 0 1 1 0 0 0 0 0 0 0 0 0 0 0 0 0 0 0 0 0 0 0 0 0 0 0 0 0 0]
                     [0 0 0 0 0 0 0 0 0 0 0 0 4 0 0 0 0 0 0 0 0 0 0 0 0 0 0 0 0 0 0 0 0 0 0]
                     [1 0 1 0 0 0 0 0 0 0 0 0 0 0 0 0 0 0 0 0 0 0 0 0 0 0 0 0 0 0 0 0 0 0 0]
                     [0 5 0 0 0 0 0 0 0 0 0 0 0 0 0 0 0 0 0 0 0 0 0 0 0 0 0 0 0 0 0 0 0 0 0]
                     [1 1 0 0 0 0 0 0 0 0 0 0 0 0 0 0 0 0 0 0 0 0 0 0 0 0 0 0 0 0 0 0 0 0 0]
                     [0 0 0 0 0 0 0 0 0 0 0 0 0 0 0 0 0 0 0 0 0 0 0 0 0 0 0 0 0 0 0 0 0 0 0]
                     [0 0 0 0 0 0 0 0 0 0 0 0 0 0 0 0 0 0 0 0 0 0 0 0 0 0 0 0 0 0 0 0 0 0 0]
                     [0 0 0 0 0 0 0 0 0 0 0 0 0 0 0 0 0 0 0 0 0 0 0 0 0 0 0 0 0 0 0 0 0 0 0]
                     [0 0 0 0 0 0 0 0 0 0 0 0 0 0 0 0 0 0 0 0 0 0 0 0 0 0 0 0 0 0 0 0 0 0 0]
                     [0 0 0 0 0 0 0 0 0 0 0 0 0 0 0 0 0 0 0 0 0 0 0 0 0 0 0 0 0 0 0 0 0 0 0]
                     [0 0 0 0 0 0 0 0 0 0 0 0 0 0 0 0 0 0 0 0 0 0 0 0 0 0 0 0 0 0 0 0 0 0 0]
                     [0 0 0 0 0 0 0 0 0 0 0 0 0 0 0 0 0 0 0 0 0 0 0 0 0 0 0 0 0 0 0 0 0 0 0]
                     [0 0 0 0 0 0 0 0 0 0 0 0 0 0 0 0 0 0 0 0 0 0 0 0 0 0 0 0 0 0 0 0 0 0 0]
                     [0 0 0 0 0 0 0 0 0 0 0 0 0 0 0 0 0 0 0 1 0 0 0 0 0 0 0 0 0 0 0 0 0 0 0]
                     [0 0 0 0 0 0 0 0 0 0 0 0 0 0 0 0 0 0 5 1 0 0 0 0 0 0 0 0 0 0 0 0 0 1 0]
                     [0 0 0 0 0 0 0 0 0 0 0 0 0 0 0 0 0 0 1 1 0 0 0 0 0 0 0 0 0 0 0 0 5 0 0]
                     [0 0 0 0 0 0 0 0 0 0 0 0 0 0 0 0 0 0 0 0 0 0 0 0 0 0 0 0 0 0 0 1 1 1 0]
                     [0 0 0 0 0 0 0 0 0 0 0 0 0 0 0 0 0 0 0 0 0 0 0 0 0 0 0 0 0 0 0 0 0 0 0]
                     [0 0 0 0 0 0 0 0 0 0 0 0 0 0 0 0 0 0 0 0 0 0 0 0 0 0 0 0 0 0 0 0 0 0 0]
                     [0 0 0 0 0 0 0 0 0 0 0 0 0 0 0 0 0 0 0 0 0 0 0 0 0 0 0 0 0 0 0 0 0 0 0]
                     [0 0 0 0 0 0 0 0 0 0 0 0 0 0 0 0 0 0 0 0 0 0 0 0 0 0 0 0 0 0 0 0 0 0 0]
                     [0 0 0 0 0 0 0 0 0 0 0 0 0 0 0 0 0 0 0 0 0 0 0 0 0 0 0 0 0 0 0 0 0 0 0]
                     [0 0 0 0 0 0 0 0 0 0 0 0 0 0 0 0 0 0 0 0 0 0 0 0 0 0 0 0 0 0 0 0 0 0 0]
                     [0 0 0 0 0 0 0 0 0 0 0 0 0 0 0 0 1 0 0 0 0 0 0 0 0 0 0 0 0 0 0 0 0 0 0]
                     [0 0 0 0 0 0 0 0 0 0 0 0 0 0 4 1 0 0 0 0 0 0 0 0 0 0 0 0 0 0 0 0 0 0 0]
                     [0 0 0 0 0 0 0 0 0 0 0 0 0 0 0 0 1 0 0 0 0 0 0 0 0 0 0 0 0 0 0 0 0 0 0]
                     [0 0 0 0 0 0 0 0 0 0 0 0 0 0 0 0 0 0 0 0 0 0 0 0 0 0 0 0 0 0 0 0 0 0 0]
                     [0 0 0 0 0 0 0 0 0 0 4 0 0 0 0 0 0 0 0 0 0 0 0 0 0 0 0 0 0 0 0 0 0 0 0]
                     [0 0 0 0 0 0 0 0 0 0 0 0 0 0 0 0 0 0 0 0 0 0 0 0 0 0 0 0 0 0 0 0 0 0 0]
                     [0 0 0 4 0 0 0 0 0 0 0 0 0 0 0 0 0 0 0 0 0 0 0 0 0 0 0 0 0 0 0 0 0 0 0]
                     [0 0 0 0 0 0 0 0 1 0 0 0 0 0 0 0 0 0 0 0 0 0 0 0 0 0 0 0 0 0 0 0 0 0 0]
                     [0 0 0 0 0 0 0 0 1 1 0 0 0 0 0 0 0 0 0 0 0 0 0 0 0 0 0 0 0 0 0 0 0 0 0]
                     [0 0 0 0 0 0 0 0 3 0 0 0 0 0 0 0 0 0 0 0 0 0 0 0 0 0 0 0 0 0 0 0 0 0 0]

                     [0 0 0 0 0 0 3 5 3 0 0 0 0 0 0 0 0 0 0 0 0 0 0 0 0 0 0 0 0 0 0 0 0 0 0]
                     [0 0 0 0 0 0 5 2 1 0 0 0 0 0 0 0 0 0 0 0 0 0 0 0 0 0 0 0 0 0 0 0 0 0 0]
                     [0 0 0 0 0 0 0 1 1 0 0 0 0 0 0 0 0 0 0 0 0 0 0 0 0 0 0 0 0 0 0 0 0 0 0]
                     [0 0 0 0 0 0 0 0 0 0 0 0 4 0 0 0 0 0 0 0 0 0 0 0 0 0 0 0 0 0 0 0 0 0 0]
                     [1 0 1 0 0 0 0 0 0 0 0 0 0 0 0 0 0 0 0 0 0 0 0 0 0 0 0 0 0 0 0 0 0 0 0]
                     [0 6 0 0 0 0 0 0 0 0 0 0 0 0 0 0 0 0 0 0 0 0 0 0 0 0 0 0 0 0 0 0 0 0 0]
                     [1 1 0 0 0 0 0 0 0 0 0 0 0 0 0 0 0 0 0 0 0 0 0 0 0 0 0 0 0 0 0 0 0 0 0]
                     [0 0 0 0 0 0 0 0 0 0 0 0 0 0 0 0 0 0 0 0 0 0 0 0 0 0 0 0 0 0 0 0 0 0 0]
                     [0 0 0 0 0 0 0 0 0 0 0 0 0 0 0 0 0 0 0 0 0 0 0 0 0 0 0 0 0 0 0 0 0 0 0]
                     [0 0 0 0 0 0 0 0 0 0 0 0 0 0 0 0 0 0 0 0 0 0 0 0 0 0 0 0 0 0 0 0 0 0 0]
                     [0 0 0 0 0 0 0 0 0 0 0 0 0 0 0 0 0 0 0 0 0 0 0 0 0 0 0 0 0 0 0 0 0 0 0]
                     [0 0 0 0 0 0 0 0 0 0 0 0 0 0 0 0 0 0 0 0 0 0 0 0 0 0 0 0 0 0 0 0 0 0 0]
                     [0 0 0 0 0 0 0 0 0 0 0 0 0 0 0 0 0 0 0 0 0 0 0 0 0 0 0 0 0 0 0 0 0 0 0]
                     [0 0 0 0 0 0 0 0 0 0 0 0 0 0 0 0 0 0 0 0 0 0 0 0 0 0 0 0 0 0 0 0 0 0 0]
                     [0 0 0 0 0 0 0 0 0 0 0 0 0 0 0 0 0 0 0 0 0 0 0 0 0 0 0 0 0 0 0 0 0 0 0]
                     [0 0 0 0 0 0 0 0 0 0 0 0 0 0 0 0 0 0 0 1 0 0 0 0 0 0 0 0 0 0 0 0 0 0 0]
                     [0 0 0 0 0 0 0 0 0 0 0 0 0 0 0 0 0 0 6 1 0 0 0 0 0 0 0 0 0 0 0 0 0 1 0]
                     [0 0 0 0 0 0 0 0 0 0 0 0 0 0 0 0 0 0 1 1 0 0 0 0 0 0 0 0 0 0 0 0 6 0 0]
                     [0 0 0 0 0 0 0 0 0 0 0 0 0 0 0 0 0 0 0 0 0 0 0 0 0 0 0 0 0 0 0 1 1 1 0]
                     [0 0 0 0 0 0 0 0 0 0 0 0 0 0 0 0 0 0 0 0 0 0 0 0 0 0 0 0 0 0 0 0 0 0 0]
                     [0 0 0 0 0 0 0 0 0 0 0 0 0 0 0 0 0 0 0 0 0 0 0 0 0 0 0 0 0 0 0 0 0 0 0]
                     [0 0 0 0 0 0 0 0 0 0 0 0 0 0 0 0 0 0 0 0 0 0 0 0 0 0 0 0 0 0 0 0 0 0 0]
                     [0 0 0 0 0 0 0 0 0 0 0 0 0 0 0 0 0 0 0 0 0 0 0 0 0 0 0 0 0 0 0 0 0 0 0]
                     [0 0 0 0 0 0 0 0 0 0 0 0 0 0 0 0 0 0 0 0 0 0 0 0 0 0 0 0 0 0 0 0 0 0 0]
                     [0 0 0 0 0 0 0 0 0 0 0 0 0 0 0 0 0 0 0 0 0 0 0 0 0 0 0 0 0 0 0 0 0 0 0]
                     [0 0 0 0 0 0 0 0 0 0 0 0 0 0 0 0 1 0 0 0 0 0 0 0 0 0 0 0 0 0 0 0 0 0 0]
                     [0 0 0 0 0 0 0 0 0 0 0 0 0 0 4 1 0 0 0 0 0 0 0 0 0 0 0 0 0 0 0 0 0 0 0]
                     [0 0 0 0 0 0 0 0 0 0 0 0 0 0 0 0 1 0 0 0 0 0 0 0 0 0 0 0 0 0 0 0 0 0 0]
                     [0 0 0 0 0 0 0 0 0 0 0 0 0 0 0 0 0 0 0 0 0 0 0 0 0 0 0 0 0 0 0 0 0 0 0]
                     [0 0 0 0 0 0 0 0 0 0 4 0 0 0 0 0 0 0 0 0 0 0 0 0 0 0 0 0 0 0 0 0 0 0 0]
                     [0 0 0 0 0 0 0 0 0 0 0 0 0 0 0 0 0 0 0 0 0 0 0 0 0 0 0 0 0 0 0 0 0 0 0]
                     [0 0 0 4 0 0 0 0 0 0 0 0 0 0 0 0 0 0 0 0 0 0 0 0 0 0 0 0 0 0 0 0 0 0 0]
                     [0 0 0 0 0 0 0 0 1 0 0 0 0 0 0 0 0 0 0 0 0 0 0 0 0 0 0 0 0 0 0 0 0 0 0]
                     [0 0 0 0 0 0 0 0 1 1 0 0 0 0 0 0 0 0 0 0 0 0 0 0 0 0 0 0 0 0 0 0 0 0 0]
                     [0 0 0 0 0 0 0 0 3 0 0 0 0 0 0 0 0 0 0 0 0 0 0 0 0 0 0 0 0 0 0 0 0 0 0]

                     [0 0 0 0 0 1 3 5 3 3 0 0 0 0 0 0 0 0 0 0 0 0 0 0 0 0 0 0 0 0 0 0 0 0 0]
                     [0 0 0 0 0 0 5 2 1 1 0 0 0 0 0 0 0 0 0 0 0 0 0 0 0 0 0 0 0 0 0 0 0 0 0]
                     [0 0 0 0 0 0 1 2 1 3 0 0 0 0 0 0 0 0 0 0 0 0 0 0 0 0 0 0 0 0 0 0 0 0 0]
                     [0 1 1 1 0 0 0 0 1 1 0 0 4 0 0 0 0 0 0 0 0 0 0 0 0 0 0 0 0 0 0 0 0 0 0]
                     [1 3 1 0 0 0 0 0 0 0 0 0 0 0 0 0 0 0 0 0 0 0 0 0 0 0 0 0 0 0 0 0 0 0 0]
                     [3 5 1 1 0 0 0 0 0 0 0 0 0 0 0 0 0 0 0 0 0 0 0 0 0 0 0 0 0 0 0 0 0 0 0]
                     [1 1 1 0 0 0 0 0 0 0 0 0 0 0 0 0 0 0 0 0 0 0 0 0 0 0 0 0 0 0 0 0 0 0 0]
                     [1 0 0 0 0 0 0 0 0 0 0 0 0 0 0 0 0 0 0 0 0 0 0 0 0 0 0 0 0 0 0 0 0 0 0]
                     [0 0 0 0 0 0 0 0 0 0 0 0 0 0 0 0 0 0 0 0 0 0 0 0 0 0 0 0 0 0 0 0 0 0 0]
                     [0 0 0 0 0 0 0 0 0 0 0 0 0 0 0 0 0 0 0 0 0 0 0 0 0 0 0 0 0 0 0 0 0 0 0]
                     [0 0 0 0 0 0 0 0 0 0 0 0 0 0 0 0 0 0 0 0 0 0 0 0 0 0 0 0 0 0 0 0 0 0 0]
                     [0 0 0 0 0 0 0 0 0 0 0 0 0 0 0 0 0 0 0 0 0 0 0 0 0 0 0 0 0 0 0 0 0 0 0]
                     [0 0 0 0 0 0 0 0 0 0 0 0 0 0 0 0 0 0 0 0 0 0 0 0 0 0 0 0 0 0 0 0 0 0 0]
                     [0 0 0 0 0 0 0 0 0 0 0 0 0 0 0 0 0 0 0 0 0 0 0 0 0 0 0 0 0 0 0 0 0 0 0]
                     [0 0 0 0 0 0 0 0 0 0 0 0 0 0 0 0 0 0 1 1 1 0 0 0 0 0 0 0 0 0 0 0 0 0 0]
                     [0 0 0 0 0 0 0 0 0 0 0 0 0 0 0 0 0 0 0 1 1 0 0 0 0 0 0 0 0 0 0 0 0 0 1]
                     [0 0 0 0 0 0 0 0 0 0 0 0 0 0 0 0 0 1 5 1 3 0 0 0 0 0 0 0 0 0 0 1 1 1 0]
                     [0 0 0 0 0 0 0 0 0 0 0 0 0 0 0 0 0 1 1 1 1 0 0 0 0 0 0 0 0 0 1 0 5 3 0]
                     [0 0 0 0 0 0 0 0 0 0 0 0 0 0 0 0 0 0 1 3 0 0 0 0 0 0 0 0 0 0 1 1 1 1 3]
                     [0 0 0 0 0 0 0 0 0 0 0 0 0 0 0 0 0 0 0 0 0 0 0 0 0 0 0 0 0 0 0 1 3 1 1]
                     [0 0 0 0 0 0 0 0 0 0 0 0 0 0 0 0 0 0 0 0 0 0 0 0 0 0 0 0 0 0 0 0 0 0 0]
                     [0 0 0 0 0 0 0 0 0 0 0 0 0 0 0 0 0 0 0 0 0 0 0 0 0 0 0 0 0 0 0 0 0 0 0]
                     [0 0 0 0 0 0 0 0 0 0 0 0 0 0 0 0 0 0 0 0 0 0 0 0 0 0 0 0 0 0 0 0 0 0 0]
                     [0 0 0 0 0 0 0 0 0 0 0 0 0 0 0 0 0 0 0 0 0 0 0 0 0 0 0 0 0 0 0 0 0 0 0]
                     [0 0 0 0 0 0 0 0 0 0 0 0 0 0 0 0 0 0 0 0 0 0 0 0 0 0 0 0 0 0 0 0 0 0 0]
                     [0 0 0 0 0 0 0 0 0 0 0 0 0 0 1 1 1 1 0 0 0 0 0 0 0 0 0 0 0 0 0 0 0 0 0]
                     [0 0 0 0 0 0 0 0 0 0 0 0 0 0 1 1 0 1 0 0 0 0 0 0 0 0 0 0 0 0 0 0 0 0 0]
                     [0 0 0 0 0 0 0 0 0 0 0 0 0 0 0 1 1 1 0 0 0 0 0 0 0 0 0 0 0 0 0 0 0 0 0]
                     [0 0 0 0 0 0 0 0 0 0 0 0 0 0 0 1 0 0 0 0 0 0 0 0 0 0 0 0 0 0 0 0 0 0 0]
                     [0 0 0 0 0 0 0 0 0 0 4 0 0 0 0 0 0 0 0 0 0 0 0 0 0 0 0 0 0 0 0 0 0 0 0]
                     [0 0 0 0 0 0 0 0 0 0 0 0 0 0 0 0 0 0 0 0 0 0 0 0 0 0 0 0 0 0 0 0 0 0 0]
                     [0 0 0 4 0 0 0 1 0 1 0 0 0 0 0 0 0 0 0 0 0 0 0 0 0 0 0 0 0 0 0 0 0 0 0]
                     [0 0 0 0 0 0 0 1 1 0 1 0 0 0 0 0 0 0 0 0 0 0 0 0 0 0 0 0 0 0 0 0 0 0 0]
                     [0 0 0 0 0 0 0 1 1 2 0 0 0 0 0 0 0 0 0 0 0 0 0 0 0 0 0 0 0 0 0 0 0 0 0]
                     [0 0 0 0 0 0 0 3 3 3 1 0 0 0 0 0 0 0 0 0 0 0 0 0 0 0 0 0 0 0 0 0 0 0 0]

                     [0 0 0 0 0 1 3 5 3 3 0 0 0 0 0 0 0 0 0 0 0 0 0 0 0 0 0 0 0 0 0 0 0 0 4]
                     [0 0 0 0 0 0 5 2 1 5 0 0 0 0 0 0 0 0 0 0 0 0 0 0 0 0 0 0 0 0 0 0 0 0 0]
                     [0 0 0 0 0 0 1 2 5 3 0 0 0 0 0 0 0 0 0 0 0 0 0 0 0 0 0 0 0 0 0 0 0 0 0]
                     [0 1 5 1 0 0 0 0 1 1 0 0 4 0 0 0 0 0 0 0 0 0 0 0 0 0 0 0 0 0 0 0 0 0 0]
                     [1 3 5 0 0 0 0 0 0 0 0 4 0 0 0 0 0 0 0 0 0 0 0 0 0 0 0 0 0 0 0 0 0 0 0]
                     [3 2 1 1 0 0 0 0 0 0 0 0 0 0 0 0 0 0 0 0 0 0 0 0 0 0 0 0 0 0 0 0 0 0 0]
                     [5 1 1 0 0 0 0 0 0 0 0 0 0 0 0 0 0 0 0 0 0 0 0 0 0 0 0 0 0 0 0 0 0 0 0]
                     [5 0 0 0 0 0 0 0 0 0 0 0 0 0 0 0 0 0 0 0 0 0 0 0 0 0 0 0 0 0 0 0 0 0 0]
                     [0 4 0 0 0 0 0 0 0 0 0 0 0 0 0 0 0 0 0 0 4 0 0 0 0 0 0 0 0 0 0 0 0 0 0]
                     [0 0 0 0 0 0 0 0 0 0 0 0 0 0 0 0 0 0 0 0 0 0 0 0 0 0 0 0 0 0 0 0 0 0 0]
                     [0 0 0 4 0 0 0 0 0 0 0 0 0 0 0 0 0 0 0 0 0 0 0 0 0 0 0 0 0 0 0 0 0 0 0]
                     [0 0 0 0 0 0 0 0 0 0 0 0 0 0 0 0 0 0 0 0 0 0 0 0 0 0 0 0 0 0 0 0 0 0 0]
                     [0 0 0 0 0 0 0 0 0 0 0 0 0 0 0 0 0 0 0 0 0 0 0 0 0 0 0 0 0 0 0 0 0 4 0]
                     [0 0 0 0 0 0 0 0 0 0 0 0 0 0 0 0 0 0 0 0 0 0 0 0 0 0 0 0 0 0 0 0 0 0 0]
                     [0 0 0 0 0 0 0 0 0 0 0 0 0 0 0 0 0 0 1 1 1 0 0 0 0 0 0 0 0 0 0 0 0 0 0]
                     [0 0 0 0 0 0 0 0 0 0 0 0 0 0 0 0 0 0 0 2 1 0 0 0 0 0 0 0 0 0 0 0 0 0 1]
                     [0 0 0 0 0 0 0 0 0 0 0 0 0 0 0 0 0 1 6 1 3 0 0 0 0 0 0 0 0 0 0 1 1 5 0]
                     [0 0 0 0 0 0 0 0 0 0 0 0 0 0 0 0 0 1 1 5 5 0 0 0 0 0 0 0 0 0 5 0 2 3 0]
                     [0 0 0 0 0 0 0 0 0 0 0 0 0 0 0 0 0 0 1 3 0 0 0 0 0 0 0 0 0 0 1 5 5 2 3]
                     [0 0 0 0 0 0 0 0 0 0 0 0 0 0 0 0 0 0 0 0 0 0 0 0 0 0 0 0 0 0 0 1 3 1 1]
                     [0 0 0 0 0 0 0 0 0 0 0 0 0 0 0 0 0 0 0 0 0 0 0 0 0 0 0 0 0 0 0 0 0 0 0]
                     [0 0 0 0 0 0 0 0 0 0 0 0 0 0 0 0 0 0 0 0 0 0 0 0 0 0 0 0 0 0 0 0 0 0 0]
                     [0 0 0 0 0 0 0 0 0 0 0 0 0 0 0 0 0 0 0 0 0 0 0 0 0 0 0 0 0 0 0 0 0 0 0]
                     [0 0 0 0 0 0 0 0 0 0 0 0 0 0 0 0 0 0 0 0 0 0 0 0 0 0 0 0 0 0 0 0 0 0 0]
                     [0 0 0 0 0 0 0 0 0 0 0 0 0 0 0 0 0 0 0 0 0 0 0 0 0 0 0 0 0 0 0 0 0 0 0]
                     [0 0 0 0 0 0 0 0 0 0 0 0 0 0 1 5 1 1 0 0 0 0 0 0 0 0 0 0 0 0 0 0 0 0 0]
                     [0 0 0 0 0 0 0 0 0 0 0 0 0 0 1 2 0 1 0 0 0 0 0 0 0 0 0 0 0 0 0 0 0 0 0]
                     [0 0 0 0 0 0 0 0 0 0 0 0 0 0 0 5 5 1 0 0 0 0 0 0 0 0 0 0 0 0 0 0 0 0 0]
                     [0 0 0 0 0 0 0 0 0 0 0 0 0 0 0 1 0 0 0 0 0 0 0 0 0 0 0 0 0 0 0 0 0 0 0]
                     [0 0 0 0 0 0 0 0 0 0 4 0 0 0 0 0 0 0 0 0 0 0 0 0 0 0 0 0 0 0 0 0 0 0 0]
                     [0 0 0 0 0 0 0 0 0 0 0 0 0 0 0 0 0 0 0 0 0 0 0 0 4 0 0 0 0 0 0 0 0 0 0]
                     [0 0 0 4 0 0 0 5 0 1 0 0 0 0 0 0 0 0 0 0 0 0 0 0 0 0 0 0 0 0 0 0 0 0 0]
                     [0 0 0 0 0 0 0 5 6 0 1 0 0 0 0 0 0 0 0 0 0 0 0 0 0 0 0 0 0 0 0 0 0 0 0]
                     [0 0 0 0 0 0 0 5 1 2 0 0 0 0 0 0 0 0 0 0 0 0 0 0 0 0 0 0 0 0 0 0 0 0 0]
                     [0 0 0 4 0 0 0 3 3 3 1 0 0 0 0 0 0 0 0 0 0 0 0 0 0 0 0 0 0 0 0 0 0 0 0]

                     [0 0 0 0 0 1 3 5 3 3 0 0 0 0 0 0 0 0 0 0 0 0 0 0 0 0 0 0 0 0 0 0 0 0 4]
                     [0 0 0 0 0 0 5 2 1 5 0 0 0 0 0 0 0 0 0 0 0 0 0 0 0 0 0 0 0 0 0 0 0 0 0]
                     [0 0 0 0 0 0 1 2 5 3 0 0 0 0 0 0 0 0 0 0 0 0 0 0 0 0 0 0 0 0 0 0 0 0 0]
                     [0 1 5 1 0 0 0 0 1 1 0 0 4 0 0 0 0 0 0 0 0 0 0 0 0 0 0 0 0 0 0 0 0 0 0]
                     [1 3 5 0 0 0 0 0 0 0 0 4 0 0 0 0 0 0 0 0 0 0 0 0 0 0 0 0 0 0 0 0 0 0 0]
                     [3 2 1 1 0 0 0 0 0 0 0 0 0 0 0 0 0 0 0 0 0 0 0 0 0 0 0 0 0 0 0 0 0 0 0]
                     [5 1 1 0 0 0 0 0 0 0 0 0 0 0 0 0 0 0 0 0 0 0 0 0 0 0 0 0 0 0 0 0 0 0 0]
                     [5 0 0 0 0 0 0 0 0 0 0 0 0 0 0 0 0 0 0 0 0 0 0 0 0 0 0 0 0 0 0 0 0 0 0]
                     [0 4 0 0 0 0 0 0 0 0 0 0 0 0 0 0 0 0 0 0 4 0 0 0 0 0 0 0 0 0 0 0 0 0 0]
                     [0 0 0 0 0 0 0 0 0 0 0 0 0 0 0 0 0 0 0 0 0 0 0 0 0 0 0 0 0 0 0 0 0 0 0]
                     [0 0 0 4 0 0 0 0 0 0 0 0 0 0 0 0 0 0 0 0 0 0 0 0 0 0 0 0 0 0 0 0 0 0 0]
                     [0 0 0 0 0 0 0 0 0 0 0 0 0 0 0 0 0 0 0 0 0 0 0 0 0 0 0 0 0 0 0 0 0 0 0]
                     [0 0 0 0 0 0 0 0 0 0 0 0 0 0 0 0 0 0 0 0 0 0 0 0 0 0 0 0 0 0 0 0 0 4 0]
                     [0 0 0 0 0 0 0 0 0 0 0 0 0 0 0 0 0 0 0 0 0 0 0 0 0 0 0 0 0 0 0 0 0 0 0]
                     [0 0 0 0 0 0 0 0 0 0 0 0 0 0 0 0 0 0 1 1 1 0 0 0 0 0 0 0 0 0 0 0 0 0 0]
                     [0 0 0 0 0 0 0 0 0 0 0 0 0 0 0 0 0 0 0 2 1 0 0 0 0 0 0 0 0 0 0 0 0 0 1]
                     [0 0 0 0 0 0 0 0 0 0 0 0 0 0 0 0 0 1 5 2 3 0 0 0 0 0 0 0 0 0 0 1 1 5 0]
                     [0 0 0 0 0 0 0 0 0 0 0 0 0 0 0 0 0 1 1 5 5 0 0 0 0 0 0 0 0 0 5 0 2 3 0]
                     [0 0 0 0 0 0 0 0 0 0 0 0 0 0 0 0 0 0 1 3 0 0 0 0 0 0 0 0 0 0 1 5 5 2 3]
                     [0 0 0 0 0 0 0 0 0 0 0 0 0 0 0 0 0 0 0 0 0 0 0 0 0 0 0 0 0 0 0 1 3 1 1]
                     [0 0 0 0 0 0 0 0 0 0 0 0 0 0 0 0 0 0 0 0 0 0 0 0 0 0 0 0 0 0 0 0 0 0 0]
                     [0 0 0 0 0 0 0 0 0 0 0 0 0 0 0 0 0 0 0 0 0 0 0 0 0 0 0 0 0 0 0 0 0 0 0]
                     [0 0 0 0 0 0 0 0 0 0 0 0 0 0 0 0 0 0 0 0 0 0 0 0 0 0 0 0 0 0 0 0 0 0 0]
                     [0 0 0 0 0 0 0 0 0 0 0 0 0 0 0 0 0 0 0 0 0 0 0 0 0 0 0 0 0 0 0 0 0 0 0]
                     [0 0 0 0 0 0 0 0 0 0 0 0 0 0 0 0 0 0 0 0 0 0 0 0 0 0 0 0 0 0 0 0 0 0 0]
                     [0 0 0 0 0 0 0 0 0 0 0 0 0 0 1 5 1 1 0 0 0 0 0 0 0 0 0 0 0 0 0 0 0 0 0]
                     [0 0 0 0 0 0 0 0 0 0 0 0 0 0 1 2 0 1 0 0 0 0 0 0 0 0 0 0 0 0 0 0 0 0 0]
                     [0 0 0 0 0 0 0 0 0 0 0 0 0 0 0 5 2 1 0 0 0 0 0 0 0 0 0 0 0 0 0 0 0 0 0]
                     [0 0 0 0 0 0 0 0 0 0 0 0 0 0 0 1 0 0 0 0 0 0 0 0 0 0 0 0 0 0 0 0 0 0 0]
                     [0 0 0 0 0 0 0 0 0 0 4 0 0 0 0 0 0 0 0 0 0 0 0 0 0 0 0 0 0 0 0 0 0 0 0]
                     [0 0 0 0 0 0 0 0 0 0 0 0 0 0 0 0 0 0 0 0 0 0 0 0 4 0 0 0 0 0 0 0 0 0 0]
                     [0 0 0 4 0 0 0 5 0 1 0 0 0 0 0 0 0 0 0 0 0 0 0 0 0 0 0 0 0 0 0 0 0 0 0]
                     [0 0 0 0 0 0 0 5 5 0 1 0 0 0 0 0 0 0 0 0 0 0 0 0 0 0 0 0 0 0 0 0 0 0 0]
                     [0 0 0 0 0 0 0 5 2 2 0 0 0 0 0 0 0 0 0 0 0 0 0 0 0 0 0 0 0 0 0 0 0 0 0]
                     [0 0 0 4 0 0 0 3 3 3 1 0 0 0 0 0 0 0 0 0 0 0 0 0 0 0 0 0 0 0 0 0 0 0 0]

                     [0 0 0 0 0 1 3 5 3 3 0 0 0 0 0 0 0 0 0 0 0 0 0 0 0 0 0 0 0 0 0 0 0 0 4]
                     [0 0 0 0 0 0 5 2 2 5 0 0 0 0 0 0 0 0 0 0 0 0 0 0 0 0 0 0 0 0 0 0 0 0 0]
                     [0 0 0 0 0 0 1 2 2 3 0 0 0 0 0 0 0 0 0 0 0 0 0 0 0 0 0 0 0 0 0 0 0 0 0]
                     [0 1 5 1 0 0 0 0 1 1 0 0 4 0 0 0 0 0 0 0 0 0 0 0 0 0 0 0 0 0 0 0 0 0 0]
                     [1 3 5 0 0 0 0 0 0 0 0 4 0 0 0 0 0 0 0 0 0 0 0 0 0 0 0 0 0 0 0 0 0 0 0]
                     [3 2 1 1 0 0 0 0 0 0 0 0 0 0 0 0 0 0 0 0 0 0 0 0 0 0 0 0 0 0 0 0 0 0 0]
                     [5 1 1 0 0 0 0 0 0 0 0 0 0 0 0 0 0 0 0 0 0 0 0 0 0 0 0 0 0 0 0 0 0 0 0]
                     [5 0 0 0 0 0 0 0 0 0 0 0 0 0 0 0 0 0 0 0 0 0 0 0 0 0 0 0 0 0 0 0 0 0 0]
                     [0 4 0 0 0 0 0 0 0 0 0 0 0 0 0 0 0 0 0 0 4 0 0 0 0 0 0 0 0 0 0 0 0 0 0]
                     [0 0 0 0 0 0 0 0 0 0 0 0 0 0 0 0 0 0 0 0 0 0 0 0 0 0 0 0 0 0 0 0 0 0 0]
                     [0 0 0 4 0 0 0 0 0 0 0 0 0 0 0 0 0 0 0 0 0 0 0 0 0 0 0 0 0 0 0 0 0 0 0]
                     [0 0 0 0 0 0 0 0 0 0 0 0 0 0 0 0 0 0 0 0 0 0 0 0 0 0 0 0 0 0 0 0 0 0 0]
                     [0 0 0 0 0 0 0 0 0 0 0 0 0 0 0 0 0 0 0 0 0 0 0 0 0 0 0 0 0 0 0 0 0 4 0]
                     [0 0 0 0 0 0 0 0 0 0 0 0 0 0 0 0 0 0 0 0 0 0 0 0 0 0 0 0 0 0 0 0 0 0 0]
                     [0 0 0 0 0 0 0 0 0 0 0 0 0 0 0 0 0 0 1 1 1 0 0 0 0 0 0 0 0 0 0 0 0 0 0]
                     [0 0 0 0 0 0 0 0 0 0 0 0 0 0 0 0 0 0 0 2 1 0 0 0 0 0 0 0 0 0 0 0 0 0 1]
                     [0 0 0 0 0 0 0 0 0 0 0 0 0 0 0 0 0 1 2 2 3 0 0 0 0 0 0 0 0 0 0 1 1 5 0]
                     [0 0 0 0 0 0 0 0 0 0 0 0 0 0 0 0 0 1 1 2 5 0 0 0 0 0 0 0 0 0 5 0 2 3 0]
                     [0 0 0 0 0 0 0 0 0 0 0 0 0 0 0 0 0 0 1 3 0 0 0 0 0 0 0 0 0 0 1 5 5 2 3]
                     [0 0 0 0 0 0 0 0 0 0 0 0 0 0 0 0 0 0 0 0 0 0 0 0 0 0 0 0 0 0 0 1 3 1 1]
                     [0 0 0 0 0 0 0 0 0 0 0 0 0 0 0 0 0 0 0 0 0 0 0 0 0 0 0 0 0 0 0 0 0 0 0]
                     [0 0 0 0 0 0 0 0 0 0 0 0 0 0 0 0 0 0 0 0 0 0 0 0 0 0 0 0 0 0 0 0 0 0 0]
                     [0 0 0 0 0 0 0 0 0 0 0 0 0 0 0 0 0 0 0 0 0 0 0 0 0 0 0 0 0 0 0 0 0 0 0]
                     [0 0 0 0 0 0 0 0 0 0 0 0 0 0 0 0 0 0 0 0 0 0 0 0 0 0 0 0 0 0 0 0 0 0 0]
                     [0 0 0 0 0 0 0 0 0 0 0 0 0 0 0 0 0 0 0 0 0 0 0 0 0 0 0 0 0 0 0 0 0 0 0]
                     [0 0 0 0 0 0 0 0 0 0 0 0 0 0 1 5 1 1 0 0 0 0 0 0 0 0 0 0 0 0 0 0 0 0 0]
                     [0 0 0 0 0 0 0 0 0 0 0 0 0 0 1 2 0 1 0 0 0 0 0 0 0 0 0 0 0 0 0 0 0 0 0]
                     [0 0 0 0 0 0 0 0 0 0 0 0 0 0 0 5 2 1 0 0 0 0 0 0 0 0 0 0 0 0 0 0 0 0 0]
                     [0 0 0 0 0 0 0 0 0 0 0 0 0 0 0 1 0 0 0 0 0 0 0 0 0 0 0 0 0 0 0 0 0 0 0]
                     [0 0 0 0 0 0 0 0 0 0 4 0 0 0 0 0 0 0 0 0 0 0 0 0 0 0 0 0 0 0 0 0 0 0 0]
                     [0 0 0 0 0 0 0 0 0 0 0 0 0 0 0 0 0 0 0 0 0 0 0 0 4 0 0 0 0 0 0 0 0 0 0]
                     [0 0 0 4 0 0 0 5 0 1 0 0 0 0 0 0 0 0 0 0 0 0 0 0 0 0 0 0 0 0 0 0 0 0 0]
                     [0 0 0 0 0 0 0 5 5 0 1 0 0 0 0 0 0 0 0 0 0 0 0 0 0 0 0 0 0 0 0 0 0 0 0]
                     [0 0 0 0 0 0 0 5 2 2 0 0 0 0 0 0 0 0 0 0 0 0 0 0 0 0 0 0 0 0 0 0 0 0 0]
                     [0 0 0 4 0 0 0 3 3 3 1 0 0 0 0 0 0 0 0 0 0 0 0 0 0 0 0 0 0 0 0 0 0 0 0]

                     [0 0 0 0 1 1 3 2 1 3 0 0 0 0 0 0 0 0 0 0 0 0 0 0 0 0 0 0 0 0 0 0 0 0 4]
                     [0 0 0 0 1 1 2 2 2 5 0 4 0 0 0 0 0 0 0 0 0 0 0 0 0 0 0 0 0 0 0 0 0 0 0]
                     [0 1 0 1 0 0 5 2 2 1 4 0 0 0 0 0 0 0 0 0 0 0 0 0 0 0 0 0 0 0 0 0 0 0 0]
                     [3 1 5 1 0 0 0 1 1 1 1 0 4 0 0 0 0 0 0 0 0 0 0 0 0 0 0 0 0 0 0 0 0 0 0]
                     [2 1 5 3 1 0 0 0 1 1 1 4 0 0 0 0 0 0 0 0 0 0 0 0 0 0 0 0 0 0 0 0 0 0 0]
                     [3 2 1 1 1 0 0 0 0 0 0 0 0 0 0 0 0 0 0 0 0 0 0 0 0 0 0 0 0 0 0 0 0 0 0]
                     [5 2 1 1 1 0 0 0 0 0 4 0 0 0 0 0 0 0 0 0 0 0 0 0 0 0 0 0 0 0 0 0 0 0 0]
                     [5 1 1 0 0 0 0 0 0 0 0 0 0 0 0 0 0 0 0 0 0 0 0 0 0 0 0 0 0 0 0 0 0 0 0]
                     [0 4 0 0 0 0 0 0 0 0 0 0 0 0 0 0 0 0 0 0 4 0 0 0 0 0 0 0 0 0 0 0 0 0 0]
                     [0 0 0 0 0 0 0 0 0 0 0 0 0 0 0 0 0 0 0 0 0 0 0 0 0 0 0 0 0 0 0 0 0 0 0]
                     [0 0 0 4 0 0 0 0 0 0 0 0 0 0 0 0 0 0 0 0 0 0 0 0 0 0 0 0 0 0 0 0 0 0 0]
                     [0 0 0 0 0 0 0 0 0 0 0 0 0 0 0 0 0 0 0 0 0 0 0 0 0 0 0 0 0 0 0 0 0 0 0]
                     [0 0 0 0 0 0 0 0 0 0 0 0 0 0 0 0 0 0 0 0 0 0 0 0 0 0 0 0 0 0 0 0 0 4 0]
                     [0 0 0 0 0 0 0 0 0 0 0 0 0 0 0 0 0 1 4 3 1 0 0 0 0 0 0 0 0 0 0 0 0 0 0]
                     [0 0 0 0 0 0 0 0 0 0 0 0 0 0 0 0 0 0 1 1 1 1 0 0 0 0 0 0 0 0 0 0 0 1 1]
                     [0 0 0 0 0 0 0 0 0 0 0 0 0 0 0 0 0 1 1 2 1 0 0 0 0 0 0 0 0 0 1 0 1 3 1]
                     [0 0 0 0 0 0 0 0 0 0 0 0 0 0 0 0 1 1 2 2 3 0 0 0 0 0 0 0 0 0 1 1 5 2 1]
                     [0 0 0 0 0 0 4 0 0 0 0 4 0 0 0 0 3 1 1 2 5 0 0 0 0 0 0 0 0 1 5 1 2 3 0]
                     [0 0 0 0 0 0 0 0 0 0 0 0 0 0 0 0 0 3 1 1 0 0 0 0 0 0 0 0 0 1 1 2 5 2 3]
                     [0 0 0 0 0 0 0 0 0 0 0 0 0 0 0 0 0 1 1 1 0 0 0 0 0 0 0 0 0 1 3 1 3 1 1]
                     [0 0 0 0 0 0 0 0 0 0 0 0 0 0 0 0 0 0 0 0 0 0 0 0 0 0 0 0 0 0 0 0 1 1 3]
                     [0 0 4 0 0 0 0 0 0 0 0 0 0 0 0 0 0 0 0 0 0 0 0 0 0 0 0 0 0 0 0 0 0 0 0]
                     [0 0 0 0 0 0 0 0 0 0 0 0 0 0 0 0 0 0 0 0 0 0 0 0 0 0 0 0 0 0 0 0 0 0 0]
                     [0 0 0 0 0 0 0 0 0 0 0 0 0 0 0 0 0 0 0 0 0 0 0 0 0 0 0 0 0 0 0 0 0 0 0]
                     [0 0 0 0 0 0 0 0 0 0 0 0 0 1 0 0 1 1 0 0 0 0 0 0 0 0 0 0 0 0 0 0 0 4 0]
                     [0 0 0 0 0 0 0 0 0 0 0 0 0 1 1 5 1 1 1 0 0 0 0 0 0 0 0 0 0 0 0 0 0 0 0]
                     [0 0 0 0 0 0 0 0 0 0 0 0 0 1 5 2 3 1 3 0 0 0 0 0 0 0 0 0 0 0 0 4 0 0 0]
                     [0 0 0 0 0 0 0 0 0 0 0 0 0 0 1 5 2 1 1 0 0 0 0 0 0 0 0 0 0 0 0 0 0 0 0]
                     [0 0 0 0 0 0 0 0 0 0 0 0 0 0 1 1 0 0 0 0 0 0 4 0 0 0 0 0 0 0 0 0 0 0 0]
                     [0 0 0 0 0 0 0 0 0 0 4 0 0 0 1 0 1 0 0 0 0 0 0 0 4 0 0 0 0 0 0 0 0 0 0]
                     [0 0 0 0 0 0 0 0 1 0 1 0 0 0 0 0 0 0 0 0 0 0 0 0 4 0 0 0 0 0 0 0 0 0 0]
                     [0 0 0 4 0 0 0 5 4 1 3 1 0 0 0 0 0 0 0 0 0 0 0 0 0 0 0 0 0 0 0 0 0 0 0]
                     [0 0 0 0 0 0 1 5 5 4 1 1 0 0 0 0 0 0 0 0 0 0 0 0 0 0 0 0 0 0 0 0 0 0 0]
                     [0 0 0 0 0 0 0 5 2 2 1 1 0 0 0 0 0 0 0 0 4 0 0 0 0 0 0 0 0 0 0 0 0 0 0]
                     [0 0 0 4 0 0 0 3 3 3 1 0 0 0 0 0 0 0 0 0 0 0 0 0 0 0 0 0 0 0 0 0 0 4 0]

                     [0 0 0 0 5 5 3 2 1 3 0 0 0 0 0 0 0 0 0 0 0 0 0 0 0 0 0 0 0 0 0 0 0 0 4]
                     [0 0 0 0 1 1 2 2 2 5 0 4 0 0 0 0 0 0 0 0 0 0 0 0 0 0 0 0 0 0 0 0 0 0 0]
                     [0 1 0 1 0 0 5 2 2 1 4 0 0 0 0 0 0 0 0 0 0 0 0 0 0 0 0 0 0 0 0 0 0 0 0]
                     [3 1 5 1 0 0 0 1 5 5 1 0 4 0 0 0 0 0 0 0 0 0 0 0 0 0 0 0 0 0 0 0 0 0 0]
                     [2 1 2 3 1 0 0 0 1 1 1 4 0 0 0 0 0 0 0 0 0 0 0 0 0 0 0 0 0 0 0 0 0 0 0]
                     [3 2 1 5 1 0 0 0 0 0 0 0 0 0 0 0 0 0 0 0 0 0 0 0 0 0 0 0 0 0 0 0 0 0 0]
                     [2 2 5 5 1 0 0 0 0 0 4 0 0 0 0 0 0 0 0 0 0 0 0 0 0 0 0 0 0 0 0 0 0 0 0]
                     [5 1 1 0 0 0 0 0 0 0 0 0 0 0 0 0 0 0 0 0 0 0 0 0 0 0 0 0 0 0 0 0 0 0 0]
                     [0 4 0 0 0 0 0 0 0 0 0 0 0 0 0 0 0 0 0 0 4 0 0 0 0 0 0 0 0 0 0 0 0 0 0]
                     [0 0 0 0 0 0 0 0 0 0 0 0 0 0 0 0 0 0 0 0 0 0 0 0 0 0 0 0 0 0 0 0 0 0 0]
                     [0 0 0 4 0 0 0 0 0 0 0 0 0 0 0 0 0 0 0 0 0 0 0 0 0 0 0 0 0 0 0 0 0 0 0]
                     [0 0 0 0 0 0 0 0 0 0 0 0 0 0 0 0 0 0 0 0 0 0 0 0 0 0 0 0 0 0 0 0 0 0 0]
                     [0 0 0 0 0 0 0 0 0 0 0 0 0 0 0 0 0 0 0 0 0 0 0 0 0 0 0 0 0 0 0 0 0 4 0]
                     [0 0 0 0 0 0 0 0 0 0 0 0 0 0 0 0 0 1 4 3 1 0 0 0 0 0 0 0 0 0 0 0 0 0 0]
                     [0 0 0 0 0 0 0 0 0 0 0 0 0 0 0 0 0 0 5 1 5 1 0 0 0 0 0 0 0 0 0 0 0 1 5]
                     [0 0 0 0 0 0 0 0 0 0 0 0 0 0 0 0 0 1 1 2 1 0 0 0 0 0 0 0 0 0 1 0 1 3 1]
                     [0 0 0 0 0 0 0 0 0 0 0 0 0 0 0 0 1 5 2 2 3 0 0 0 0 0 0 0 0 0 1 5 5 2 1]
                     [0 0 0 0 0 0 4 0 0 0 0 4 0 0 0 0 3 1 2 2 5 0 0 0 0 0 0 0 0 1 6 1 2 3 0]
                     [0 0 0 0 0 0 0 0 0 0 0 0 0 0 0 0 0 3 1 5 0 0 0 0 0 0 0 0 0 1 2 2 2 2 3]
                     [0 0 0 0 0 0 0 0 0 0 0 0 0 0 0 0 0 1 1 1 0 0 0 0 0 0 0 0 0 1 3 1 3 2 1]
                     [0 0 0 0 0 0 0 0 0 0 0 0 0 0 0 0 0 0 0 0 0 0 0 0 0 0 0 0 0 0 0 0 1 1 3]
                     [0 0 4 0 0 0 0 0 0 0 0 0 0 0 0 0 0 0 0 0 0 0 0 0 0 0 0 0 0 0 0 0 0 0 0]
                     [0 0 0 0 0 0 0 0 0 0 0 0 0 0 0 0 0 0 0 0 0 0 0 0 0 0 0 0 0 0 0 0 0 0 0]
                     [0 0 0 0 0 0 0 0 0 0 0 0 0 0 0 0 0 0 0 0 0 0 0 0 0 0 0 0 0 0 0 0 0 0 0]
                     [0 0 0 0 0 0 0 0 0 0 0 0 0 1 0 0 1 5 0 0 0 0 0 0 0 0 0 0 0 0 0 0 0 4 0]
                     [0 0 0 0 0 0 0 0 0 0 0 0 0 1 1 5 2 1 1 0 0 0 0 0 0 0 0 0 0 0 0 0 0 0 0]
                     [0 0 0 0 0 0 0 0 0 0 0 0 0 1 5 2 3 5 3 0 0 0 0 0 0 0 0 0 0 0 0 4 0 0 0]
                     [0 0 0 0 0 0 0 0 0 0 0 0 0 0 1 5 2 1 1 0 0 0 0 0 0 0 0 0 0 0 0 0 0 0 0]
                     [0 0 0 0 0 0 0 0 0 0 0 0 0 0 1 1 0 0 0 0 0 0 4 0 0 0 0 0 0 0 0 0 0 0 0]
                     [0 0 0 0 0 0 0 0 0 0 4 0 0 0 1 0 1 0 0 0 0 0 0 0 4 0 0 0 0 0 0 0 0 0 0]
                     [0 0 0 0 0 0 0 0 1 0 1 0 0 0 0 0 0 0 0 0 0 0 0 0 4 0 0 0 0 0 0 0 0 0 0]
                     [0 0 0 4 0 0 0 5 4 1 3 1 0 0 0 0 0 0 0 0 0 0 0 0 0 0 0 0 0 0 0 0 0 0 0]
                     [0 0 0 0 0 0 1 5 2 4 1 5 0 0 0 0 0 0 0 0 0 0 0 0 0 0 0 0 0 0 0 0 0 0 0]
                     [0 0 0 0 0 0 0 5 2 2 1 1 0 0 0 0 0 0 0 0 4 0 0 0 0 0 0 0 0 0 0 0 0 0 0]
                     [0 0 0 4 0 0 0 3 4 3 5 0 0 0 0 0 0 0 0 0 0 0 0 0 0 0 0 0 0 0 0 0 0 4 0]

                     [0 0 0 0 5 5 3 2 1 3 0 0 0 0 0 0 0 0 0 0 0 0 0 0 0 0 0 0 0 0 0 0 0 0 4]
                     [0 0 0 0 1 1 2 2 2 5 0 4 0 0 0 0 0 0 0 0 0 0 0 0 0 0 0 0 0 0 0 0 0 0 0]
                     [0 1 0 1 0 0 5 2 2 1 4 0 0 0 0 0 0 0 0 0 0 0 0 0 0 0 0 0 0 0 0 0 0 0 0]
                     [3 1 5 1 0 0 0 1 5 5 1 0 4 0 0 0 0 0 0 0 0 0 0 0 0 0 0 0 0 0 0 0 0 0 0]
                     [2 1 2 3 1 0 0 0 1 1 1 4 0 0 0 0 0 0 0 0 0 0 0 0 0 0 0 0 0 0 0 0 0 0 0]
                     [3 2 1 5 1 0 0 0 0 0 0 0 0 0 0 0 0 0 0 0 0 0 0 0 0 0 0 0 0 0 0 0 0 0 0]
                     [2 2 5 5 1 0 0 0 0 0 4 0 0 0 0 0 0 0 0 0 0 0 0 0 0 0 0 0 0 0 0 0 0 0 0]
                     [2 1 1 0 0 0 0 0 0 0 0 0 0 0 0 0 0 0 0 0 0 0 0 0 0 0 0 0 0 0 0 0 0 0 0]
                     [0 4 0 0 0 0 0 0 0 0 0 0 0 0 0 0 0 0 0 0 4 0 0 0 0 0 0 0 0 0 0 0 0 0 0]
                     [0 0 0 0 0 0 0 0 0 0 0 0 0 0 0 0 0 0 0 0 0 0 0 0 0 0 0 0 0 0 0 0 0 0 0]
                     [0 0 0 4 0 0 0 0 0 0 0 0 0 0 0 0 0 0 0 0 0 0 0 0 0 0 0 0 0 0 0 0 0 0 0]
                     [0 0 0 0 0 0 0 0 0 0 0 0 0 0 0 0 0 0 0 0 0 0 0 0 0 0 0 0 0 0 0 0 0 0 0]
                     [0 0 0 0 0 0 0 0 0 0 0 0 0 0 0 0 0 0 0 0 0 0 0 0 0 0 0 0 0 0 0 0 0 4 0]
                     [0 0 0 0 0 0 0 0 0 0 0 0 0 0 0 0 0 1 4 3 1 0 0 0 0 0 0 0 0 0 0 0 0 0 0]
                     [0 0 0 0 0 0 0 0 0 0 0 0 0 0 0 0 0 0 5 2 5 1 0 0 0 0 0 0 0 0 0 0 0 1 5]
                     [0 0 0 0 0 0 0 0 0 0 0 0 0 0 0 0 0 1 1 2 1 0 0 0 0 0 0 0 0 0 1 0 1 3 1]
                     [0 0 0 0 0 0 0 0 0 0 0 0 0 0 0 0 1 2 2 2 3 0 0 0 0 0 0 0 0 0 1 5 5 2 1]
                     [0 0 0 0 0 0 4 0 0 0 0 4 0 0 0 0 3 1 2 2 5 0 0 0 0 0 0 0 0 1 5 1 2 3 0]
                     [0 0 0 0 0 0 0 0 0 0 0 0 0 0 0 0 0 3 2 5 0 0 0 0 0 0 0 0 0 1 2 2 2 2 3]
                     [0 0 0 0 0 0 0 0 0 0 0 0 0 0 0 0 0 1 1 1 0 0 0 0 0 0 0 0 0 1 3 2 3 2 1]
                     [0 0 0 0 0 0 0 0 0 0 0 0 0 0 0 0 0 0 0 0 0 0 0 0 0 0 0 0 0 0 0 0 1 1 3]
                     [0 0 4 0 0 0 0 0 0 0 0 0 0 0 0 0 0 0 0 0 0 0 0 0 0 0 0 0 0 0 0 0 0 0 0]
                     [0 0 0 0 0 0 0 0 0 0 0 0 0 0 0 0 0 0 0 0 0 0 0 0 0 0 0 0 0 0 0 0 0 0 0]
                     [0 0 0 0 0 0 0 0 0 0 0 0 0 0 0 0 0 0 0 0 0 0 0 0 0 0 0 0 0 0 0 0 0 0 0]
                     [0 0 0 0 0 0 0 0 0 0 0 0 0 1 0 0 1 5 0 0 0 0 0 0 0 0 0 0 0 0 0 0 0 4 0]
                     [0 0 0 0 0 0 0 0 0 0 0 0 0 1 1 5 2 2 1 0 0 0 0 0 0 0 0 0 0 0 0 0 0 0 0]
                     [0 0 0 0 0 0 0 0 0 0 0 0 0 1 6 2 3 6 3 0 0 0 0 0 0 0 0 0 0 0 0 4 0 0 0]
                     [0 0 0 0 0 0 0 0 0 0 0 0 0 0 1 5 2 1 1 0 0 0 0 0 0 0 0 0 0 0 0 0 0 0 0]
                     [0 0 0 0 0 0 0 0 0 0 0 0 0 0 1 2 0 0 0 0 0 0 4 0 0 0 0 0 0 0 0 0 0 0 0]
                     [0 0 0 0 0 0 0 0 0 0 4 0 0 0 1 0 1 0 0 0 0 0 0 0 4 0 0 0 0 0 0 0 0 0 0]
                     [0 0 0 0 0 0 0 0 1 0 1 0 0 0 0 0 0 0 0 0 0 0 0 0 4 0 0 0 0 0 0 0 0 0 0]
                     [0 0 0 4 0 0 0 5 4 1 3 1 0 0 0 0 0 0 0 0 0 0 0 0 0 0 0 0 0 0 0 0 0 0 0]
                     [0 0 0 0 0 0 1 5 2 4 2 5 0 0 0 0 0 0 0 0 0 0 0 0 0 0 0 0 0 0 0 0 0 0 0]
                     [0 0 0 0 0 0 0 5 2 2 1 1 0 0 0 0 0 0 0 0 4 0 0 0 0 0 0 0 0 0 0 0 0 0 0]
                     [0 0 0 4 0 0 0 3 4 3 6 0 0 0 0 0 0 0 0 0 0 0 0 0 0 0 0 0 0 0 0 0 0 4 0]

                     [0 0 0 0 5 5 3 2 5 3 0 0 0 0 0 0 0 0 0 0 0 0 0 0 0 0 0 0 0 0 0 0 0 0 4]
                     [0 0 0 0 1 5 2 2 2 5 0 4 0 0 0 0 0 0 0 0 0 0 0 0 0 0 0 0 0 0 0 0 0 0 0]
                     [0 5 0 1 0 0 5 2 2 5 4 0 0 0 0 0 4 0 0 0 0 0 0 0 0 0 0 0 0 0 0 0 0 0 0]
                     [3 1 5 1 0 0 0 5 5 5 5 0 4 0 0 0 0 0 0 0 0 0 0 0 0 0 0 0 0 0 0 0 0 0 0]
                     [2 5 2 3 1 0 0 0 1 1 1 4 0 0 0 0 0 0 0 0 0 0 0 0 0 0 0 0 0 0 0 0 0 0 0]
                     [3 2 5 5 1 0 0 0 0 0 0 0 0 0 0 0 0 0 0 0 0 0 0 0 0 0 0 0 0 0 0 0 0 0 0]
                     [2 2 5 5 1 0 0 0 0 0 4 0 0 0 0 0 0 0 0 0 0 0 0 0 0 4 0 0 0 0 0 0 0 0 0]
                     [2 5 5 0 0 0 0 0 4 0 0 0 0 0 0 0 0 0 0 0 0 0 0 0 0 0 0 0 0 0 0 0 0 0 0]
                     [0 4 0 0 0 0 0 0 0 0 0 0 0 0 0 0 0 0 0 0 4 0 0 4 0 0 0 0 0 0 0 0 0 0 0]
                     [0 0 0 0 0 0 0 0 0 0 0 0 4 0 0 0 0 0 0 0 0 0 0 0 0 0 0 0 0 0 0 0 0 0 0]
                     [0 0 0 4 0 0 0 0 0 0 0 0 0 0 0 0 0 0 0 0 4 0 0 0 0 0 0 0 0 0 0 0 0 0 0]
                     [0 0 0 0 0 0 0 0 0 0 0 0 0 0 0 0 0 0 0 0 0 0 0 0 0 0 0 0 0 0 0 0 0 0 0]
                     [4 0 0 0 0 0 0 0 0 0 0 0 0 0 0 0 0 0 0 0 0 0 0 0 0 0 0 0 0 0 0 0 0 4 0]
                     [0 4 0 0 0 0 0 0 4 0 0 0 0 0 0 0 0 1 4 3 1 0 0 0 0 0 0 0 0 0 0 0 0 0 0]
                     [0 0 4 0 0 0 0 0 0 0 0 0 0 0 0 0 0 0 5 2 2 1 0 0 0 0 0 0 0 0 0 0 0 5 5]
                     [0 0 0 0 0 0 0 0 0 0 0 4 0 0 0 0 0 5 1 2 5 0 0 0 0 0 0 0 0 0 5 0 1 3 5]
                     [0 0 0 0 0 0 0 0 0 0 0 0 0 0 0 0 1 2 2 2 3 0 0 0 0 0 0 0 0 0 1 5 2 2 1]
                     [0 0 0 0 0 0 4 0 0 0 4 4 0 0 0 0 3 1 2 2 5 0 0 0 0 0 0 0 0 1 2 1 2 3 0]
                     [0 0 0 0 0 0 0 0 0 0 0 0 0 0 0 0 0 3 2 5 0 0 0 0 0 0 0 0 0 1 2 2 2 2 3]
                     [0 0 0 0 0 0 0 0 0 0 0 0 0 0 0 0 0 1 1 1 0 0 0 0 0 0 0 0 0 1 3 2 3 2 2]
                     [0 0 0 0 0 0 0 0 0 0 0 0 0 0 0 0 0 0 0 0 0 0 0 0 0 0 0 0 0 0 0 0 1 1 3]
                     [0 0 4 0 0 0 0 0 0 0 0 0 0 4 0 0 0 0 0 0 0 0 0 0 0 4 0 0 0 0 0 0 0 0 0]
                     [0 0 0 0 0 0 0 0 0 0 0 0 0 0 0 0 0 0 0 0 0 0 0 0 0 0 0 0 0 0 0 0 0 0 0]
                     [0 0 0 0 0 0 0 0 0 0 0 4 0 0 0 0 0 0 0 0 0 0 0 0 4 0 0 0 0 0 0 0 0 0 0]
                     [0 0 0 0 0 0 0 0 0 0 0 0 0 1 0 0 1 5 0 0 0 0 0 0 0 0 0 0 0 0 0 0 0 4 0]
                     [0 0 0 0 0 4 0 0 0 0 0 0 0 1 5 5 2 2 5 0 0 0 0 0 0 0 0 0 0 0 0 0 0 0 0]
                     [0 0 0 0 0 0 0 0 0 0 0 0 0 1 2 2 3 5 3 0 0 0 0 0 0 0 0 0 0 0 0 4 0 0 0]
                     [0 0 0 0 0 0 0 0 0 0 0 0 0 0 5 5 2 2 1 0 0 0 0 0 0 0 0 0 0 0 0 0 0 0 0]
                     [0 0 0 0 0 0 0 0 0 0 0 0 0 0 1 2 0 0 0 0 4 0 4 0 0 0 0 0 0 0 0 0 0 0 0]
                     [0 0 0 0 0 0 0 0 0 0 4 0 0 0 1 0 1 0 0 0 0 0 0 0 4 0 0 0 0 0 0 0 0 0 0]
                     [0 0 0 0 0 0 0 0 1 0 1 0 0 0 0 0 0 0 0 0 0 0 0 0 4 0 0 0 0 0 0 0 0 0 0]
                     [0 4 0 4 0 0 0 5 4 2 3 5 0 0 0 0 0 0 4 0 0 0 0 0 0 0 0 0 0 0 0 0 0 0 0]
                     [0 0 0 0 0 0 5 5 2 4 2 5 0 0 0 0 0 0 0 0 4 0 0 0 0 0 0 0 0 0 0 0 0 0 0]
                     [0 0 0 0 0 0 0 5 2 2 5 1 0 0 0 0 0 0 0 0 4 0 0 0 0 0 0 0 0 0 0 0 0 0 0]
                     [0 0 0 4 0 0 0 3 4 3 5 0 0 0 0 0 0 0 0 0 0 0 0 0 4 0 0 0 0 0 0 0 0 4 0]

                     [0 0 0 0 5 2 3 2 5 4 0 0 0 0 0 0 0 0 0 0 0 0 0 0 0 0 0 0 0 0 0 0 0 0 4]
                     [1 0 0 1 1 5 2 2 2 2 0 4 0 0 0 0 0 0 0 0 0 0 0 0 0 0 0 0 0 0 0 0 0 0 0]
                     [3 5 3 1 3 1 2 2 2 5 4 0 0 0 0 0 4 0 0 0 0 0 0 0 0 0 0 0 0 0 0 0 0 0 0]
                     [1 2 2 1 1 1 1 5 5 5 5 4 4 0 0 0 0 0 0 0 0 0 0 0 0 0 0 0 0 0 0 0 0 0 0]
                     [2 5 2 3 1 1 0 0 1 1 1 1 0 0 0 0 0 0 0 0 0 0 0 0 0 0 0 0 0 0 0 0 0 0 0]
                     [4 2 5 2 1 1 0 1 0 1 4 0 0 0 0 0 0 0 0 0 0 0 0 0 0 0 0 0 0 0 0 0 0 0 0]
                     [2 2 5 5 1 3 0 0 0 0 4 0 0 0 0 0 0 0 0 0 0 0 0 0 0 4 0 0 0 0 0 0 0 0 0]
                     [2 5 5 4 1 1 0 0 4 0 0 0 0 0 0 0 0 0 0 0 0 0 0 0 0 0 0 0 0 0 0 0 0 0 0]
                     [0 4 1 1 0 0 0 0 0 0 0 0 0 0 0 0 0 0 0 0 4 0 0 4 0 0 0 0 0 0 0 0 0 0 0]
                     [0 0 0 0 0 0 0 0 0 0 0 0 4 0 0 0 0 0 0 0 0 0 0 0 0 0 0 0 0 0 0 0 0 0 0]
                     [0 0 0 4 0 0 0 0 0 0 0 0 0 0 0 0 0 0 0 0 4 0 0 0 0 0 0 0 0 0 0 0 0 0 0]
                     [0 0 0 0 0 0 0 0 0 0 0 0 0 0 0 0 0 0 0 0 0 0 0 0 0 0 0 0 0 0 0 0 0 0 0]
                     [4 0 0 0 0 0 0 0 0 0 0 0 0 0 0 0 1 0 1 0 1 1 0 0 0 0 0 0 0 0 0 0 0 4 0]
                     [0 4 0 0 0 0 0 0 4 0 0 0 0 0 0 0 0 1 1 3 1 0 1 0 0 0 0 0 0 0 0 0 0 0 0]
                     [0 0 4 0 0 0 0 0 0 0 0 0 0 0 0 0 1 1 2 2 2 1 1 0 0 0 0 0 0 0 0 1 0 5 5]
                     [0 0 0 0 0 0 0 0 0 0 0 4 0 0 0 0 0 5 1 2 5 0 1 0 0 0 0 0 0 0 5 1 1 4 5]
                     [0 0 0 0 0 0 0 0 0 0 0 0 0 0 0 0 1 2 2 2 3 0 0 0 0 0 0 0 1 1 1 5 2 2 1]
                     [0 0 0 0 0 0 4 0 0 0 4 4 0 0 0 0 1 1 2 2 5 0 0 0 0 0 0 0 0 1 2 1 2 1 1]
                     [0 0 0 0 0 0 0 0 0 0 0 0 0 0 0 0 1 3 2 2 4 0 0 0 0 0 0 0 1 1 2 2 2 2 3]
                     [0 0 0 0 0 0 0 0 0 0 0 0 0 0 0 0 0 1 2 1 0 0 0 0 0 0 0 0 1 1 1 2 1 2 2]
                     [0 0 0 0 0 0 0 0 0 0 0 0 0 0 0 0 0 0 1 1 1 0 0 0 0 0 0 0 0 0 1 1 1 1 3]
                     [0 0 4 0 0 0 0 0 0 0 0 0 0 4 0 0 0 0 0 0 0 0 0 0 0 4 0 0 0 0 0 0 3 1 3]
                     [0 0 0 0 0 0 0 0 0 0 0 0 0 0 0 0 0 0 0 0 0 0 0 0 0 0 0 0 0 0 0 0 0 0 0]
                     [0 0 0 0 0 0 0 0 0 0 0 4 1 0 0 0 1 1 0 0 0 0 0 0 4 0 0 0 0 0 0 0 0 0 0]
                     [0 0 0 0 0 0 0 0 0 0 0 0 1 1 1 1 1 5 0 0 0 0 0 0 0 0 0 0 0 0 0 0 0 4 0]
                     [0 0 0 0 0 4 0 0 0 0 0 0 3 1 2 5 2 2 5 0 0 0 0 0 0 0 0 0 0 0 0 0 0 0 0]
                     [0 0 0 0 0 0 0 0 0 0 0 0 1 1 2 2 3 5 1 4 0 0 0 0 0 0 0 0 0 0 0 4 0 0 0]
                     [0 0 0 0 0 0 0 0 0 0 0 0 1 0 5 5 2 2 1 0 0 0 0 0 0 0 0 0 0 0 0 0 0 0 0]
                     [0 0 0 0 0 0 0 0 0 0 0 0 0 1 1 2 0 1 1 0 4 0 4 0 0 0 0 0 0 0 0 0 0 0 0]
                     [0 0 0 0 0 0 0 1 1 1 4 0 0 1 1 1 1 0 0 0 0 0 0 0 4 0 0 0 0 0 0 0 0 0 0]
                     [0 0 0 0 0 0 1 0 1 3 1 1 0 0 0 1 1 0 0 0 0 0 0 0 4 0 0 0 0 0 0 0 0 0 0]
                     [0 4 0 4 0 0 0 5 1 2 1 5 0 0 0 0 0 0 4 0 0 0 0 0 0 0 0 0 0 0 0 0 0 0 0]
                     [0 0 0 0 0 0 5 5 2 4 2 5 0 0 0 0 0 0 0 0 4 0 0 0 0 0 0 0 0 0 0 0 0 0 0]
                     [0 0 0 0 0 0 1 5 2 2 5 1 1 0 0 0 0 0 0 0 4 0 0 0 0 0 0 0 0 0 0 0 0 0 0]
                     [0 0 0 4 0 0 0 3 4 1 2 1 0 0 0 0 0 0 0 0 0 0 0 0 4 0 0 0 0 0 0 0 0 4 0]

                     [0 0 0 0 5 2 3 2 5 4 0 0 0 0 0 0 0 0 0 0 0 0 0 0 0 0 0 0 0 0 0 0 0 0 4]
                     [1 0 0 1 1 5 2 2 2 2 0 4 0 0 0 0 0 0 0 0 0 0 0 0 0 0 0 0 0 0 0 0 0 0 0]
                     [3 5 3 1 3 5 2 2 2 5 4 0 0 0 0 0 4 0 0 0 0 0 0 0 0 0 0 0 0 0 0 0 0 0 0]
                     [1 2 2 2 1 1 1 5 2 2 5 4 4 0 0 0 0 0 0 0 0 0 0 0 0 0 0 0 0 0 0 0 0 0 0]
                     [2 5 2 3 5 5 0 0 2 1 1 1 0 0 0 0 0 0 0 0 0 0 0 0 0 0 0 0 0 0 0 0 0 0 0]
                     [4 2 2 2 1 1 0 1 0 1 4 0 0 0 0 0 0 0 0 0 0 0 0 0 0 0 0 0 0 0 0 0 0 0 0]
                     [2 2 5 5 1 3 0 0 0 0 4 0 0 0 0 0 0 0 0 0 0 0 0 0 0 4 0 0 0 0 0 0 0 0 0]
                     [2 5 5 4 1 1 0 0 4 0 0 0 0 0 0 0 0 0 0 0 0 0 0 0 0 0 0 0 0 0 0 0 0 0 0]
                     [0 4 1 1 0 0 0 0 0 0 0 0 0 0 0 0 0 0 0 0 4 0 0 4 0 0 0 0 0 0 0 0 0 0 0]
                     [0 0 0 0 0 0 0 0 0 0 0 0 4 0 0 0 0 0 0 0 0 0 0 0 0 0 0 0 0 0 0 0 0 0 0]
                     [0 0 0 4 0 0 0 0 0 0 0 0 0 0 0 0 0 0 0 0 4 0 0 0 0 0 0 0 0 0 0 0 0 0 0]
                     [0 0 0 0 0 0 0 0 0 0 0 0 0 0 0 0 0 0 0 0 0 0 0 0 0 0 0 0 0 0 0 0 0 0 0]
                     [4 0 0 0 0 0 0 0 0 0 0 0 0 0 0 0 1 0 1 0 1 1 0 0 0 0 0 0 0 0 0 0 0 4 0]
                     [0 4 0 0 0 0 0 0 4 0 0 0 0 0 0 0 0 1 1 3 1 0 1 0 0 0 0 0 0 0 0 0 0 0 0]
                     [0 0 4 0 0 0 0 0 0 0 0 0 0 0 0 0 1 1 2 2 2 1 1 0 0 0 0 0 0 0 0 1 0 5 5]
                     [0 0 0 0 0 0 0 0 0 0 0 4 0 0 0 0 0 5 1 2 2 0 1 0 0 0 0 0 0 0 5 1 1 4 2]
                     [0 0 0 0 0 0 0 0 0 0 0 0 0 0 0 0 2 2 2 2 3 0 0 0 0 0 0 0 1 1 1 5 2 2 5]
                     [0 0 0 0 0 0 4 0 0 0 4 4 0 0 0 0 1 1 2 2 2 0 0 0 0 0 0 0 0 5 2 1 2 1 1]
                     [0 0 0 0 0 0 0 0 0 0 0 0 0 0 0 0 1 3 2 2 4 0 0 0 0 0 0 0 1 1 2 2 2 2 3]
                     [0 0 0 0 0 0 0 0 0 0 0 0 0 0 0 0 0 1 2 1 0 0 0 0 0 0 0 0 1 2 1 2 1 2 2]
                     [0 0 0 0 0 0 0 0 0 0 0 0 0 0 0 0 0 0 1 1 1 0 0 0 0 0 0 0 0 0 1 5 1 1 3]
                     [0 0 4 0 0 0 0 0 0 0 0 0 0 4 0 0 0 0 0 0 0 0 0 0 0 4 0 0 0 0 0 0 3 1 3]
                     [0 0 0 0 0 0 0 0 0 0 0 0 0 0 0 0 0 0 0 0 0 0 0 0 0 0 0 0 0 0 0 0 0 0 0]
                     [0 0 0 0 0 0 0 0 0 0 0 4 1 0 0 0 1 1 0 0 0 0 0 0 4 0 0 0 0 0 0 0 0 0 0]
                     [0 0 0 0 0 0 0 0 0 0 0 0 1 5 1 1 1 5 0 0 0 0 0 0 0 0 0 0 0 0 0 0 0 4 0]
                     [0 0 0 0 0 4 0 0 0 0 0 0 3 1 2 2 2 2 5 0 0 0 0 0 0 0 0 0 0 0 0 0 0 0 0]
                     [0 0 0 0 0 0 0 0 0 0 0 0 1 1 2 2 3 2 1 4 0 0 0 0 0 0 0 0 0 0 0 4 0 0 0]
                     [0 0 0 0 0 0 0 0 0 0 0 0 1 0 5 2 2 2 1 0 0 0 0 0 0 0 0 0 0 0 0 0 0 0 0]
                     [0 0 0 0 0 0 0 0 0 0 0 0 0 5 1 2 0 1 1 0 4 0 4 0 0 0 0 0 0 0 0 0 0 0 0]
                     [0 0 0 0 0 0 0 1 1 1 4 0 0 1 1 1 5 0 0 0 0 0 0 0 4 0 0 0 0 0 0 0 0 0 0]
                     [0 0 0 0 0 0 1 0 1 3 1 1 0 0 0 1 1 0 0 0 0 0 0 0 4 0 0 0 0 0 0 0 0 0 0]
                     [0 4 0 4 0 0 0 2 1 2 1 2 0 0 0 0 0 0 4 0 0 0 0 0 0 0 0 0 0 0 0 0 0 0 0]
                     [0 0 0 0 0 0 5 5 2 4 2 5 0 0 0 0 0 0 0 0 4 0 0 0 0 0 0 0 0 0 0 0 0 0 0]
                     [0 0 0 0 0 0 1 5 2 2 5 1 1 0 0 0 0 0 0 0 4 0 0 0 0 0 0 0 0 0 0 0 0 0 0]
                     [0 0 0 4 0 0 0 3 4 1 2 5 0 0 0 0 0 0 0 0 0 0 0 0 4 0 0 0 0 0 0 0 0 4 0]

                     [0 0 0 0 5 2 3 2 2 4 0 0 0 0 0 0 0 0 0 0 4 0 0 0 0 0 0 0 0 0 0 0 0 0 4]
                     [1 0 0 1 2 5 2 2 2 2 0 4 0 0 0 0 0 0 0 0 4 0 0 0 0 0 0 0 0 0 0 0 0 0 0]
                     [3 5 3 1 3 5 2 2 2 5 4 0 4 0 0 0 4 0 0 0 0 0 0 0 0 0 0 0 0 0 0 0 0 0 0]
                     [5 2 2 2 1 5 5 5 2 2 5 4 4 0 0 0 0 0 0 0 0 0 0 0 0 0 0 0 0 0 0 0 0 0 0]
                     [2 5 2 3 5 5 0 0 2 2 5 5 0 0 0 0 0 0 0 0 0 0 0 0 0 0 4 0 0 4 0 0 0 0 0]
                     [4 2 2 2 5 5 0 1 0 1 4 0 0 4 0 0 0 0 0 0 0 0 0 0 0 0 0 0 0 0 0 0 0 0 0]
                     [2 2 2 5 5 3 0 0 0 0 4 0 0 0 0 0 0 4 4 0 0 0 0 0 0 4 0 0 0 0 0 0 0 0 0]
                     [2 5 5 4 5 5 0 0 4 0 0 0 0 0 0 0 0 0 0 0 0 0 0 4 0 0 0 0 4 0 0 0 0 0 0]
                     [0 4 5 5 0 0 0 0 0 0 0 0 0 0 0 0 0 0 0 0 4 0 0 4 0 0 0 0 0 0 0 0 0 0 0]
                     [0 0 4 0 0 0 0 0 0 0 0 0 4 0 0 0 0 0 0 0 0 0 0 0 0 0 0 0 0 0 0 0 0 0 0]
                     [0 0 0 4 0 0 0 0 0 0 0 0 0 0 0 0 0 0 0 0 4 0 0 0 0 0 0 0 0 0 0 0 0 0 0]
                     [0 0 0 0 4 0 0 0 0 0 0 0 0 0 0 0 0 0 0 0 0 4 0 0 0 0 0 0 0 0 0 0 0 0 0]
                     [4 0 0 0 0 0 0 0 0 0 0 0 0 0 0 0 1 0 5 0 1 1 0 0 0 0 0 0 0 0 0 0 0 4 0]
                     [0 4 0 0 0 0 0 0 4 0 0 0 0 0 0 0 0 2 1 3 2 0 1 0 0 0 0 0 0 0 0 0 0 0 0]
                     [0 0 4 0 0 0 0 0 0 0 0 0 0 0 0 0 5 5 2 2 2 1 1 0 0 0 0 0 0 0 0 1 0 5 2]
                     [0 0 0 0 0 4 0 0 0 0 0 4 0 4 0 0 0 5 5 2 2 0 1 0 0 0 0 0 0 0 5 5 5 4 2]
                     [0 0 0 0 4 0 0 0 0 0 0 0 0 0 0 0 2 2 2 2 3 0 0 4 0 0 0 0 1 5 1 5 2 2 5]
                     [0 0 0 0 4 0 4 0 0 0 4 4 0 0 0 0 1 1 2 2 2 0 0 4 0 0 0 0 0 5 2 5 2 1 5]
                     [4 0 0 0 0 0 0 0 0 0 0 0 0 0 0 0 1 3 2 2 4 0 0 0 0 0 0 0 1 1 2 2 2 2 3]
                     [0 0 0 0 0 0 0 0 0 0 0 0 0 0 0 0 0 1 2 2 0 0 0 0 0 0 0 0 1 2 1 2 1 2 2]
                     [0 0 0 0 0 0 0 0 0 0 0 0 0 0 0 0 0 0 1 1 1 0 0 0 0 0 0 0 0 0 1 6 1 1 3]
                     [0 0 4 0 0 0 0 0 0 0 0 0 0 4 0 0 0 0 0 0 0 0 0 0 0 4 0 0 0 0 0 0 3 1 3]
                     [0 0 0 0 0 0 0 0 0 0 0 0 0 0 0 0 0 0 0 0 0 0 0 0 0 0 0 4 0 0 0 0 0 0 0]
                     [0 0 0 0 0 0 0 0 0 0 0 4 5 0 0 0 1 1 0 0 0 0 0 0 4 0 0 0 0 0 0 0 0 0 0]
                     [0 0 0 0 0 0 4 0 0 0 0 0 5 5 1 1 1 5 0 0 0 0 0 0 0 0 0 0 0 0 0 0 0 4 0]
                     [0 0 0 0 0 4 4 0 0 0 0 0 3 5 2 2 2 2 2 0 0 0 0 4 0 0 0 0 0 0 0 0 0 0 0]
                     [0 0 0 0 0 0 0 0 0 0 0 0 5 5 2 2 3 2 1 4 0 0 0 0 0 0 0 0 0 0 0 4 0 0 0]
                     [0 0 0 0 0 0 0 0 4 0 0 0 1 0 5 2 2 2 1 0 0 4 0 0 0 0 0 0 0 0 0 0 0 0 0]
                     [0 0 0 0 0 0 0 0 0 0 0 0 0 5 1 2 0 1 1 0 4 0 4 0 0 0 0 0 0 0 0 0 0 0 0]
                     [0 0 0 0 0 0 0 1 5 1 4 0 0 1 1 1 6 0 0 0 0 0 0 0 4 0 0 0 0 0 0 0 0 0 0]
                     [0 0 0 0 0 0 1 0 5 3 1 1 0 0 0 1 1 0 0 0 0 4 0 0 4 0 0 0 0 0 0 0 0 0 0]
                     [0 4 0 4 0 0 0 2 5 2 5 2 0 0 0 0 0 0 4 0 0 4 0 0 0 0 0 0 0 0 0 0 0 0 0]
                     [0 0 0 0 0 0 5 5 2 4 2 5 0 0 0 0 0 0 0 0 4 0 0 0 0 0 0 0 0 0 0 4 0 0 0]
                     [4 0 0 0 0 0 5 5 2 2 5 2 1 0 0 0 0 0 0 0 4 0 0 0 0 0 0 0 0 0 0 0 0 0 0]
                     [0 0 0 4 0 0 0 3 4 5 2 6 0 0 0 0 0 0 0 0 0 0 0 0 4 0 0 0 0 0 0 0 0 4 0]

                     [0 0 0 0 5 2 4 2 2 4 0 0 0 0 0 0 0 0 0 0 4 0 0 0 0 0 0 0 0 0 0 0 0 0 4]
                     [1 0 0 1 2 5 2 2 2 2 0 4 0 0 0 0 0 0 0 0 4 0 0 0 0 0 0 0 0 0 0 0 0 0 0]
                     [3 5 3 2 3 5 2 2 2 2 4 0 4 0 0 0 4 0 0 0 0 0 0 0 0 0 0 0 0 0 0 0 0 0 0]
                     [5 2 2 2 1 5 5 2 2 2 2 4 4 0 0 0 0 0 0 0 0 0 0 0 0 0 0 0 0 0 0 0 0 0 0]
                     [2 5 2 3 2 2 0 0 2 2 5 5 0 0 0 0 0 0 0 0 0 0 0 0 0 0 4 0 0 4 0 0 0 0 0]
                     [4 2 2 2 5 5 0 1 0 1 4 0 0 4 0 0 0 0 0 0 0 0 0 0 0 0 0 0 0 0 0 0 0 0 0]
                     [2 2 2 5 5 3 0 0 0 0 4 0 0 0 0 0 0 4 4 0 0 0 0 0 0 4 0 0 0 0 0 0 0 0 0]
                     [2 5 5 4 5 5 0 0 4 0 0 0 0 0 0 0 0 0 0 0 0 0 0 4 0 0 0 0 4 0 0 0 0 0 0]
                     [0 4 5 5 0 0 0 0 0 0 0 0 0 0 0 0 0 0 0 0 4 0 0 4 0 0 0 0 0 0 0 0 0 0 0]
                     [0 0 4 0 0 0 0 0 0 0 0 0 4 0 0 0 0 0 0 0 0 0 0 0 0 0 0 0 0 0 0 0 0 0 0]
                     [0 0 0 4 0 0 0 0 0 0 0 0 0 0 0 0 0 0 0 0 4 0 0 0 0 0 0 0 0 0 0 0 0 0 0]
                     [0 0 0 0 4 0 0 0 0 0 0 0 0 0 0 0 0 0 0 0 0 4 0 0 0 0 0 0 0 0 0 0 0 0 0]
                     [4 0 0 0 0 0 0 0 0 0 0 0 0 0 0 0 1 0 5 0 1 1 0 0 0 0 0 0 0 0 0 0 0 4 0]
                     [0 4 0 0 0 0 0 0 4 0 0 0 0 0 0 0 0 2 1 3 2 0 1 0 0 0 0 0 0 0 0 0 0 0 0]
                     [0 0 4 0 0 0 0 0 0 0 0 0 0 0 0 0 5 5 2 2 2 1 1 0 0 0 0 0 0 0 0 1 0 2 2]
                     [0 0 0 0 0 4 0 0 0 0 0 4 0 4 0 0 0 5 5 2 2 0 1 0 0 0 0 0 0 0 5 5 5 4 2]
                     [0 0 0 0 4 0 0 0 0 0 0 0 0 0 0 0 2 2 2 2 3 0 0 4 0 0 0 0 1 2 2 2 2 2 2]
                     [0 0 0 0 4 0 4 0 0 0 4 4 0 0 0 0 1 1 2 2 2 0 0 4 0 0 0 0 0 5 2 5 2 1 5]
                     [4 0 0 0 0 0 0 0 0 0 0 0 0 0 0 0 1 3 2 2 4 0 0 0 0 0 0 0 1 2 2 2 2 2 4]
                     [0 0 0 0 0 0 0 0 0 0 0 0 0 0 0 0 0 1 2 2 0 0 0 0 0 0 0 0 1 2 1 2 1 2 2]
                     [0 0 0 0 0 0 0 0 0 0 0 0 0 0 0 0 0 0 1 1 1 0 0 0 0 0 0 0 0 0 1 5 1 1 3]
                     [0 0 4 0 0 0 0 0 0 0 0 0 0 4 0 0 0 0 0 0 0 0 0 0 0 4 0 0 0 0 0 0 3 1 3]
                     [0 0 0 0 0 0 0 0 0 0 0 0 0 0 0 0 0 0 0 0 0 0 0 0 0 0 0 4 0 0 0 0 0 0 0]
                     [0 0 0 0 0 0 0 0 0 0 0 4 5 0 0 0 1 1 0 0 0 0 0 0 4 0 0 0 0 0 0 0 0 0 0]
                     [0 0 0 0 0 0 4 0 0 0 0 0 5 5 1 1 1 5 0 0 0 0 0 0 0 0 0 0 0 0 0 0 0 4 0]
                     [0 0 0 0 0 4 4 0 0 0 0 0 3 5 2 2 2 2 2 0 0 0 0 4 0 0 0 0 0 0 0 0 0 0 0]
                     [0 0 0 0 0 0 0 0 0 0 0 0 5 2 2 2 3 2 1 4 0 0 0 0 0 0 0 0 0 0 0 4 0 0 0]
                     [0 0 0 0 0 0 0 0 4 0 0 0 1 0 5 2 2 2 1 0 0 4 0 0 0 0 0 0 0 0 0 0 0 0 0]
                     [0 0 0 0 0 0 0 0 0 0 0 0 0 5 2 2 0 1 1 0 4 0 4 0 0 0 0 0 0 0 0 0 0 0 0]
                     [0 0 0 0 0 0 0 1 5 1 4 0 0 1 2 1 2 0 0 0 0 0 0 0 4 0 0 0 0 0 0 0 0 0 0]
                     [0 0 0 0 0 0 1 0 5 3 2 1 0 0 0 1 1 0 0 0 0 4 0 0 4 0 0 0 0 0 0 0 0 0 0]
                     [0 4 0 4 0 0 0 2 5 2 5 2 0 0 0 0 0 0 4 0 0 4 0 0 0 0 0 0 0 0 0 0 0 0 0]
                     [0 0 0 0 0 0 2 2 2 4 2 2 0 0 0 0 0 0 0 0 4 0 0 0 0 0 0 0 0 0 0 4 0 0 0]
                     [4 0 0 0 0 0 5 5 2 2 2 2 1 0 0 0 0 0 0 0 4 0 0 0 0 0 0 0 0 0 0 0 0 0 0]
                     [0 0 0 4 0 0 0 3 4 5 2 5 0 0 0 0 0 0 0 0 0 0 0 0 4 0 0 0 0 0 0 0 0 4 0]

                     [0 0 0 4 5 2 1 2 2 4 0 0 0 0 0 0 0 0 0 0 4 0 0 0 0 0 0 0 0 0 0 0 0 0 4]
                     [1 0 0 2 2 2 2 2 2 2 0 4 0 0 0 0 0 0 0 0 4 0 0 0 0 0 0 0 0 0 0 0 0 0 0]
                     [1 2 1 2 1 5 2 2 2 2 4 0 4 0 0 0 4 0 0 0 0 0 0 0 0 0 0 0 0 0 0 0 0 0 0]
                     [5 2 2 2 1 5 5 2 2 2 2 4 4 0 0 0 0 0 0 0 0 0 0 0 0 0 0 0 0 0 0 0 0 0 0]
                     [2 2 2 1 2 2 0 1 2 2 5 5 0 0 0 0 0 0 0 0 0 0 0 0 0 0 4 0 0 4 0 0 0 0 0]
                     [4 2 2 2 5 5 1 1 0 1 4 0 0 4 0 0 0 0 0 0 0 0 0 0 0 0 0 0 0 0 0 0 0 0 0]
                     [2 2 2 5 2 3 0 4 0 4 4 0 0 0 0 0 0 4 4 0 0 0 0 0 0 4 0 0 0 0 0 0 0 0 0]
                     [2 2 5 4 5 5 0 0 4 0 0 0 0 0 0 0 0 0 0 0 0 0 0 4 0 0 0 0 4 0 0 0 0 0 0]
                     [0 4 5 5 0 0 1 0 0 0 0 0 0 0 0 0 0 0 0 0 4 0 0 4 0 0 0 0 0 0 0 0 0 0 0]
                     [0 0 4 0 0 0 0 0 0 0 0 0 4 0 0 0 0 0 0 0 0 0 0 0 0 0 0 0 0 0 0 0 0 0 0]
                     [0 0 0 4 0 0 0 0 0 0 0 0 0 0 0 0 0 0 0 0 4 0 0 0 0 0 0 0 0 0 0 0 0 0 0]
                     [0 0 0 0 4 0 0 0 0 0 0 0 0 0 0 0 0 1 0 1 3 1 0 0 0 0 0 0 0 0 0 0 0 0 0]
                     [4 0 0 0 0 0 0 0 0 0 0 0 0 0 0 0 1 0 5 1 1 1 0 0 0 0 0 0 0 0 0 0 0 4 0]
                     [0 4 0 0 0 0 0 0 4 0 0 0 0 0 0 1 1 2 1 1 2 3 1 1 0 0 0 0 0 0 1 0 1 0 0]
                     [0 0 4 0 0 0 0 0 0 0 0 0 0 0 0 1 5 5 2 2 2 1 1 3 0 0 0 0 0 1 1 1 1 2 2]
                     [0 0 0 0 0 4 0 0 0 0 0 4 0 4 0 0 0 5 2 2 2 4 1 0 0 0 0 0 1 0 2 5 5 4 2]
                     [0 0 0 0 4 0 0 0 0 0 0 0 0 0 0 0 2 2 2 2 3 4 4 1 0 0 0 0 1 2 2 2 2 2 2]
                     [0 0 0 0 4 0 4 0 0 0 4 4 0 0 0 1 1 1 2 2 2 0 0 4 0 0 0 1 1 2 2 5 2 1 5]
                     [4 0 0 0 0 0 0 0 0 0 0 0 0 0 0 1 1 3 2 2 4 0 0 0 0 0 0 0 1 2 2 2 2 2 4]
                     [0 0 0 0 0 0 0 0 0 0 0 0 0 0 0 1 1 1 2 2 0 1 0 0 0 0 0 0 1 2 1 2 1 2 2]
                     [0 0 0 0 0 0 0 0 0 0 0 0 0 0 0 0 0 1 1 1 1 1 0 0 0 0 0 0 1 0 1 5 2 2 3]
                     [0 0 4 0 0 0 0 0 0 0 0 0 0 4 0 0 0 1 4 3 1 0 0 0 0 4 0 0 0 0 1 1 3 1 3]
                     [0 0 0 0 0 0 0 0 0 0 0 0 1 0 0 0 0 1 0 0 0 0 0 0 0 0 0 4 0 0 0 0 0 0 1]
                     [0 0 0 0 0 0 0 0 0 0 0 1 5 1 1 3 1 1 1 0 0 0 0 0 4 0 0 0 0 0 0 0 0 0 0]
                     [0 0 0 0 0 0 4 0 0 0 0 1 5 2 1 1 1 5 1 0 0 0 0 0 0 0 0 0 0 0 0 0 0 4 0]
                     [0 0 0 0 0 4 4 0 0 0 0 1 1 5 2 2 2 2 2 1 0 0 0 4 0 0 0 0 0 0 0 0 0 0 0]
                     [0 0 0 0 0 0 0 0 0 0 0 3 5 2 2 2 4 2 1 4 0 0 0 0 0 0 0 0 0 0 0 4 0 0 0]
                     [0 0 0 0 0 0 0 0 4 0 0 1 1 0 2 2 2 2 2 1 0 4 0 0 0 0 0 0 0 0 0 0 0 0 0]
                     [0 0 0 0 0 0 0 0 1 0 0 1 1 5 2 2 0 1 1 1 4 0 4 0 0 0 0 0 0 0 0 0 0 0 0]
                     [0 0 0 0 0 1 1 1 5 1 1 0 3 1 2 1 2 0 1 0 0 0 0 0 4 0 0 0 0 0 0 0 0 0 0]
                     [0 0 0 0 0 1 1 3 2 1 2 1 1 1 3 1 1 4 0 0 0 4 0 0 4 0 0 0 0 0 0 0 0 0 0]
                     [0 4 0 4 0 0 1 2 5 2 5 2 1 0 0 4 1 1 4 0 0 4 0 0 0 0 0 0 0 0 0 0 0 0 0]
                     [0 0 0 0 0 0 2 2 2 1 2 2 1 0 0 0 0 0 0 0 4 0 0 0 0 0 0 0 0 0 0 4 0 0 0]
                     [4 0 0 0 0 0 5 5 2 2 2 2 1 0 0 0 0 0 0 0 4 0 0 0 0 0 0 0 0 0 0 0 0 0 0]
                     [0 0 0 4 0 0 1 3 4 5 2 5 0 1 0 0 0 0 0 0 0 0 0 0 4 0 0 0 0 0 0 0 0 4 0]

                     [0 0 0 4 5 2 1 2 2 4 4 0 0 0 0 0 0 0 0 0 4 0 0 0 0 0 0 0 0 0 0 0 0 0 4]
                     [1 0 0 2 2 2 2 2 2 2 0 4 0 0 0 0 0 0 0 0 4 0 0 0 4 4 0 4 0 0 0 0 4 0 0]
                     [1 2 1 2 5 5 2 2 2 2 4 0 4 0 0 0 4 0 0 0 0 0 0 0 0 4 0 0 0 0 0 0 0 4 0]
                     [5 2 2 2 5 5 5 2 2 2 2 4 4 0 0 0 0 0 0 0 0 0 0 4 0 0 4 0 0 0 0 0 0 0 0]
                     [2 2 2 1 2 2 0 1 2 2 5 5 0 0 0 0 0 0 0 0 0 0 0 0 0 0 4 0 0 4 0 0 4 4 0]
                     [4 2 2 2 5 5 5 5 0 5 4 0 0 4 0 0 0 0 0 0 0 4 0 0 0 0 0 0 4 0 0 0 0 0 0]
                     [2 2 2 2 2 3 0 4 0 4 4 0 0 0 0 0 0 4 4 0 0 0 0 0 0 4 0 0 0 0 0 0 0 0 0]
                     [2 2 5 4 5 5 0 0 4 0 0 0 0 0 0 0 0 0 0 0 0 0 0 4 0 0 0 0 4 0 0 0 0 0 0]
                     [0 4 5 5 0 0 1 0 0 0 0 0 0 0 0 0 4 0 0 0 4 0 0 4 0 0 0 0 0 0 0 0 0 0 0]
                     [0 0 4 0 0 0 0 0 0 0 0 0 4 0 0 0 0 0 0 0 0 0 0 0 4 0 0 0 0 0 0 0 0 0 0]
                     [0 0 0 4 0 0 0 0 4 0 0 0 0 0 0 0 0 0 0 0 4 0 4 0 0 0 0 0 0 0 4 0 0 0 0]
                     [0 0 0 0 4 0 0 0 0 0 0 0 0 0 0 0 0 1 0 5 3 5 0 0 0 4 0 0 0 0 0 0 0 0 0]
                     [4 0 0 0 0 0 0 0 0 4 0 0 4 0 0 0 1 0 5 5 5 1 0 0 0 0 0 0 0 0 0 0 0 4 0]
                     [4 4 0 0 0 0 0 0 4 0 0 0 0 0 0 1 1 2 5 5 2 3 1 5 0 0 0 0 0 4 1 0 1 0 0]
                     [0 0 4 0 0 0 0 0 0 0 0 4 4 0 0 1 5 5 2 2 2 2 5 3 0 0 0 4 0 1 1 1 5 2 2]
                     [0 0 0 0 0 4 0 0 0 0 0 4 0 4 0 0 0 5 2 2 2 4 5 0 0 0 0 0 1 4 2 2 5 4 2]
                     [0 0 0 0 4 0 0 0 4 0 0 0 0 0 0 0 2 2 2 2 3 4 4 1 0 0 0 0 2 2 2 2 2 2 2]
                     [0 0 0 0 4 4 4 0 0 0 4 4 0 0 0 5 5 2 2 2 2 0 4 4 0 0 0 1 1 2 2 5 2 1 5]
                     [4 0 0 0 0 0 0 0 0 0 0 0 0 0 0 5 5 3 2 2 4 0 0 0 0 0 0 0 1 2 2 2 2 2 4]
                     [4 4 0 0 0 0 0 0 0 0 0 0 0 0 0 5 5 2 2 2 0 1 0 0 0 4 0 0 1 2 1 2 5 2 2]
                     [4 0 0 0 0 0 4 0 0 0 0 4 0 0 0 0 0 5 1 1 1 1 0 0 0 0 0 0 1 0 1 5 2 2 3]
                     [0 0 4 0 0 0 0 0 0 0 0 0 0 4 0 0 0 5 4 3 1 0 0 0 0 4 0 0 0 4 5 1 3 2 3]
                     [0 0 0 0 0 0 0 0 0 0 0 0 1 0 0 0 0 1 0 0 0 0 0 0 0 0 0 4 0 0 0 0 0 0 1]
                     [0 0 0 0 0 0 0 0 0 0 0 5 5 1 1 3 5 5 5 0 0 0 0 0 4 0 4 0 0 0 0 0 0 0 0]
                     [0 0 0 0 0 0 4 0 0 0 0 5 5 2 1 1 5 5 1 0 0 0 0 0 0 0 0 0 0 0 0 0 0 4 0]
                     [0 0 0 0 0 4 4 0 0 0 0 5 5 2 2 2 2 2 2 1 0 0 0 4 0 0 0 0 0 0 0 0 0 0 0]
                     [0 0 0 0 0 0 0 0 0 0 0 3 5 2 2 2 4 2 1 4 0 0 0 0 0 0 0 0 0 0 0 4 0 0 0]
                     [0 0 0 4 0 0 0 0 4 0 0 5 5 0 2 2 2 2 2 5 0 4 0 0 0 0 0 0 0 0 0 0 0 0 0]
                     [0 0 0 0 0 0 0 0 5 0 0 5 1 5 2 2 0 1 1 1 4 0 4 0 0 0 0 0 0 0 0 0 0 0 0]
                     [0 0 0 0 0 1 5 5 2 2 1 0 3 1 2 1 2 0 1 4 0 0 0 0 4 0 0 0 0 0 0 0 0 0 4]
                     [0 0 0 0 0 1 5 3 2 1 2 1 5 1 3 5 1 4 0 0 0 4 0 0 4 0 0 0 0 0 0 0 0 0 0]
                     [0 4 0 4 0 0 1 2 5 2 5 2 1 0 0 4 5 5 4 0 0 4 0 0 0 0 0 0 0 0 0 0 0 0 0]
                     [0 0 0 0 0 0 2 2 2 5 2 2 1 0 0 0 0 0 0 0 4 0 0 0 4 0 0 0 0 0 0 4 0 4 0]
                     [4 0 0 0 0 0 5 2 2 2 2 2 1 0 0 0 0 0 4 0 4 0 0 0 0 0 0 0 0 0 0 0 0 0 4]
                     [0 4 0 4 0 0 5 4 4 5 2 5 0 1 0 0 0 0 4 0 0 0 0 0 4 0 0 0 0 4 0 0 0 4 0]

                     [0 0 0 4 5 2 1 2 2 4 4 0 0 0 0 0 0 0 0 0 4 0 0 0 0 0 0 0 0 0 0 0 0 0 4]
                     [2 0 0 2 2 2 2 2 2 2 0 4 0 0 0 0 0 0 0 0 4 0 0 0 4 4 0 4 0 0 0 0 4 0 0]
                     [1 2 1 2 5 5 2 2 2 2 4 0 4 0 0 0 4 0 0 0 0 0 0 0 0 4 0 0 0 0 0 0 0 4 0]
                     [5 2 2 2 5 5 5 2 2 2 2 4 4 0 0 0 0 0 0 0 0 0 0 4 0 0 4 0 0 0 0 0 0 0 0]
                     [2 2 2 1 2 2 0 1 2 2 5 5 0 0 0 0 0 0 0 0 0 0 0 0 0 0 4 0 0 4 0 0 4 4 0]
                     [4 2 2 2 2 2 5 5 0 5 4 0 0 4 0 0 0 0 0 0 0 4 0 0 0 0 0 0 4 0 0 0 0 0 0]
                     [2 2 2 2 2 3 0 4 0 4 4 0 0 0 0 0 0 4 4 0 0 0 0 0 0 4 0 0 0 0 0 0 0 0 0]
                     [2 2 5 4 5 5 0 0 4 0 0 0 0 0 0 0 0 0 0 0 0 0 0 4 0 0 0 0 4 0 0 0 0 0 0]
                     [0 4 5 5 0 0 1 0 0 0 0 0 0 0 0 0 4 0 0 0 4 0 0 4 0 0 0 0 0 0 0 0 0 0 0]
                     [0 0 4 0 0 0 0 0 0 0 0 0 4 0 0 0 0 0 0 0 0 0 0 0 4 0 0 0 0 0 0 0 0 0 0]
                     [0 0 0 4 0 0 0 0 4 0 0 0 0 0 0 0 0 0 0 0 4 0 4 0 0 0 0 0 0 0 4 0 0 0 0]
                     [0 0 0 0 4 0 0 0 0 0 0 0 0 0 0 0 0 1 0 5 3 5 0 0 0 4 0 0 0 0 0 0 0 0 0]
                     [4 0 0 0 0 0 0 0 0 4 0 0 4 0 0 0 1 0 5 5 2 1 0 0 0 0 0 0 0 0 0 0 0 4 0]
                     [4 4 0 0 0 0 0 0 4 0 0 0 0 0 0 1 1 2 5 5 2 3 1 5 0 0 0 0 0 4 1 0 1 0 0]
                     [0 0 4 0 0 0 0 0 0 0 0 4 4 0 0 1 5 5 2 2 2 2 5 3 0 0 0 4 0 1 1 1 5 2 2]
                     [0 0 0 0 0 4 0 0 0 0 0 4 0 4 0 0 0 2 2 2 2 4 2 0 0 0 0 0 1 4 2 2 5 4 2]
                     [0 0 0 0 4 0 0 0 4 0 0 0 0 0 0 0 2 2 2 2 3 4 4 1 0 0 0 0 2 2 2 2 2 2 2]
                     [0 0 0 0 4 4 4 0 0 0 4 4 0 0 0 5 5 2 2 2 2 0 4 4 0 0 0 1 1 2 2 5 2 2 5]
                     [4 0 0 0 0 0 0 0 0 0 0 0 0 0 0 5 5 4 2 2 4 0 0 0 0 0 0 0 1 2 2 2 2 2 4]
                     [4 4 0 0 0 0 0 0 0 0 0 0 0 0 0 5 5 2 2 2 0 1 0 0 0 4 0 0 2 2 1 2 5 2 2]
                     [4 0 0 0 0 0 4 0 0 0 0 4 0 0 0 0 0 5 1 1 2 1 0 0 0 0 0 0 1 0 1 5 2 2 4]
                     [0 0 4 0 0 0 0 0 0 0 0 0 0 4 0 0 0 5 4 3 1 0 0 0 0 4 0 0 0 4 5 1 3 2 3]
                     [0 0 0 0 0 0 0 0 0 0 0 0 1 0 0 0 0 1 0 0 0 0 0 0 0 0 0 4 0 0 0 0 0 0 1]
                     [0 0 0 0 0 0 0 0 0 0 0 5 5 1 1 3 5 5 5 0 0 0 0 0 4 0 4 0 0 0 0 0 0 0 0]
                     [0 0 0 0 0 0 4 0 0 0 0 5 5 2 1 1 2 2 1 0 0 0 0 0 0 0 0 0 0 0 0 0 0 4 0]
                     [0 0 0 0 0 4 4 0 0 0 0 5 5 2 2 2 2 2 2 1 0 0 0 4 0 0 0 0 0 0 0 0 0 0 0]
                     [0 0 0 0 0 0 0 0 0 0 0 3 5 2 2 2 4 2 1 4 0 0 0 0 0 0 0 0 0 0 0 4 0 0 0]
                     [0 0 0 4 0 0 0 0 4 0 0 5 5 0 2 2 2 2 2 5 0 4 0 0 0 0 0 0 0 0 0 0 0 0 0]
                     [0 0 0 0 0 0 0 0 5 0 0 5 1 5 2 2 0 1 1 1 4 0 4 0 0 0 0 0 0 0 0 0 0 0 0]
                     [0 0 0 0 0 1 5 5 2 2 1 0 3 1 2 1 2 0 1 4 0 0 0 0 4 0 0 0 0 0 0 0 0 0 4]
                     [0 0 0 0 0 1 5 3 2 1 2 2 5 1 3 5 1 4 0 0 0 4 0 0 4 0 0 0 0 0 0 0 0 0 0]
                     [0 4 0 4 0 0 1 2 2 2 5 2 1 0 0 4 5 5 4 0 0 4 0 0 0 0 0 0 0 0 0 0 0 0 0]
                     [0 0 0 0 0 0 2 2 2 5 2 2 1 0 0 0 0 0 0 0 4 0 0 0 4 0 0 0 0 0 0 4 0 4 0]
                     [4 0 0 0 0 0 2 2 2 2 2 2 1 0 0 0 0 0 4 0 4 0 0 0 0 0 0 0 0 0 0 0 0 0 4]
                     [0 4 0 4 0 0 5 4 4 2 2 2 0 1 0 0 0 0 4 0 0 0 0 0 4 0 0 0 0 4 0 0 0 4 0]

                     [0 0 0 4 5 2 1 2 2 4 4 0 0 0 0 0 0 0 0 0 4 0 0 0 0 0 0 0 0 0 0 0 0 0 4]
                     [2 0 0 2 2 2 2 2 2 2 0 4 0 0 0 0 0 0 0 0 4 0 0 0 4 4 0 4 0 0 0 0 4 0 0]
                     [1 2 1 2 5 2 2 2 2 2 4 0 4 0 0 0 4 0 0 0 0 0 0 0 0 4 0 0 0 0 0 0 0 4 0]
                     [5 2 2 2 2 5 5 2 2 2 2 4 4 0 0 0 0 0 0 0 0 0 0 4 0 0 4 0 0 0 0 0 0 0 0]
                     [2 2 2 1 2 2 0 1 2 2 2 5 0 0 0 0 0 0 0 0 0 0 0 0 0 0 4 0 0 4 0 0 4 4 0]
                     [4 2 2 2 2 2 5 2 0 2 4 0 0 4 0 0 0 0 0 0 0 4 0 0 0 0 0 0 4 0 0 0 0 0 0]
                     [2 2 2 2 2 3 0 4 0 4 4 0 0 0 0 0 0 4 4 0 0 0 0 0 0 4 0 0 0 0 0 0 0 0 0]
                     [2 2 5 4 5 2 0 0 4 0 0 0 0 0 0 0 0 0 0 0 0 0 0 4 0 0 0 0 4 0 0 0 0 0 0]
                     [0 4 5 5 0 0 1 0 0 0 0 0 0 0 0 0 4 0 0 0 4 0 0 4 0 0 0 0 0 0 0 0 0 0 0]
                     [0 0 4 0 0 0 0 0 0 0 0 0 4 0 0 0 0 0 0 0 0 0 0 0 4 0 0 0 0 0 0 0 0 0 0]
                     [0 0 0 4 0 0 0 0 4 0 0 0 0 0 0 0 0 0 0 0 4 0 4 0 0 0 0 0 0 0 4 0 0 0 0]
                     [0 0 0 0 4 0 0 0 0 0 0 0 0 0 0 0 0 1 0 5 3 5 0 0 0 4 0 0 0 0 0 0 0 0 0]
                     [4 0 0 0 0 0 0 0 0 4 0 0 4 0 0 0 1 0 5 5 2 2 0 0 0 0 0 0 0 0 0 0 0 4 0]
                     [4 4 0 0 0 0 0 0 4 0 0 0 0 0 0 1 1 2 5 5 2 3 1 5 0 0 0 0 0 4 1 0 1 0 0]
                     [0 0 4 0 0 0 0 0 0 0 0 4 4 0 0 1 5 5 2 2 2 2 5 3 0 0 0 4 0 1 1 1 5 2 2]
                     [0 0 0 0 0 4 0 0 0 0 0 4 0 4 0 0 0 2 2 2 2 4 2 0 0 0 0 0 1 4 2 2 5 4 2]
                     [0 0 0 0 4 0 0 0 4 0 0 0 0 0 0 0 2 2 2 2 4 4 4 1 0 0 0 0 2 2 2 2 2 2 2]
                     [0 0 0 0 4 4 4 0 0 0 4 4 0 0 0 5 5 2 2 2 2 0 4 4 0 0 0 1 1 2 2 2 2 2 2]
                     [4 0 0 0 0 0 0 0 0 0 0 0 0 0 0 5 5 4 2 2 4 0 0 0 0 0 0 0 2 2 2 2 2 2 4]
                     [4 4 0 0 0 0 0 0 0 0 0 0 0 0 0 5 5 2 2 2 0 1 0 0 0 4 0 0 2 2 1 2 5 2 2]
                     [4 0 0 0 0 0 4 0 0 0 0 4 0 0 0 0 0 5 2 2 2 1 0 0 0 0 0 0 1 0 1 5 2 2 4]
                     [0 0 4 0 0 0 0 0 0 0 0 0 0 4 0 0 0 5 4 3 1 0 0 0 0 4 0 0 0 4 5 1 3 2 3]
                     [0 0 0 0 0 0 0 0 0 0 0 0 1 0 0 0 0 1 0 0 0 0 0 0 0 0 0 4 0 0 0 0 0 0 1]
                     [0 0 0 0 0 0 0 0 0 0 0 5 5 1 1 3 5 5 5 0 0 0 0 0 4 0 4 0 0 0 0 0 0 0 0]
                     [0 0 0 0 0 0 4 0 0 0 0 5 5 2 2 2 2 2 1 0 0 0 0 0 0 0 0 0 0 0 0 0 0 4 0]
                     [0 0 0 0 0 4 4 0 0 0 0 5 5 2 2 2 2 2 2 1 0 0 0 4 0 0 0 0 0 0 0 0 0 0 0]
                     [0 0 0 0 0 0 0 0 0 0 0 3 5 2 2 2 4 2 1 4 0 0 0 0 0 0 0 0 0 0 0 4 0 0 0]
                     [0 0 0 4 0 0 0 0 4 0 0 5 2 0 2 2 2 2 2 5 0 4 0 0 0 0 0 0 0 0 0 0 0 0 0]
                     [0 0 0 0 0 0 0 0 5 0 0 5 2 2 2 2 0 1 1 1 4 0 4 0 0 0 0 0 0 0 0 0 0 0 0]
                     [0 0 0 0 0 1 5 2 2 2 1 0 3 1 2 2 2 0 1 4 0 0 0 0 4 0 0 0 0 0 0 0 0 0 4]
                     [0 0 0 0 0 1 5 3 2 1 2 2 5 1 3 2 1 4 0 0 0 4 0 0 4 0 0 0 0 0 0 0 0 0 0]
                     [0 4 0 4 0 0 1 2 2 2 5 2 1 0 0 4 5 5 4 0 0 4 0 0 0 0 0 0 0 0 0 0 0 0 0]
                     [0 0 0 0 0 0 2 2 2 5 2 2 1 0 0 0 0 0 0 0 4 0 0 0 4 0 0 0 0 0 0 4 0 4 0]
                     [4 0 0 0 0 0 2 2 2 2 2 2 1 0 0 0 0 0 4 0 4 0 0 0 0 0 0 0 0 0 0 0 0 0 4]
                     [0 4 0 4 0 0 5 4 4 2 2 2 0 1 0 0 0 0 4 0 0 0 0 0 4 0 0 0 0 4 0 0 0 4 0]

                     [0 0 0 4 2 2 1 2 2 4 4 0 0 0 0 0 0 0 0 4 4 0 0 0 0 0 0 0 0 0 0 0 0 0 4]
                     [2 1 0 2 2 2 2 2 2 2 0 4 4 0 0 0 0 0 0 0 4 4 0 0 4 4 0 4 0 0 0 0 4 0 0]
                     [1 2 1 2 5 2 2 2 2 2 4 0 4 0 0 0 4 0 0 0 0 4 0 0 0 4 0 0 0 0 0 0 0 4 0]
                     [5 2 2 2 2 2 5 2 2 2 2 4 4 0 0 0 4 0 0 0 0 0 0 4 0 0 4 0 0 0 4 0 0 0 0]
                     [2 2 2 1 2 2 1 2 2 2 2 5 0 0 0 4 0 0 4 0 0 0 0 0 0 0 4 0 0 4 0 0 4 4 0]
                     [4 2 2 2 2 2 5 2 0 2 4 0 1 4 0 0 0 0 0 0 0 4 0 0 0 0 0 0 4 0 0 0 0 0 0]
                     [2 2 2 2 2 3 0 4 0 4 4 0 0 0 0 0 0 4 4 0 0 0 0 0 4 4 0 0 0 0 0 0 0 0 0]
                     [2 2 2 4 5 2 1 0 4 0 0 0 0 0 0 0 0 0 0 4 0 0 0 4 0 4 0 0 4 0 0 4 0 0 0]
                     [4 4 2 2 0 0 1 1 4 0 0 0 0 0 0 4 4 0 0 0 4 0 0 4 0 0 0 0 0 0 0 0 0 0 0]
                     [0 4 4 1 0 0 1 0 0 0 0 0 4 0 0 0 0 0 0 4 0 0 0 0 4 0 0 0 0 0 0 0 0 0 0]
                     [0 0 0 4 0 0 0 4 4 0 0 0 0 0 0 0 0 1 0 0 1 0 4 0 0 0 0 4 0 0 4 0 0 0 0]
                     [0 0 0 0 4 0 0 0 0 0 4 0 0 0 0 1 1 1 1 5 1 5 0 0 4 4 0 0 0 0 0 0 0 0 0]
                     [4 0 0 0 0 0 0 0 0 4 0 4 4 0 0 0 2 1 5 5 2 2 1 1 4 0 0 0 4 0 1 1 1 4 0]
                     [4 4 0 0 4 0 4 0 4 0 0 0 0 0 4 5 5 2 5 5 2 1 1 5 0 0 0 0 0 4 5 0 1 1 0]
                     [4 0 4 0 0 0 0 0 0 0 0 4 4 4 1 2 5 5 2 2 2 2 5 3 0 0 0 4 0 5 5 2 5 2 2]
                     [0 0 0 0 0 4 0 0 0 0 0 4 0 4 0 1 1 2 2 2 2 4 2 0 1 0 0 0 2 4 2 2 2 4 2]
                     [0 0 0 0 4 0 0 0 4 0 0 0 0 4 0 0 2 2 2 2 4 4 4 5 1 0 1 1 2 2 2 2 2 2 2]
                     [0 0 0 0 4 4 4 0 0 0 4 4 0 0 0 5 2 2 2 2 2 0 4 4 0 0 0 1 1 2 2 2 2 2 2]
                     [4 0 0 0 0 0 0 4 0 0 0 0 0 0 1 5 2 1 2 2 4 1 0 0 0 0 0 1 2 2 2 2 2 2 4]
                     [4 4 0 0 0 0 0 0 0 0 0 4 0 0 4 5 5 2 2 2 1 1 0 0 0 4 0 1 2 2 2 2 5 2 2]
                     [4 0 0 0 0 0 4 0 0 0 0 4 0 0 0 4 0 5 2 2 2 1 0 0 0 0 0 1 1 1 5 5 2 2 4]
                     [0 0 4 0 0 0 0 0 0 0 0 0 4 1 4 0 0 5 1 4 1 0 1 0 0 4 0 1 4 1 5 5 1 2 1]
                     [0 0 0 0 0 0 0 0 0 0 0 0 5 4 1 0 1 5 1 0 1 1 4 0 0 0 0 4 0 4 1 0 4 4 1]
                     [0 0 0 0 0 4 0 0 0 0 0 5 2 5 1 1 5 2 5 1 0 0 0 0 4 0 4 0 0 0 0 0 4 1 1]
                     [0 0 0 4 0 0 4 0 4 0 1 5 5 2 2 2 2 2 5 4 0 0 0 0 0 0 0 0 0 0 0 0 0 4 0]
                     [0 0 0 0 0 4 4 0 0 0 0 5 5 2 2 2 2 2 2 1 1 0 0 4 4 0 0 0 0 0 0 0 0 0 0]
                     [0 0 0 0 0 0 0 4 0 0 1 3 5 2 2 2 4 2 2 1 0 0 0 0 0 0 0 0 4 0 0 4 0 0 4]
                     [0 0 0 4 0 0 0 1 4 1 0 5 2 1 2 2 2 2 2 5 0 4 0 0 0 0 4 0 0 0 0 0 0 0 0]
                     [0 0 4 0 1 0 0 0 5 1 1 5 2 2 2 2 4 1 5 1 1 0 4 0 0 0 0 0 0 0 0 0 0 0 0]
                     [0 0 0 0 1 1 5 2 2 2 2 1 1 1 2 2 2 0 5 1 0 0 0 0 4 0 0 4 0 0 0 0 0 0 4]
                     [0 0 0 0 1 5 2 4 2 5 2 2 2 1 3 2 5 4 0 4 0 4 4 0 4 0 4 0 0 0 0 0 0 0 0]
                     [4 4 0 4 0 1 1 2 2 2 5 2 1 1 1 4 5 5 4 0 0 4 0 0 0 0 0 0 4 0 0 0 0 0 0]
                     [0 0 0 0 0 1 2 2 2 5 2 2 1 1 0 0 0 1 0 0 4 4 0 0 4 4 0 0 0 0 0 4 0 4 0]
                     [4 0 0 0 0 0 2 2 2 2 2 2 2 0 4 0 0 0 4 0 4 0 0 0 4 0 0 0 0 0 0 0 0 0 4]
                     [0 4 0 4 0 0 5 4 4 2 2 2 1 1 0 0 0 0 4 0 0 0 0 0 4 0 0 0 0 4 0 0 0 4 0]

                     [0 0 0 4 2 2 1 2 2 4 4 0 0 0 0 0 0 0 0 4 4 0 0 0 0 0 0 0 0 0 0 0 0 0 4]
                     [2 1 0 2 2 2 2 2 2 2 0 4 4 0 0 0 0 0 0 0 4 4 0 0 4 4 0 4 0 0 0 0 4 0 0]
                     [1 2 1 2 5 2 2 2 2 2 4 0 4 0 0 0 4 0 0 0 0 4 0 0 0 4 0 0 0 0 0 0 0 4 0]
                     [5 2 2 2 2 2 5 2 2 2 2 4 4 0 0 0 4 0 0 0 0 0 0 4 0 0 4 0 0 0 4 0 0 0 0]
                     [2 2 2 1 2 2 1 2 2 2 2 5 0 0 0 4 0 0 4 0 0 0 0 0 0 0 4 0 0 4 0 0 4 4 0]
                     [4 2 2 2 2 2 5 2 0 2 4 0 1 4 0 0 0 0 0 0 0 4 0 0 0 0 0 0 4 0 0 0 0 0 0]
                     [2 2 2 2 2 3 0 4 0 4 4 0 0 0 0 0 0 4 4 0 0 0 0 0 4 4 0 0 0 0 0 0 0 0 0]
                     [2 2 2 4 2 2 1 0 4 0 0 0 0 0 0 0 0 0 0 4 0 0 0 4 0 4 0 0 4 0 0 4 0 0 0]
                     [4 4 2 2 0 0 1 1 4 0 0 0 0 0 0 4 4 0 0 0 4 0 0 4 0 0 0 0 0 0 0 0 0 0 0]
                     [0 4 4 1 0 0 1 0 0 0 0 0 4 0 0 0 0 0 0 4 0 0 0 0 4 0 0 0 0 0 0 0 0 0 0]
                     [0 0 0 4 0 0 0 4 4 0 0 0 0 0 0 0 0 1 0 0 1 0 4 0 0 0 0 4 0 0 4 0 0 0 0]
                     [0 0 0 0 4 0 0 0 0 0 4 0 0 0 0 1 1 2 1 5 1 5 0 0 4 4 0 0 0 0 0 0 0 0 0]
                     [4 0 0 0 0 0 0 0 0 4 0 4 4 0 0 0 2 1 5 5 2 2 1 1 4 0 0 0 4 0 1 1 1 4 0]
                     [4 4 0 0 4 0 4 0 4 0 0 0 0 0 4 2 5 2 5 2 2 1 2 5 0 0 0 0 0 4 5 0 1 1 0]
                     [4 0 4 0 0 0 0 0 0 0 0 4 4 4 1 2 5 2 2 2 2 2 5 3 0 0 0 4 0 2 5 2 5 2 2]
                     [0 0 0 0 0 4 0 0 0 0 0 4 0 4 0 1 1 2 2 2 2 4 2 0 1 0 0 0 2 4 2 2 2 4 2]
                     [0 0 0 0 4 0 0 0 4 0 0 0 0 4 0 0 2 2 2 2 4 4 4 5 1 0 1 1 2 2 2 2 2 2 2]
                     [0 0 0 0 4 4 4 0 0 0 4 4 0 0 0 5 2 2 2 2 2 0 4 4 0 0 0 5 2 2 2 2 2 2 2]
                     [4 0 0 0 0 0 0 4 0 0 0 0 0 0 1 5 2 1 2 2 4 1 0 0 0 0 0 1 2 2 2 2 2 2 4]
                     [4 4 0 0 0 0 0 0 0 0 0 4 0 0 4 5 2 2 2 2 1 1 0 0 0 4 0 1 2 2 2 2 5 2 2]
                     [4 0 0 0 0 0 4 0 0 0 0 4 0 0 0 4 0 5 2 2 2 1 0 0 0 0 0 1 5 1 2 2 2 2 4]
                     [0 0 4 0 0 0 0 0 0 0 0 0 4 1 4 0 0 5 1 4 1 0 1 0 0 4 0 1 4 1 5 5 1 2 1]
                     [0 0 0 0 0 0 0 0 0 0 0 0 5 4 1 0 1 5 1 0 1 1 4 0 0 0 0 4 0 4 1 0 4 4 2]
                     [0 0 0 0 0 4 0 0 0 0 0 5 2 5 1 1 5 2 5 1 0 0 0 0 4 0 4 0 0 0 0 0 4 1 5]
                     [0 0 0 4 0 0 4 0 4 0 1 5 2 2 2 2 2 2 5 4 0 0 0 0 0 0 0 0 0 0 0 0 0 4 0]
                     [0 0 0 0 0 4 4 0 0 0 0 5 5 2 2 2 2 2 2 2 1 0 0 4 4 0 0 0 0 0 0 0 0 0 0]
                     [0 0 0 0 0 0 0 4 0 0 1 3 2 2 2 2 4 2 2 1 0 0 0 0 0 0 0 0 4 0 0 4 0 0 4]
                     [0 0 0 4 0 0 0 1 4 1 0 5 2 1 2 2 2 2 2 2 0 4 0 0 0 0 4 0 0 0 0 0 0 0 0]
                     [0 0 4 0 1 0 0 0 5 1 1 5 2 2 2 2 4 2 5 1 1 0 4 0 0 0 0 0 0 0 0 0 0 0 0]
                     [0 0 0 0 1 1 5 2 2 2 2 1 1 2 2 2 2 0 5 1 0 0 0 0 4 0 0 4 0 0 0 0 0 0 4]
                     [0 0 0 0 1 6 2 4 2 5 2 2 2 1 3 2 2 4 0 4 0 4 4 0 4 0 4 0 0 0 0 0 0 0 0]
                     [4 4 0 4 0 1 1 2 2 2 5 2 2 5 1 4 5 2 4 0 0 4 0 0 0 0 0 0 4 0 0 0 0 0 0]
                     [0 0 0 0 0 1 2 2 2 5 2 2 1 1 0 0 0 1 0 0 4 4 0 0 4 4 0 0 0 0 0 4 0 4 0]
                     [4 0 0 0 0 0 2 2 2 2 2 2 2 0 4 0 0 0 4 0 4 0 0 0 4 0 0 0 0 0 0 0 0 0 4]
                     [0 4 0 4 0 0 5 4 4 2 2 2 1 1 0 0 0 0 4 0 0 0 0 0 4 0 0 0 0 4 0 0 0 4 0]

                     [0 0 0 4 2 2 2 2 2 4 4 0 0 0 0 0 0 0 0 4 4 0 0 0 0 0 0 0 0 0 0 0 0 0 4]
                     [2 1 0 2 2 2 2 2 2 2 0 4 4 0 0 0 0 0 0 0 4 4 0 0 4 4 0 4 0 0 0 0 4 0 0]
                     [1 2 1 2 5 2 2 2 2 2 4 0 4 0 0 0 4 0 0 0 0 4 0 0 0 4 0 0 0 0 0 0 0 4 0]
                     [5 2 2 2 2 2 5 2 2 2 2 4 4 0 0 0 4 0 0 0 0 0 0 4 0 0 4 0 0 0 4 0 0 0 0]
                     [2 2 2 2 2 2 1 2 2 2 2 2 0 0 0 4 0 0 4 0 0 0 0 0 0 0 4 0 0 4 0 0 4 4 0]
                     [4 2 2 2 2 2 5 2 0 2 4 0 1 4 0 0 0 0 0 0 0 4 0 0 0 0 0 0 4 0 0 0 0 0 0]
                     [2 2 2 2 2 3 0 4 0 4 4 0 0 0 0 0 0 4 4 0 0 0 0 0 4 4 0 0 0 0 0 0 0 0 0]
                     [2 2 2 4 2 2 1 0 4 0 0 0 0 0 0 0 0 0 0 4 0 0 0 4 0 4 0 0 4 0 0 4 0 0 0]
                     [4 4 2 2 0 0 1 1 4 0 0 0 0 0 0 4 4 0 0 0 4 0 0 4 0 0 0 0 0 0 0 0 0 0 0]
                     [0 4 4 1 0 0 1 0 0 0 0 0 4 0 0 0 0 0 0 4 0 0 0 0 4 0 0 0 0 0 0 0 0 0 0]
                     [0 0 0 4 0 0 0 4 4 0 0 0 0 0 0 0 0 1 0 0 1 0 4 0 0 0 0 4 0 0 4 0 0 0 0]
                     [0 0 0 0 4 0 0 0 0 0 4 0 0 0 0 1 1 2 1 5 1 5 0 0 4 4 0 0 0 0 0 0 0 0 0]
                     [4 0 0 0 0 0 0 0 0 4 0 4 4 0 0 0 2 1 2 5 2 2 1 1 4 0 0 0 4 0 1 1 1 4 0]
                     [4 4 0 0 4 0 4 0 4 0 0 0 0 0 4 2 5 2 2 2 2 1 2 5 0 0 0 0 0 4 5 0 1 1 0]
                     [4 0 4 0 0 0 0 0 0 0 0 4 4 4 1 2 2 2 2 2 2 2 5 3 0 0 0 4 0 2 5 2 5 2 2]
                     [0 0 0 0 0 4 0 0 0 0 0 4 0 4 0 1 1 2 2 2 2 4 2 0 1 0 0 0 2 4 2 2 2 4 2]
                     [0 0 0 0 4 0 0 0 4 0 0 0 0 4 0 0 2 2 2 2 4 4 4 5 1 0 1 1 2 2 2 2 2 2 2]
                     [0 0 0 0 4 4 4 0 0 0 4 4 0 0 0 5 2 2 2 2 2 0 4 4 0 0 0 5 2 2 2 2 2 2 2]
                     [4 0 0 0 0 0 0 4 0 0 0 0 0 0 1 5 2 1 2 2 4 1 0 0 0 0 0 1 2 2 2 2 2 2 4]
                     [4 4 0 0 0 0 0 0 0 0 0 4 0 0 4 5 2 2 2 2 1 1 0 0 0 4 0 1 2 2 2 2 5 2 2]
                     [4 0 0 0 0 0 4 0 0 0 0 4 0 0 0 4 0 5 2 2 2 5 0 0 0 0 0 1 5 1 2 2 2 2 4]
                     [0 0 4 0 0 0 0 0 0 0 0 0 4 1 4 0 0 5 1 4 2 0 1 0 0 4 0 1 4 1 2 5 1 2 1]
                     [0 0 0 0 0 0 0 0 0 0 0 0 5 4 1 0 1 5 1 0 1 1 4 0 0 0 0 4 0 4 1 0 4 4 2]
                     [0 0 0 0 0 4 0 0 0 0 0 5 2 5 1 1 5 2 5 1 0 0 0 0 4 0 4 0 0 0 0 0 4 1 5]
                     [0 0 0 4 0 0 4 0 4 0 1 5 2 2 2 2 2 2 5 4 0 0 0 0 0 0 0 0 0 0 0 0 0 4 0]
                     [0 0 0 0 0 4 4 0 0 0 0 5 5 2 2 2 2 2 2 2 1 0 0 4 4 0 0 0 0 0 0 0 0 0 0]
                     [0 0 0 0 0 0 0 4 0 0 1 3 2 2 2 2 4 2 2 1 0 0 0 0 0 0 0 0 4 0 0 4 0 0 4]
                     [0 0 0 4 0 0 0 1 4 1 0 5 2 1 2 2 2 2 2 2 0 4 0 0 0 0 4 0 0 0 0 0 0 0 0]
                     [0 0 4 0 1 0 0 0 5 1 1 2 2 2 2 2 4 2 2 1 1 0 4 0 0 0 0 0 0 0 0 0 0 0 0]
                     [0 0 0 0 1 1 5 2 2 2 2 1 1 2 2 2 2 0 5 1 0 0 0 0 4 0 0 4 0 0 0 0 0 0 4]
                     [0 0 0 0 1 5 2 4 2 5 2 2 2 1 3 2 2 4 0 4 0 4 4 0 4 0 4 0 0 0 0 0 0 0 0]
                     [4 4 0 4 0 1 1 2 2 2 5 2 2 6 1 4 5 2 4 0 0 4 0 0 0 0 0 0 4 0 0 0 0 0 0]
                     [0 0 0 0 0 1 2 2 2 5 2 2 1 1 0 0 0 1 0 0 4 4 0 0 4 4 0 0 0 0 0 4 0 4 0]
                     [4 0 0 0 0 0 2 2 2 2 2 2 2 0 4 0 0 0 4 0 4 0 0 0 4 0 0 0 0 0 0 0 0 0 4]
                     [0 4 0 4 0 0 5 4 4 2 2 2 1 1 0 0 0 0 4 0 0 0 0 0 4 0 0 0 0 4 0 0 0 4 0]

                     [0 0 0 4 2 2 2 2 2 4 4 0 0 0 0 0 4 0 0 4 4 0 0 0 0 0 0 0 0 0 0 0 0 0 4]
                     [2 1 0 2 2 2 2 2 2 2 0 4 4 4 0 0 0 0 0 0 4 4 0 0 4 4 0 4 0 0 0 0 4 0 0]
                     [5 2 2 2 5 2 2 2 2 2 4 0 4 0 0 0 4 4 0 0 0 4 4 0 0 4 0 0 0 0 0 0 0 4 0]
                     [2 2 2 2 2 2 5 2 2 2 2 4 4 0 0 0 4 0 0 0 0 0 0 4 0 0 4 0 0 0 4 0 0 4 0]
                     [2 2 2 2 2 2 1 2 2 2 2 2 4 0 0 4 0 0 4 0 0 0 0 0 0 0 4 0 0 4 0 0 4 4 0]
                     [4 2 2 2 2 2 5 2 0 2 4 0 5 4 0 0 0 0 0 0 0 4 0 0 0 4 0 0 4 0 0 0 0 4 0]
                     [2 2 2 2 2 4 0 4 0 4 4 0 0 0 0 0 0 4 4 0 0 4 0 0 4 4 0 0 0 0 0 0 0 0 0]
                     [2 2 2 4 2 2 5 4 4 4 0 0 0 0 0 0 0 4 0 4 0 0 0 4 4 4 0 0 4 0 0 4 0 0 0]
                     [4 4 2 2 0 0 1 1 4 0 0 0 0 0 0 4 4 0 0 4 4 0 0 4 0 0 0 0 0 4 0 0 0 0 0]
                     [0 4 4 5 0 0 1 0 0 0 0 0 4 0 0 0 0 0 0 4 0 0 0 0 4 0 4 0 0 0 0 0 4 4 0]
                     [4 0 0 4 0 0 0 4 4 0 0 0 0 0 0 0 0 1 0 0 5 0 4 0 0 0 0 4 0 0 4 0 0 0 0]
                     [0 0 0 0 4 0 0 0 4 0 4 0 0 0 0 1 1 2 5 5 5 5 0 4 4 4 0 0 0 4 0 0 0 4 0]
                     [4 0 0 0 0 0 0 0 0 4 0 4 4 0 0 0 2 1 2 5 2 2 1 5 4 0 0 0 4 0 5 5 5 4 0]
                     [4 4 0 0 4 0 4 0 4 0 0 0 0 0 4 2 2 2 2 2 2 1 2 5 0 0 0 0 0 4 5 0 5 5 0]
                     [4 4 4 0 0 0 0 0 0 0 0 4 4 4 5 2 2 2 2 2 2 2 2 3 0 0 4 4 0 2 5 2 5 2 2]
                     [0 0 0 0 0 4 0 0 0 0 0 4 0 4 0 1 1 2 2 2 2 4 2 4 5 0 0 0 2 4 2 2 2 4 2]
                     [0 0 0 0 4 0 0 0 4 0 0 0 0 4 0 0 2 2 2 2 4 4 4 5 5 0 1 1 2 2 2 2 2 2 2]
                     [0 0 0 0 4 4 4 0 0 0 4 4 0 0 0 5 2 2 2 2 2 0 4 4 4 0 0 2 2 2 2 2 2 2 2]
                     [4 0 0 0 0 0 0 4 0 0 0 0 0 0 5 5 2 1 2 2 4 5 0 0 0 0 0 1 2 2 2 2 2 2 4]
                     [4 4 0 4 0 4 0 0 0 0 0 4 0 4 4 5 2 2 2 2 5 5 0 0 0 4 0 1 2 2 2 2 2 2 2]
                     [4 0 0 0 0 0 4 0 0 0 0 4 0 0 0 4 0 5 2 2 2 2 0 0 0 4 0 5 5 1 2 2 2 2 4]
                     [0 0 4 0 0 0 0 0 0 0 0 0 4 5 4 0 0 5 5 4 2 0 1 0 4 4 0 5 4 5 2 5 5 2 5]
                     [0 0 0 0 0 0 0 0 4 0 0 0 5 4 5 0 5 5 5 0 1 1 4 0 0 0 0 4 0 4 1 0 4 4 2]
                     [4 0 0 0 0 4 0 0 4 0 0 5 2 5 1 5 2 2 2 5 0 0 4 0 4 0 4 0 0 0 0 0 4 5 5]
                     [0 0 0 4 0 0 4 0 4 0 1 5 2 2 2 2 2 2 2 4 0 0 0 0 0 4 0 0 0 0 0 0 0 4 0]
                     [0 0 0 0 0 4 4 0 0 0 4 5 5 2 2 2 2 2 2 2 1 0 0 4 4 0 0 0 0 0 0 0 0 0 0]
                     [0 4 0 0 0 0 4 4 0 0 1 3 2 2 2 2 4 2 2 1 0 4 0 0 0 0 0 0 4 0 0 4 0 0 4]
                     [4 0 0 4 4 0 0 5 4 1 0 5 2 1 2 2 2 2 2 2 0 4 0 0 0 0 4 0 4 0 0 0 0 0 0]
                     [0 0 4 0 1 0 0 0 5 5 5 2 2 2 2 2 4 2 2 1 1 0 4 4 0 0 0 0 0 0 0 0 0 0 0]
                     [0 0 0 0 1 1 5 2 2 2 2 1 1 2 2 2 2 0 5 5 0 4 0 0 4 0 0 4 0 0 0 0 0 0 4]
                     [0 0 0 0 1 2 2 4 2 2 2 2 2 2 3 2 2 4 0 4 0 4 4 0 4 0 4 0 0 0 0 0 0 0 4]
                     [4 4 4 4 0 1 2 2 2 2 2 2 2 5 5 4 2 2 4 0 0 4 0 0 0 0 0 0 4 0 0 0 4 0 0]
                     [0 0 0 0 0 1 2 2 2 5 2 2 2 1 4 4 0 1 0 0 4 4 4 0 4 4 0 0 0 0 0 4 0 4 4]
                     [4 0 0 0 0 0 2 2 2 2 2 2 2 0 4 0 0 0 4 0 4 0 0 0 4 4 0 0 0 0 0 0 0 0 4]
                     [0 4 0 4 0 0 5 4 4 2 2 2 1 1 0 4 0 0 4 0 0 0 0 0 4 0 0 0 0 4 4 0 0 4 0]

                     [1 3 0 4 2 2 2 2 2 4 4 0 0 0 0 0 4 0 0 4 4 0 0 0 0 0 0 0 0 0 0 0 0 0 4]
                     [2 2 1 2 2 2 2 2 2 2 0 4 4 4 0 0 0 0 0 0 4 4 0 0 4 4 0 4 0 0 0 0 4 0 0]
                     [2 2 2 2 5 2 2 2 2 2 4 0 4 0 0 0 4 4 0 0 0 4 4 0 0 4 0 0 0 0 0 0 0 4 0]
                     [2 2 2 2 2 2 2 2 2 2 2 4 4 0 0 0 4 0 0 0 0 0 0 4 0 0 4 0 0 0 4 0 0 4 0]
                     [2 2 2 2 2 2 2 2 2 2 2 2 4 0 0 4 0 0 4 0 0 0 0 0 0 0 4 0 0 4 0 0 4 4 0]
                     [4 2 2 2 2 2 5 2 0 2 4 0 5 4 0 0 0 0 0 0 0 4 0 0 0 4 0 0 4 0 0 0 0 4 0]
                     [2 2 2 2 2 4 1 4 0 4 4 0 0 1 0 0 0 4 4 0 0 4 0 0 4 4 0 0 0 0 0 0 0 0 0]
                     [2 2 2 4 2 2 5 1 1 4 0 0 0 0 0 0 0 4 0 4 0 0 0 4 4 4 0 0 4 0 0 4 0 0 0]
                     [4 4 2 2 1 1 2 1 1 0 0 0 0 0 0 4 4 0 0 4 4 0 0 4 0 0 0 0 0 4 0 0 0 0 0]
                     [0 4 4 5 0 1 1 0 0 0 0 0 4 0 0 0 4 0 1 4 0 0 0 0 4 0 4 0 0 0 0 0 4 4 0]
                     [4 0 0 4 0 1 0 4 4 0 0 0 0 0 0 3 1 1 1 0 5 0 4 0 0 0 0 4 0 0 4 0 0 0 0]
                     [0 0 0 0 4 0 0 0 4 0 4 0 0 0 1 1 1 2 5 2 5 2 1 1 4 4 0 0 0 1 0 1 1 4 0]
                     [4 0 0 0 0 0 0 0 0 4 0 4 4 0 1 0 2 1 2 5 2 2 1 5 4 0 0 0 4 0 5 5 5 4 0]
                     [4 4 0 0 4 0 4 0 4 0 0 0 0 1 4 2 2 2 2 2 2 1 2 2 0 0 0 0 0 4 2 1 2 5 1]
                     [4 4 4 0 0 0 0 0 0 0 0 4 4 4 5 2 2 2 2 2 2 2 2 1 0 0 4 4 0 2 5 2 5 2 2]
                     [0 0 0 0 0 4 0 0 0 0 0 4 0 4 1 1 1 2 2 2 2 4 2 4 5 4 4 0 2 4 2 2 2 1 2]
                     [0 0 0 0 4 0 0 0 4 0 0 0 0 4 1 3 2 2 2 2 4 4 4 2 5 0 1 1 2 2 2 2 2 2 2]
                     [0 0 0 0 4 4 4 0 0 0 4 4 0 1 0 5 2 2 2 2 2 0 4 4 4 1 1 2 2 2 2 2 2 2 2]
                     [4 0 0 0 0 0 0 4 0 0 0 0 0 0 5 5 2 1 2 2 1 5 0 0 0 0 3 1 2 2 2 2 2 2 4]
                     [4 4 0 4 0 4 0 0 0 0 0 4 0 4 4 5 2 2 2 2 5 2 1 0 0 4 1 1 2 2 2 2 2 2 2]
                     [4 0 0 0 0 0 4 0 0 0 0 4 0 0 0 4 0 5 2 2 2 2 1 1 0 4 4 5 2 1 2 2 2 2 4]
                     [0 0 4 0 0 0 0 0 0 0 0 0 4 5 4 0 4 2 5 4 2 3 1 0 4 4 0 5 4 5 2 5 5 2 5]
                     [0 0 0 0 0 0 0 0 4 0 0 0 5 1 5 0 5 5 5 1 1 1 1 0 0 0 0 4 0 4 1 1 1 4 2]
                     [4 0 0 0 0 4 0 0 4 1 0 5 2 5 2 5 2 2 2 5 3 1 4 0 4 0 4 0 0 0 0 0 4 5 5]
                     [0 0 0 4 0 0 4 0 4 0 1 5 2 2 2 2 2 2 2 1 1 1 0 0 0 4 0 0 0 0 0 0 0 4 0]
                     [0 0 0 0 0 4 4 0 0 4 5 5 2 2 2 2 2 2 2 2 2 0 0 4 4 0 0 0 0 0 0 0 0 0 0]
                     [0 4 0 0 0 0 4 4 1 1 1 1 2 2 2 2 4 2 2 1 1 1 0 0 0 0 0 0 4 0 0 4 0 0 4]
                     [4 0 0 4 1 0 0 5 4 1 3 2 2 1 2 2 2 2 2 2 0 1 0 0 0 0 4 0 4 0 0 0 0 0 0]
                     [0 0 4 0 1 3 1 1 5 5 5 2 2 2 2 2 4 2 2 1 1 1 4 4 0 0 0 0 0 0 0 0 0 0 0]
                     [0 0 0 0 1 1 5 2 2 2 2 1 1 2 2 2 2 0 2 5 0 4 0 0 4 0 0 4 0 0 0 0 0 0 4]
                     [0 0 0 1 1 2 2 4 2 2 2 2 2 2 3 2 2 4 0 4 4 4 4 0 4 0 4 0 0 0 0 0 0 0 4]
                     [4 4 4 4 3 1 2 2 2 2 2 2 2 5 5 4 2 2 4 0 0 4 0 0 0 0 0 0 4 0 0 0 4 0 0]
                     [0 0 0 0 1 1 2 2 2 5 2 2 2 1 4 4 1 1 1 0 4 4 4 0 4 4 0 0 0 0 0 4 0 4 4]
                     [4 0 0 0 0 0 2 2 2 2 2 2 2 1 4 0 0 0 1 0 4 0 0 0 4 4 0 0 0 0 0 0 0 0 4]
                     [0 4 0 4 0 1 2 1 4 2 2 2 1 1 0 4 0 0 4 0 0 0 0 0 4 0 0 0 0 4 4 0 0 4 0]

                     [1 3 0 4 2 2 2 2 2 4 4 0 0 0 0 0 4 0 0 4 4 0 0 0 0 0 0 0 0 0 0 0 0 0 4]
                     [2 2 1 2 2 2 2 2 2 2 0 4 4 4 0 0 0 0 0 0 4 4 0 0 4 4 0 4 0 0 0 0 4 0 0]
                     [2 2 2 2 5 2 2 2 2 2 4 0 4 0 0 0 4 4 0 0 0 4 4 0 0 4 0 0 0 0 0 0 0 4 0]
                     [2 2 2 2 2 2 2 2 2 2 2 4 4 0 0 0 4 0 0 0 0 0 0 4 0 0 4 0 0 0 4 0 0 4 0]
                     [2 2 2 2 2 2 2 2 2 2 2 2 4 0 0 4 0 0 4 0 0 0 0 0 0 0 4 0 0 4 0 0 4 4 0]
                     [4 2 2 2 2 2 5 2 0 2 4 0 5 4 0 0 0 0 0 0 0 4 0 0 0 4 0 0 4 0 0 0 0 4 0]
                     [2 2 2 2 2 4 1 4 0 4 4 0 0 1 0 0 0 4 4 0 0 4 0 0 4 4 0 0 0 0 0 0 0 0 0]
                     [2 2 2 4 2 2 5 5 1 4 0 0 0 0 0 0 0 4 0 4 0 0 0 4 4 4 0 0 4 0 0 4 0 0 0]
                     [4 4 2 2 1 1 2 1 1 0 0 0 0 0 0 4 4 0 0 4 4 0 0 4 0 0 0 0 0 4 0 0 0 0 0]
                     [0 4 4 2 0 5 1 0 0 0 0 0 4 0 0 0 4 0 1 4 0 0 0 0 4 0 4 0 0 0 0 0 4 4 0]
                     [4 0 0 4 0 1 0 4 4 0 0 0 0 0 0 3 1 5 1 0 5 0 4 0 0 0 0 4 0 0 4 0 0 0 0]
                     [0 0 0 0 4 0 0 0 4 0 4 0 0 0 1 5 1 2 5 2 5 2 1 1 4 4 0 0 0 1 0 1 1 4 0]
                     [4 0 0 0 0 0 0 0 0 4 0 4 4 0 1 0 2 1 2 5 2 2 1 5 4 0 0 0 4 0 5 5 2 4 0]
                     [4 4 0 0 4 0 4 0 4 0 0 0 0 1 4 2 2 2 2 2 2 2 2 2 0 0 0 0 0 4 2 1 2 5 1]
                     [4 4 4 0 0 0 0 0 0 0 0 4 4 4 5 2 2 2 2 2 2 2 2 1 0 0 4 4 0 2 2 2 5 2 2]
                     [0 0 0 0 0 4 0 0 0 0 0 4 0 4 1 1 2 2 2 2 2 4 2 4 5 4 4 0 2 4 2 2 2 1 2]
                     [0 0 0 0 4 0 0 0 4 0 0 0 0 4 1 3 2 2 2 2 4 4 4 2 5 0 1 1 2 2 2 2 2 2 2]
                     [0 0 0 0 4 4 4 0 0 0 4 4 0 1 0 2 2 2 2 2 2 0 4 4 4 1 1 2 2 2 2 2 2 2 2]
                     [4 0 0 0 0 0 0 4 0 0 0 0 0 0 5 2 2 1 2 2 1 5 0 0 0 0 3 1 2 2 2 2 2 2 4]
                     [4 4 0 4 0 4 0 0 0 0 0 4 0 4 4 2 2 2 2 2 5 2 1 0 0 4 1 1 2 2 2 2 2 2 2]
                     [4 0 0 0 0 0 4 0 0 0 0 4 0 0 0 4 0 5 2 2 2 2 1 1 0 4 4 5 2 1 2 2 2 2 4]
                     [0 0 4 0 0 0 0 0 0 0 0 0 4 5 4 0 4 2 5 4 2 3 1 0 4 4 0 5 4 5 2 2 5 2 5]
                     [0 0 0 0 0 0 0 0 4 0 0 0 5 1 5 0 5 2 5 1 1 1 1 0 0 0 0 4 0 4 1 1 1 4 2]
                     [4 0 0 0 0 4 0 0 4 1 0 5 2 5 2 5 2 2 2 5 3 1 4 0 4 0 4 0 0 0 0 0 4 2 5]
                     [0 0 0 4 0 0 4 0 4 0 1 5 2 2 2 2 2 2 2 1 1 1 0 0 0 4 0 0 0 0 0 0 0 4 0]
                     [0 0 0 0 0 4 4 0 0 4 6 2 2 2 2 2 2 2 2 2 2 0 0 4 4 0 0 0 0 0 0 0 0 0 0]
                     [0 4 0 0 0 0 4 4 1 1 1 1 2 2 2 2 4 2 2 1 1 1 0 0 0 0 0 0 4 0 0 4 0 0 4]
                     [4 0 0 4 1 0 0 5 4 1 3 2 2 1 2 2 2 2 2 2 0 5 0 0 0 0 4 0 4 0 0 0 0 0 0]
                     [0 0 4 0 1 3 1 1 5 5 5 2 2 2 2 2 4 2 2 1 1 1 4 4 0 0 0 0 0 0 0 0 0 0 0]
                     [0 0 0 0 1 5 5 2 2 2 2 1 1 2 2 2 2 0 2 2 0 4 0 0 4 0 0 4 0 0 0 0 0 0 4]
                     [0 0 0 1 1 2 2 4 2 2 2 2 2 2 3 2 2 4 0 4 4 4 4 0 4 0 4 0 0 0 0 0 0 0 4]
                     [4 4 4 4 3 1 2 2 2 2 2 2 2 5 5 4 2 2 4 0 0 4 0 0 0 0 0 0 4 0 0 0 4 0 0]
                     [0 0 0 0 1 1 2 2 2 5 2 2 2 1 4 4 1 1 1 0 4 4 4 0 4 4 0 0 0 0 0 4 0 4 4]
                     [4 0 0 0 0 0 2 2 2 2 2 2 2 1 4 0 0 0 1 0 4 0 0 0 4 4 0 0 0 0 0 0 0 0 4]
                     [0 4 0 4 0 1 2 1 4 2 2 2 2 5 0 4 0 0 4 0 0 0 0 0 4 0 0 0 0 4 4 0 0 4 0]

                     [1 3 4 4 2 2 2 2 2 4 4 0 0 0 0 0 4 0 0 4 4 0 0 0 4 0 0 0 0 0 0 0 0 0 4]
                     [2 2 1 2 2 2 2 2 2 2 0 4 4 4 4 0 0 0 0 0 4 4 0 0 4 4 0 4 4 0 4 0 4 0 0]
                     [2 2 2 2 5 2 2 2 2 2 4 0 4 0 0 0 4 4 0 0 0 4 4 0 0 4 0 0 0 0 4 0 0 4 0]
                     [2 2 2 2 2 2 2 2 2 2 2 4 4 0 0 0 4 0 0 0 0 0 0 4 0 0 4 0 0 0 4 0 0 4 0]
                     [2 2 2 2 2 2 2 2 2 2 2 2 4 4 4 4 0 0 4 0 0 0 0 0 0 0 4 0 0 4 4 0 4 4 0]
                     [4 2 2 2 2 2 2 2 0 2 4 0 2 4 0 0 0 0 0 0 0 4 0 0 0 4 0 0 4 0 0 0 0 4 0]
                     [2 2 2 2 2 4 5 4 0 4 4 0 0 1 0 0 0 4 4 0 0 4 0 0 4 4 0 0 0 0 0 0 0 0 0]
                     [2 2 2 4 2 2 5 5 5 4 0 4 0 0 0 0 0 4 0 4 0 0 0 4 4 4 0 0 4 0 0 4 0 0 0]
                     [4 4 2 2 1 5 2 5 5 0 0 0 0 0 0 4 4 0 4 4 4 0 0 4 0 0 0 0 0 4 0 0 0 0 0]
                     [4 4 4 2 0 5 5 0 0 0 0 4 4 0 0 4 4 0 5 4 0 0 0 0 4 0 4 0 4 0 0 0 4 4 0]
                     [4 0 0 4 0 5 0 4 4 0 0 0 0 0 0 3 5 5 5 0 2 4 4 0 0 4 0 4 0 0 4 4 0 0 0]
                     [0 0 0 0 4 0 0 0 4 0 4 0 0 0 1 2 5 2 5 2 5 2 5 5 4 4 0 0 0 1 4 5 5 4 0]
                     [4 0 4 0 0 0 0 0 0 4 0 4 4 0 1 0 2 2 2 5 2 2 2 5 4 0 0 0 4 0 5 5 2 4 0]
                     [4 4 0 0 4 0 4 0 4 4 0 0 0 5 4 2 2 2 2 2 2 2 2 2 0 0 0 0 0 4 2 5 2 2 1]
                     [4 4 4 0 0 0 0 0 0 0 4 4 4 4 5 2 2 2 2 2 2 2 2 5 0 0 4 4 0 2 2 2 5 2 2]
                     [0 0 0 0 0 4 0 4 0 0 0 4 0 4 1 1 2 2 2 2 2 4 2 4 5 4 4 0 2 4 2 2 2 1 2]
                     [0 0 0 4 4 4 0 0 4 0 0 0 0 4 1 3 2 2 2 2 4 4 4 2 5 0 2 1 2 2 2 2 2 2 2]
                     [0 0 0 0 4 4 4 0 0 0 4 4 0 1 0 2 2 2 2 2 2 0 4 4 4 5 5 2 2 2 2 2 2 2 2]
                     [4 0 0 0 0 0 0 4 0 4 0 0 0 0 5 2 2 2 2 2 5 2 0 0 0 0 3 1 2 2 2 2 2 2 4]
                     [4 4 0 4 0 4 0 0 0 0 4 4 0 4 4 2 2 2 2 2 5 2 1 0 0 4 5 2 2 2 2 2 2 2 2]
                     [4 0 0 0 4 0 4 0 0 0 0 4 0 0 0 4 4 5 2 2 2 2 1 1 4 4 4 5 2 5 2 2 2 2 4]
                     [0 0 4 0 0 0 0 0 0 0 0 4 4 5 4 0 4 2 5 4 2 3 2 0 4 4 0 2 4 5 2 2 2 2 5]
                     [0 0 0 4 4 0 4 0 4 0 0 0 5 5 5 0 5 2 5 5 5 2 5 0 0 0 0 4 0 4 5 1 5 4 2]
                     [4 0 0 0 4 4 4 0 4 5 0 2 2 2 2 5 2 2 2 5 3 5 4 0 4 0 4 0 0 0 0 0 4 2 5]
                     [0 0 0 4 0 0 4 4 4 0 2 2 2 2 2 2 2 2 2 5 1 5 4 0 0 4 0 0 0 0 0 0 0 4 0]
                     [0 0 0 0 0 4 4 0 0 4 5 2 2 2 2 2 2 2 2 2 2 0 0 4 4 0 0 0 0 0 0 0 0 0 0]
                     [0 4 0 0 0 0 4 4 5 1 2 1 2 2 2 2 4 2 2 1 1 1 4 0 0 0 0 0 4 0 4 4 0 0 4]
                     [4 0 0 4 1 4 0 5 4 5 3 2 2 2 2 2 2 2 2 2 0 6 0 0 0 0 4 0 4 0 0 0 0 0 0]
                     [0 0 4 0 5 3 5 5 2 5 2 2 2 2 2 2 4 2 2 1 1 5 4 4 4 0 0 0 4 0 0 0 0 4 0]
                     [0 0 0 0 1 6 2 2 2 2 2 5 1 2 2 2 2 0 2 2 0 4 0 4 4 0 0 4 0 0 0 0 0 0 4]
                     [0 0 0 5 5 2 2 4 2 2 2 2 2 2 3 2 2 4 4 4 4 4 4 0 4 0 4 0 0 0 0 0 0 0 4]
                     [4 4 4 4 3 1 2 2 2 2 2 2 2 5 5 4 2 2 4 4 0 4 4 0 0 0 0 0 4 0 0 0 4 0 0]
                     [0 0 0 0 1 1 2 2 2 2 2 2 2 5 4 4 1 5 5 0 4 4 4 0 4 4 0 0 0 0 0 4 4 4 4]
                     [4 0 0 0 0 0 2 2 2 2 2 2 2 1 4 0 0 0 1 0 4 0 0 0 4 4 4 0 0 0 0 0 0 0 4]
                     [0 4 0 4 0 1 2 1 4 2 2 2 2 5 0 4 0 4 4 0 4 0 0 4 4 0 0 0 0 4 4 0 0 4 0]

                     [1 3 4 4 2 2 2 2 2 4 4 0 0 0 0 0 4 0 0 4 4 0 0 0 4 0 0 0 0 0 0 0 0 0 4]
                     [2 2 1 2 2 2 2 2 2 2 0 4 4 4 4 0 0 0 0 0 4 4 0 0 4 4 0 4 4 0 4 0 4 0 0]
                     [2 2 2 2 5 2 2 2 2 2 4 0 4 0 0 0 4 4 0 0 0 4 4 0 0 4 0 0 0 0 4 0 0 4 0]
                     [2 2 2 2 2 2 2 2 2 2 2 4 4 0 0 0 4 0 0 0 0 0 0 4 0 0 4 0 0 0 4 0 0 4 0]
                     [2 2 2 2 2 2 2 2 2 2 2 2 4 4 4 4 0 0 4 0 0 0 0 0 0 0 4 0 0 4 4 0 4 4 0]
                     [4 2 2 2 2 2 2 2 0 2 4 0 2 4 0 0 0 0 0 0 0 4 0 0 0 4 0 0 4 0 0 0 0 4 0]
                     [2 2 2 2 2 4 5 4 0 4 4 0 0 1 0 0 0 4 4 0 0 4 0 0 4 4 0 0 0 0 0 0 0 0 0]
                     [2 2 2 4 2 2 5 5 5 4 0 4 0 0 0 0 0 4 0 4 0 0 0 4 4 4 0 0 4 0 0 4 0 0 0]
                     [4 4 2 2 1 5 2 5 5 0 0 0 0 0 0 4 4 0 4 4 4 0 0 4 0 0 0 0 0 4 0 0 0 0 0]
                     [4 4 4 2 0 5 2 0 0 0 0 4 4 0 0 4 4 0 5 4 0 0 0 0 4 0 4 0 4 0 0 0 4 4 0]
                     [4 0 0 4 0 5 0 4 4 0 0 0 0 0 0 3 5 5 5 0 2 4 4 0 0 4 0 4 0 0 4 4 0 0 0]
                     [0 0 0 0 4 0 0 0 4 0 4 0 0 0 1 2 5 2 2 2 5 2 5 5 4 4 0 0 0 1 4 5 5 4 0]
                     [4 0 4 0 0 0 0 0 0 4 0 4 4 0 1 0 2 2 2 5 2 2 2 5 4 0 0 0 4 0 2 2 2 4 0]
                     [4 4 0 0 4 0 4 0 4 4 0 0 0 5 4 2 2 2 2 2 2 2 2 2 0 0 0 0 0 4 2 5 2 2 1]
                     [4 4 4 0 0 0 0 0 0 0 4 4 4 4 5 2 2 2 2 2 2 2 2 5 0 0 4 4 0 2 2 2 2 2 2]
                     [0 0 0 0 0 4 0 4 0 0 0 4 0 4 1 2 2 2 2 2 2 4 2 4 2 4 4 0 2 4 2 2 2 1 2]
                     [0 0 0 4 4 4 0 0 4 0 0 0 0 4 1 3 2 2 2 2 4 4 4 2 2 0 2 2 2 2 2 2 2 2 2]
                     [0 0 0 0 4 4 4 0 0 0 4 4 0 2 0 2 2 2 2 2 2 0 4 4 4 5 5 2 2 2 2 2 2 2 2]
                     [4 0 0 0 0 0 0 4 0 4 0 0 0 0 5 2 2 2 2 2 5 2 0 0 0 0 3 2 2 2 2 2 2 2 4]
                     [4 4 0 4 0 4 0 0 0 0 4 4 0 4 4 2 2 2 2 2 5 2 1 0 0 4 5 2 2 2 2 2 2 2 2]
                     [4 0 0 0 4 0 4 0 0 0 0 4 0 0 0 4 4 2 2 2 2 2 1 1 4 4 4 5 2 2 2 2 2 2 4]
                     [0 0 4 0 0 0 0 0 0 0 0 4 4 5 4 0 4 2 5 4 2 3 2 0 4 4 0 2 4 5 2 2 2 2 2]
                     [0 0 0 4 4 0 4 0 4 0 0 0 5 5 2 0 2 2 5 5 5 2 5 0 0 0 0 4 0 4 5 1 5 4 2]
                     [4 0 0 0 4 4 4 0 4 5 0 2 2 2 2 5 2 2 2 2 3 5 4 0 4 0 4 0 0 0 0 0 4 2 5]
                     [0 0 0 4 0 0 4 4 4 0 2 2 2 2 2 2 2 2 2 5 1 5 4 0 0 4 0 0 0 0 0 0 0 4 0]
                     [0 0 0 0 0 4 4 0 0 4 5 2 2 2 2 2 2 2 2 2 2 0 0 4 4 0 0 0 0 0 0 0 0 0 0]
                     [0 4 0 0 0 0 4 4 5 1 2 1 2 2 2 2 4 2 2 1 1 1 4 0 0 0 0 0 4 0 4 4 0 0 4]
                     [4 0 0 4 1 4 0 5 4 5 3 2 2 2 2 2 2 2 2 2 0 5 0 0 0 0 4 0 4 0 0 0 0 0 0]
                     [0 0 4 0 5 3 5 5 2 2 2 2 2 2 2 2 4 2 2 1 1 5 4 4 4 0 0 0 4 0 0 0 0 4 0]
                     [0 0 0 0 2 2 2 2 2 2 2 2 1 2 2 2 2 0 2 2 0 4 0 4 4 0 0 4 0 0 0 0 0 0 4]
                     [0 0 0 5 5 2 2 4 2 2 2 2 2 2 3 2 2 4 4 4 4 4 4 0 4 0 4 0 0 0 0 0 0 0 4]
                     [4 4 4 4 3 1 2 2 2 2 2 2 2 5 2 4 2 2 4 4 0 4 4 0 0 0 0 0 4 0 0 0 4 0 0]
                     [0 0 0 0 1 2 2 2 2 2 2 2 2 5 4 4 1 5 5 0 4 4 4 0 4 4 0 0 0 0 0 4 4 4 4]
                     [4 0 0 0 0 0 2 2 2 2 2 2 2 1 4 0 0 0 1 0 4 0 0 0 4 4 4 0 0 0 0 0 0 0 4]
                     [0 4 0 4 0 1 2 1 4 2 2 2 2 2 0 4 0 4 4 0 4 0 0 4 4 0 0 0 0 4 4 0 0 4 0]

                     [1 3 1 3 2 2 2 2 2 4 4 4 4 4 0 0 4 0 0 4 4 0 0 0 4 0 0 0 0 0 0 0 4 0 4]
                     [2 2 1 2 2 2 2 2 2 2 0 4 4 4 4 0 0 0 0 0 4 4 0 0 4 4 0 4 4 0 4 0 4 0 0]
                     [2 2 2 2 5 2 2 2 2 2 4 4 4 0 0 0 4 4 0 0 0 4 4 0 4 4 0 4 0 0 4 0 0 4 0]
                     [2 2 2 2 2 2 2 2 2 2 2 4 4 4 0 0 4 0 0 4 0 0 0 4 0 4 4 0 0 0 4 0 0 4 0]
                     [2 2 2 2 2 2 2 2 2 2 2 2 4 4 4 4 0 4 4 4 0 0 0 0 0 0 4 0 0 4 4 0 4 4 0]
                     [4 2 2 2 2 2 2 2 0 2 4 4 2 4 1 0 0 0 0 0 0 4 0 0 0 4 0 0 4 0 0 0 0 4 4]
                     [2 2 2 2 2 1 5 1 1 4 4 4 0 1 1 4 0 4 4 0 0 4 0 0 4 4 0 0 0 0 0 0 0 0 0]
                     [2 2 2 4 2 2 2 5 5 4 4 4 1 0 0 0 0 4 0 4 0 0 0 4 4 4 0 0 4 0 0 4 0 4 0]
                     [4 4 2 2 5 5 2 5 5 0 4 0 0 0 4 4 4 0 1 4 4 0 0 4 0 0 4 0 0 4 0 4 0 0 0]
                     [4 4 4 2 0 5 2 0 4 4 0 4 4 0 0 4 4 1 5 4 0 0 0 0 4 0 4 0 4 0 0 0 4 4 0]
                     [4 0 4 4 4 5 0 4 4 0 0 0 0 1 1 1 2 5 5 0 2 4 4 0 0 4 0 4 0 0 4 4 0 0 0]
                     [0 0 0 0 4 0 1 0 4 0 4 0 0 0 1 2 5 2 2 2 5 2 5 5 4 4 0 0 0 5 4 5 5 4 0]
                     [4 0 4 0 4 0 0 0 0 4 0 4 4 0 5 1 2 2 2 2 2 2 2 5 4 0 0 4 4 0 2 2 2 4 0]
                     [4 4 4 4 4 0 4 0 4 4 0 0 4 5 4 2 2 2 2 2 2 2 2 2 0 4 0 0 0 4 2 5 2 2 5]
                     [4 4 4 0 0 0 0 0 0 0 4 4 1 4 5 2 2 2 2 2 2 2 2 5 0 0 4 4 0 2 2 2 2 2 2]
                     [0 0 0 0 0 4 0 4 0 0 0 4 0 1 5 2 2 2 2 2 2 4 2 1 2 4 4 0 2 4 2 2 2 1 2]
                     [0 0 0 4 4 4 0 0 4 0 0 4 0 4 1 3 2 2 2 2 4 4 4 2 2 0 2 2 2 2 2 2 2 2 2]
                     [0 0 0 0 4 4 4 0 4 0 4 4 0 2 0 2 2 2 2 2 2 0 4 4 4 5 5 2 2 2 2 2 2 2 2]
                     [4 0 0 0 0 0 0 4 0 4 4 4 0 0 2 2 2 2 2 2 5 2 0 0 4 0 3 2 2 2 2 2 2 2 4]
                     [4 4 0 4 0 4 4 0 0 4 4 4 4 4 1 2 2 2 2 2 2 2 1 1 4 4 5 2 2 2 2 2 2 2 2]
                     [4 0 0 0 4 4 4 0 0 0 0 4 0 4 0 4 4 2 2 2 2 2 2 2 4 4 4 5 2 2 2 2 2 2 4]
                     [0 4 4 4 0 4 0 0 0 0 0 4 4 5 4 0 4 2 2 4 2 4 2 0 4 4 0 2 4 2 2 2 2 2 2]
                     [0 4 0 4 4 0 4 0 4 4 0 0 2 5 2 0 2 2 5 5 5 2 5 0 0 0 0 4 0 4 5 2 5 4 2]
                     [4 0 0 4 4 4 4 0 4 5 0 2 2 2 2 5 2 2 2 2 4 5 4 0 4 0 4 4 0 0 0 1 1 2 5]
                     [0 0 0 4 0 0 4 4 4 0 2 2 2 2 2 2 2 2 2 5 5 5 4 4 0 4 0 0 0 0 0 0 0 4 0]
                     [0 0 0 0 0 4 4 0 0 4 5 2 2 2 2 2 2 2 2 2 2 1 4 4 4 0 0 0 0 0 4 0 0 0 0]
                     [0 4 0 0 0 4 4 4 5 5 2 1 2 2 2 2 4 2 2 1 5 5 4 0 0 0 0 0 4 0 4 4 0 0 4]
                     [4 0 0 4 5 4 4 2 1 5 3 2 2 2 2 2 2 2 2 2 1 5 1 0 0 0 4 0 4 0 0 0 0 0 0]
                     [0 0 4 1 5 3 5 5 2 2 2 2 2 2 2 2 4 2 2 1 2 5 1 4 4 0 0 0 4 0 0 4 0 4 0]
                     [0 0 0 0 2 2 2 2 2 2 2 2 1 2 2 2 2 4 2 2 4 1 0 4 4 0 0 4 0 0 0 0 0 0 4]
                     [4 4 0 5 2 2 2 4 2 2 2 2 2 2 4 2 2 4 4 4 4 4 4 0 4 0 4 0 4 0 4 0 0 0 4]
                     [4 4 4 4 1 2 2 2 2 2 2 2 2 2 2 4 2 2 1 4 0 4 4 0 0 0 4 0 4 0 0 0 4 0 0]
                     [4 0 0 1 1 2 2 2 2 2 2 2 2 5 4 4 1 5 5 0 4 4 4 0 4 4 0 0 0 0 4 4 4 4 4]
                     [4 0 0 1 0 1 2 2 2 2 2 2 2 5 4 0 1 4 1 1 4 0 0 0 4 4 4 0 0 0 4 0 0 0 4]
                     [4 4 0 4 0 1 2 1 4 2 2 2 2 2 0 4 0 3 4 0 4 4 0 4 4 4 0 0 0 4 4 0 0 4 0]

                     [1 3 1 3 2 2 2 2 2 4 4 4 4 4 0 0 4 0 0 4 4 0 0 0 4 0 0 0 0 0 0 0 4 0 4]
                     [2 2 1 2 2 2 2 2 2 2 0 4 4 4 4 0 0 0 0 0 4 4 0 0 4 4 0 4 4 0 4 0 4 0 0]
                     [2 2 2 2 5 2 2 2 2 2 4 4 4 0 0 0 4 4 0 0 0 4 4 0 4 4 0 4 0 0 4 0 0 4 0]
                     [2 2 2 2 2 2 2 2 2 2 2 4 4 4 0 0 4 0 0 4 0 0 0 4 0 4 4 0 0 0 4 0 0 4 0]
                     [2 2 2 2 2 2 2 2 2 2 2 2 4 4 4 4 0 4 4 4 0 0 0 0 0 0 4 0 0 4 4 0 4 4 0]
                     [4 2 2 2 2 2 2 2 0 2 4 4 2 4 1 0 0 0 0 0 0 4 0 0 0 4 0 0 4 0 0 0 0 4 4]
                     [2 2 2 2 2 1 2 1 1 4 4 4 0 1 1 4 0 4 4 0 0 4 0 0 4 4 0 0 0 0 0 0 0 0 0]
                     [2 2 2 4 2 2 2 5 2 4 4 4 1 0 0 0 0 4 0 4 0 0 0 4 4 4 0 0 4 0 0 4 0 4 0]
                     [4 4 2 2 5 5 2 5 5 0 4 0 0 0 4 4 4 0 1 4 4 0 0 4 0 0 4 0 0 4 0 4 0 0 0]
                     [4 4 4 2 0 5 2 0 4 4 0 4 4 0 0 4 4 1 5 4 0 0 0 0 4 0 4 0 4 0 0 0 4 4 0]
                     [4 0 4 4 4 2 0 4 4 0 0 0 0 1 1 1 2 5 5 0 2 4 4 0 0 4 0 4 0 0 4 4 0 0 0]
                     [0 0 0 0 4 0 1 0 4 0 4 0 0 0 5 2 5 2 2 2 5 2 5 5 4 4 0 0 0 5 4 5 2 4 0]
                     [4 0 4 0 4 0 0 0 0 4 0 4 4 0 5 1 2 2 2 2 2 2 2 5 4 0 0 4 4 0 2 2 2 4 0]
                     [4 4 4 4 4 0 4 0 4 4 0 0 4 5 4 2 2 2 2 2 2 2 2 2 0 4 0 0 0 4 2 5 2 2 5]
                     [4 4 4 0 0 0 0 0 0 0 4 4 1 4 2 2 2 2 2 2 2 2 2 2 0 0 4 4 0 2 2 2 2 2 2]
                     [0 0 0 0 0 4 0 4 0 0 0 4 0 1 5 2 2 2 2 2 2 4 2 1 2 4 4 0 2 4 2 2 2 1 2]
                     [0 0 0 4 4 4 0 0 4 0 0 4 0 4 1 3 2 2 2 2 4 4 4 2 2 0 2 2 2 2 2 2 2 2 2]
                     [0 0 0 0 4 4 4 0 4 0 4 4 0 2 0 2 2 2 2 2 2 0 4 4 4 5 5 2 2 2 2 2 2 2 2]
                     [4 0 0 0 0 0 0 4 0 4 4 4 0 0 2 2 2 2 2 2 5 2 0 0 4 0 3 2 2 2 2 2 2 2 4]
                     [4 4 0 4 0 4 4 0 0 4 4 4 4 4 1 2 2 2 2 2 2 2 1 1 4 4 5 2 2 2 2 2 2 2 2]
                     [4 0 0 0 4 4 4 0 0 0 0 4 0 4 0 4 4 2 2 2 2 2 2 2 4 4 4 5 2 2 2 2 2 2 4]
                     [0 4 4 4 0 4 0 0 0 0 0 4 4 2 4 0 4 2 2 4 2 4 2 0 4 4 0 2 4 2 2 2 2 2 2]
                     [0 4 0 4 4 0 4 0 4 4 0 0 2 2 2 0 2 2 5 5 2 2 5 0 0 0 0 4 0 4 2 2 5 4 2]
                     [4 0 0 4 4 4 4 0 4 5 0 2 2 2 2 2 2 2 2 2 4 5 4 0 4 0 4 4 0 0 0 1 1 2 5]
                     [0 0 0 4 0 0 4 4 4 0 2 2 2 2 2 2 2 2 2 5 2 5 4 4 0 4 0 0 0 0 0 0 0 4 0]
                     [0 0 0 0 0 4 4 0 0 4 5 2 2 2 2 2 2 2 2 2 2 1 4 4 4 0 0 0 0 0 4 0 0 0 0]
                     [0 4 0 0 0 4 4 4 5 5 2 1 2 2 2 2 4 2 2 1 5 5 4 0 0 0 0 0 4 0 4 4 0 0 4]
                     [4 0 0 4 5 4 4 2 1 5 3 2 2 2 2 2 2 2 2 2 1 5 1 0 0 0 4 0 4 0 0 0 0 0 0]
                     [0 0 4 1 2 3 5 5 2 2 2 2 2 2 2 2 4 2 2 1 2 5 1 4 4 0 0 0 4 0 0 4 0 4 0]
                     [0 0 0 0 2 2 2 2 2 2 2 2 2 2 2 2 2 4 2 2 4 1 0 4 4 0 0 4 0 0 0 0 0 0 4]
                     [4 4 0 5 2 2 2 4 2 2 2 2 2 2 4 2 2 4 4 4 4 4 4 0 4 0 4 0 4 0 4 0 0 0 4]
                     [4 4 4 4 1 2 2 2 2 2 2 2 2 2 2 4 2 2 1 4 0 4 4 0 0 0 4 0 4 0 0 0 4 0 0]
                     [4 0 0 1 5 2 2 2 2 2 2 2 2 5 4 4 1 6 5 0 4 4 4 0 4 4 0 0 0 0 4 4 4 4 4]
                     [4 0 0 1 0 1 2 2 2 2 2 2 2 5 4 0 1 4 1 1 4 0 0 0 4 4 4 0 0 0 4 0 0 0 4]
                     [4 4 0 4 0 1 2 1 4 2 2 2 2 2 0 4 0 3 4 0 4 4 0 4 4 4 0 0 0 4 4 0 0 4 0]

                     [2 3 1 3 2 2 2 2 2 4 4 4 4 4 0 0 4 0 0 4 4 0 0 0 4 0 0 0 0 0 0 0 4 0 4]
                     [2 2 2 2 2 2 2 2 2 2 0 4 4 4 4 0 0 0 0 0 4 4 0 0 4 4 0 4 4 0 4 0 4 0 0]
                     [2 2 2 2 2 2 2 2 2 2 4 4 4 0 0 0 4 4 0 0 0 4 4 0 4 4 0 4 0 0 4 0 0 4 0]
                     [2 2 2 2 2 2 2 2 2 2 2 4 4 4 0 0 4 0 0 4 0 0 0 4 0 4 4 0 0 0 4 0 0 4 0]
                     [2 2 2 2 2 2 2 2 2 2 2 2 4 4 4 4 0 4 4 4 0 0 0 0 0 0 4 0 0 4 4 0 4 4 0]
                     [4 2 2 2 2 2 2 2 0 2 4 4 2 4 1 0 0 0 0 0 0 4 0 0 0 4 0 0 4 0 0 0 0 4 4]
                     [2 2 2 2 2 1 2 1 1 4 4 4 0 1 1 4 0 4 4 0 0 4 0 0 4 4 0 0 0 0 0 0 0 0 0]
                     [2 2 2 4 2 2 2 5 2 4 4 4 1 0 0 0 0 4 0 4 0 0 0 4 4 4 0 0 4 0 0 4 0 4 0]
                     [4 4 2 2 5 5 2 5 5 0 4 0 0 0 4 4 4 0 1 4 4 0 0 4 0 0 4 0 0 4 0 4 0 0 0]
                     [4 4 4 2 0 5 2 0 4 4 0 4 4 0 0 4 4 1 5 4 0 0 0 0 4 0 4 0 4 0 0 0 4 4 0]
                     [4 0 4 4 4 2 0 4 4 0 0 0 0 1 1 1 2 2 5 0 2 4 4 0 0 4 0 4 0 0 4 4 0 0 0]
                     [0 0 0 0 4 0 1 0 4 0 4 0 0 0 5 2 2 2 2 2 5 2 5 5 4 4 0 0 0 5 4 5 2 4 0]
                     [4 0 4 0 4 0 0 0 0 4 0 4 4 0 5 1 2 2 2 2 2 2 2 5 4 0 0 4 4 0 2 2 2 4 0]
                     [4 4 4 4 4 0 4 0 4 4 0 0 4 2 4 2 2 2 2 2 2 2 2 2 0 4 0 0 0 4 2 2 2 2 5]
                     [4 4 4 0 0 0 0 0 0 0 4 4 1 4 2 2 2 2 2 2 2 2 2 2 0 0 4 4 0 2 2 2 2 2 2]
                     [0 0 0 0 0 4 0 4 0 0 0 4 0 1 5 2 2 2 2 2 2 4 2 1 2 4 4 0 2 4 2 2 2 2 2]
                     [0 0 0 4 4 4 0 0 4 0 0 4 0 4 1 3 2 2 2 2 4 4 4 2 2 0 2 2 2 2 2 2 2 2 2]
                     [0 0 0 0 4 4 4 0 4 0 4 4 0 2 0 2 2 2 2 2 2 0 4 4 4 5 2 2 2 2 2 2 2 2 2]
                     [4 0 0 0 0 0 0 4 0 4 4 4 0 0 2 2 2 2 2 2 5 2 0 0 4 0 3 2 2 2 2 2 2 2 4]
                     [4 4 0 4 0 4 4 0 0 4 4 4 4 4 1 2 2 2 2 2 2 2 2 1 4 4 5 2 2 2 2 2 2 2 2]
                     [4 0 0 0 4 4 4 0 0 0 0 4 0 4 0 4 4 2 2 2 2 2 2 2 4 4 4 2 2 2 2 2 2 2 4]
                     [0 4 4 4 0 4 0 0 0 0 0 4 4 2 4 0 4 2 2 4 2 4 2 0 4 4 0 2 4 2 2 2 2 2 2]
                     [0 4 0 4 4 0 4 0 4 4 0 0 2 2 2 0 2 2 2 5 2 2 5 0 0 0 0 4 0 4 2 2 5 4 2]
                     [4 0 0 4 4 4 4 0 4 5 0 2 2 2 2 2 2 2 2 2 4 5 4 0 4 0 4 4 0 0 0 1 1 2 5]
                     [0 0 0 4 0 0 4 4 4 0 2 2 2 2 2 2 2 2 2 5 2 5 4 4 0 4 0 0 0 0 0 0 0 4 0]
                     [0 0 0 0 0 4 4 0 0 4 5 2 2 2 2 2 2 2 2 2 2 1 4 4 4 0 0 0 0 0 4 0 0 0 0]
                     [0 4 0 0 0 4 4 4 5 5 2 1 2 2 2 2 4 2 2 2 2 5 4 0 0 0 0 0 4 0 4 4 0 0 4]
                     [4 0 0 4 2 4 4 2 1 2 3 2 2 2 2 2 2 2 2 2 1 5 1 0 0 0 4 0 4 0 0 0 0 0 0]
                     [0 0 4 1 2 3 2 5 2 2 2 2 2 2 2 2 4 2 2 2 2 2 1 4 4 0 0 0 4 0 0 4 0 4 0]
                     [0 0 0 0 2 2 2 2 2 2 2 2 2 2 2 2 2 4 2 2 4 1 0 4 4 0 0 4 0 0 0 0 0 0 4]
                     [4 4 0 2 2 2 2 4 2 2 2 2 2 2 4 2 2 4 4 4 4 4 4 0 4 0 4 0 4 0 4 0 0 0 4]
                     [4 4 4 4 1 2 2 2 2 2 2 2 2 2 2 4 2 2 1 4 0 4 4 0 0 0 4 0 4 0 0 0 4 0 0]
                     [4 0 0 1 5 2 2 2 2 2 2 2 2 5 4 4 1 5 5 0 4 4 4 0 4 4 0 0 0 0 4 4 4 4 4]
                     [4 0 0 1 0 1 2 2 2 2 2 2 2 2 4 0 1 4 1 1 4 0 0 0 4 4 4 0 0 0 4 0 0 0 4]
                     [4 4 0 4 0 1 2 1 4 2 2 2 2 2 0 4 0 3 4 0 4 4 0 4 4 4 0 0 0 4 4 0 0 4 0]

                     [2 3 1 3 2 2 2 2 2 4 4 4 4 4 0 0 4 0 0 4 4 0 0 0 4 0 0 0 0 0 0 0 4 0 4]
                     [2 2 2 2 2 2 2 2 2 2 0 4 4 4 4 0 0 0 0 0 4 4 0 0 4 4 0 4 4 0 4 0 4 0 0]
                     [2 2 2 2 2 2 2 2 2 2 4 4 4 0 0 0 4 4 0 0 0 4 4 0 4 4 0 4 0 0 4 0 0 4 0]
                     [2 2 2 2 2 2 2 2 2 2 2 4 4 4 0 0 4 0 0 4 0 0 0 4 0 4 4 0 0 0 4 0 0 4 0]
                     [2 2 2 2 2 2 2 2 2 2 2 2 4 4 4 4 0 4 4 4 0 0 0 0 0 0 4 0 0 4 4 0 4 4 0]
                     [4 2 2 2 2 2 2 2 0 2 4 4 2 4 1 0 0 0 0 0 0 4 0 0 0 4 0 0 4 0 0 0 0 4 4]
                     [2 2 2 2 2 1 2 1 1 4 4 4 0 1 1 4 0 4 4 0 0 4 0 0 4 4 0 0 0 0 0 0 0 0 0]
                     [2 2 2 4 2 2 2 5 2 4 4 4 1 0 0 0 0 4 0 4 0 0 0 4 4 4 0 0 4 0 0 4 0 4 0]
                     [4 4 2 2 2 2 2 5 2 0 4 0 0 0 4 4 4 0 1 4 4 0 0 4 0 0 4 0 0 4 0 4 0 0 0]
                     [4 4 4 2 0 5 2 0 4 4 0 4 4 0 0 4 4 1 5 4 0 0 0 0 4 0 4 0 4 0 0 0 4 4 0]
                     [4 0 4 4 4 2 0 4 4 0 0 0 0 1 1 1 2 2 5 0 2 4 4 0 0 4 0 4 0 0 4 4 0 0 0]
                     [0 0 0 0 4 0 1 0 4 0 4 0 0 0 5 2 2 2 2 2 2 2 2 5 4 4 0 0 0 2 4 5 2 4 0]
                     [4 0 4 0 4 0 0 0 0 4 0 4 4 0 2 1 2 2 2 2 2 2 2 2 4 0 0 4 4 0 2 2 2 4 0]
                     [4 4 4 4 4 0 4 0 4 4 0 0 4 2 4 2 2 2 2 2 2 2 2 2 0 4 0 0 0 4 2 2 2 2 5]
                     [4 4 4 0 0 0 0 0 0 0 4 4 1 4 2 2 2 2 2 2 2 2 2 2 0 0 4 4 0 2 2 2 2 2 2]
                     [0 0 0 0 0 4 0 4 0 0 0 4 0 1 2 2 2 2 2 2 2 4 2 1 2 4 4 0 2 4 2 2 2 2 2]
                     [0 0 0 4 4 4 0 0 4 0 0 4 0 4 1 3 2 2 2 2 4 4 4 2 2 0 2 2 2 2 2 2 2 2 2]
                     [0 0 0 0 4 4 4 0 4 0 4 4 0 2 0 2 2 2 2 2 2 0 4 4 4 5 2 2 2 2 2 2 2 2 2]
                     [4 0 0 0 0 0 0 4 0 4 4 4 0 0 2 2 2 2 2 2 2 2 0 0 4 0 3 2 2 2 2 2 2 2 4]
                     [4 4 0 4 0 4 4 0 0 4 4 4 4 4 1 2 2 2 2 2 2 2 2 1 4 4 5 2 2 2 2 2 2 2 2]
                     [4 0 0 0 4 4 4 0 0 0 0 4 0 4 0 4 4 2 2 2 2 2 2 2 4 4 4 2 2 2 2 2 2 2 4]
                     [0 4 4 4 0 4 0 0 0 0 0 4 4 2 4 0 4 2 2 4 2 4 2 0 4 4 0 2 4 2 2 2 2 2 2]
                     [0 4 0 4 4 0 4 0 4 4 0 0 2 2 2 0 2 2 2 5 2 2 5 0 0 0 0 4 0 4 2 2 2 4 2]
                     [4 0 0 4 4 4 4 0 4 5 0 2 2 2 2 2 2 2 2 2 4 2 4 0 4 0 4 4 0 0 0 1 1 2 5]
                     [0 0 0 4 0 0 4 4 4 0 2 2 2 2 2 2 2 2 2 5 2 5 4 4 0 4 0 0 0 0 0 0 0 4 0]
                     [0 0 0 0 0 4 4 0 0 4 5 2 2 2 2 2 2 2 2 2 2 1 4 4 4 0 0 0 0 0 4 0 0 0 0]
                     [0 4 0 0 0 4 4 4 2 5 2 1 2 2 2 2 4 2 2 2 2 5 4 0 0 0 0 0 4 0 4 4 0 0 4]
                     [4 0 0 4 2 4 4 2 1 2 3 2 2 2 2 2 2 2 2 2 1 2 1 0 0 0 4 0 4 0 0 0 0 0 0]
                     [0 0 4 1 2 3 2 5 2 2 2 2 2 2 2 2 4 2 2 2 2 2 1 4 4 0 0 0 4 0 0 4 0 4 0]
                     [0 0 0 0 2 2 2 2 2 2 2 2 2 2 2 2 2 4 2 2 4 1 0 4 4 0 0 4 0 0 0 0 0 0 4]
                     [4 4 0 2 2 2 2 4 2 2 2 2 2 2 4 2 2 4 4 4 4 4 4 0 4 0 4 0 4 0 4 0 0 0 4]
                     [4 4 4 4 1 2 2 2 2 2 2 2 2 2 2 4 2 2 1 4 0 4 4 0 0 0 4 0 4 0 0 0 4 0 0]
                     [4 0 0 1 6 2 2 2 2 2 2 2 2 5 4 4 1 2 5 0 4 4 4 0 4 4 0 0 0 0 4 4 4 4 4]
                     [4 0 0 1 0 1 2 2 2 2 2 2 2 2 4 0 1 4 1 1 4 0 0 0 4 4 4 0 0 0 4 0 0 0 4]
                     [4 4 0 4 0 1 2 2 4 2 2 2 2 2 0 4 0 3 4 0 4 4 0 4 4 4 0 0 0 4 4 0 0 4 0]

                     [2 1 1 1 2 2 2 2 2 4 4 4 4 4 0 0 4 0 0 4 4 0 0 4 4 0 4 0 0 0 0 0 4 0 4]
                     [2 2 2 2 2 2 2 2 2 2 0 4 4 4 4 0 0 0 0 0 4 4 0 0 4 4 0 4 4 0 4 0 4 4 0]
                     [2 2 2 2 2 2 2 2 2 2 4 4 4 0 0 0 4 4 0 0 0 4 4 0 4 4 0 4 0 0 4 0 0 4 0]
                     [2 2 2 2 2 2 2 2 2 2 2 4 4 4 0 0 4 0 0 4 0 0 0 4 0 4 4 0 0 0 4 0 0 4 0]
                     [2 2 2 2 2 2 2 2 2 2 2 2 4 4 4 4 0 4 4 4 0 0 4 0 0 4 4 0 0 4 4 0 4 4 0]
                     [4 2 2 2 2 2 2 2 1 2 4 4 2 1 5 1 0 0 0 4 4 4 0 0 0 4 0 0 4 0 0 0 0 4 4]
                     [2 2 2 2 2 1 2 5 5 4 4 4 1 1 1 4 0 4 4 0 0 4 0 4 4 4 0 0 0 0 0 0 4 4 0]
                     [2 2 2 4 2 2 2 5 2 4 4 4 5 3 1 1 4 4 1 4 0 0 0 4 4 4 0 4 4 0 0 4 0 4 0]
                     [4 4 2 2 2 2 2 2 2 0 4 0 0 4 4 4 4 0 5 4 4 0 0 4 4 0 4 0 0 4 4 4 0 4 0]
                     [4 4 4 2 1 2 2 0 4 4 4 4 4 1 1 4 1 2 5 1 0 0 0 0 4 0 4 0 4 0 0 4 4 4 0]
                     [4 4 4 4 4 2 4 4 4 4 0 0 0 1 1 1 2 2 2 0 2 4 4 0 0 4 0 4 0 0 4 4 0 0 0]
                     [0 4 0 0 4 1 1 1 4 0 4 0 4 4 2 2 2 2 2 2 2 2 2 2 4 4 0 0 4 2 4 2 2 4 0]
                     [4 4 4 0 4 1 0 0 0 4 0 4 4 0 2 1 2 2 2 2 2 2 2 2 4 0 0 4 4 0 2 2 2 4 0]
                     [4 4 4 4 4 0 4 0 4 4 0 0 4 2 1 2 2 2 2 2 2 2 2 2 4 4 0 0 4 4 2 2 2 2 5]
                     [4 4 4 0 4 0 4 0 0 0 4 4 5 4 2 2 2 2 2 2 2 2 2 2 1 4 4 4 4 2 2 2 2 2 2]
                     [0 0 0 0 0 4 0 4 4 0 0 4 4 1 2 2 2 2 2 2 2 4 2 1 2 4 4 0 2 4 2 2 2 2 2]
                     [0 0 0 4 4 4 0 0 4 0 0 4 0 1 1 3 2 2 2 2 4 4 1 2 2 0 2 2 2 2 2 2 2 2 2]
                     [0 0 0 0 4 4 4 0 4 0 4 4 0 2 0 2 2 2 2 2 2 0 4 4 4 2 2 2 2 2 2 2 2 2 2]
                     [4 4 0 4 0 0 0 4 0 4 4 4 0 4 2 2 2 2 2 2 2 2 0 0 4 0 3 2 2 2 2 2 2 2 4]
                     [4 4 0 4 0 4 4 0 0 4 4 4 4 4 1 2 2 2 2 2 2 2 2 5 4 4 5 2 2 2 2 2 2 2 2]
                     [4 0 0 0 4 4 4 0 0 4 0 4 0 4 0 4 4 2 2 2 2 2 2 2 4 4 1 2 2 2 2 2 2 2 4]
                     [0 4 4 4 0 4 0 0 4 0 4 4 4 2 4 0 4 2 2 4 2 4 2 1 4 4 0 2 4 2 2 2 2 2 2]
                     [0 4 4 4 4 4 4 4 4 4 1 0 2 2 2 0 2 2 2 2 2 2 2 0 0 0 0 4 0 4 2 2 2 4 2]
                     [4 0 0 4 4 4 4 0 4 2 0 2 2 2 2 2 2 2 2 2 4 2 1 0 4 0 4 4 0 0 1 1 5 2 2]
                     [0 0 0 4 4 0 4 4 4 0 2 2 2 2 2 2 2 2 2 5 2 2 4 4 0 4 0 0 0 0 1 0 0 4 4]
                     [0 0 0 4 0 4 4 0 1 4 5 2 2 2 2 2 2 2 2 2 2 5 4 4 4 0 0 0 0 0 4 0 0 0 4]
                     [4 4 0 0 0 4 4 4 2 2 2 1 2 2 2 2 4 2 2 2 2 5 1 1 0 0 0 0 4 0 4 4 0 4 4]
                     [4 0 0 1 2 4 4 2 5 2 1 2 2 2 2 2 2 2 2 2 1 2 1 4 0 4 4 4 4 0 0 4 0 0 0]
                     [4 0 4 1 2 3 2 5 2 2 2 2 2 2 2 2 4 2 2 2 2 2 1 4 4 0 0 0 4 0 0 4 4 4 0]
                     [0 0 1 1 2 2 2 2 2 2 2 2 2 2 2 2 2 4 2 2 4 1 1 4 4 4 0 4 4 0 0 0 0 0 4]
                     [4 4 0 2 2 2 2 4 2 2 2 2 2 2 4 2 2 4 4 4 4 4 4 0 4 4 4 0 4 0 4 0 0 0 4]
                     [4 4 1 4 1 2 2 2 2 2 2 2 2 2 2 4 2 2 5 4 4 4 4 0 0 0 4 0 4 0 0 4 4 0 0]
                     [4 0 3 1 2 2 2 2 2 2 2 2 2 2 4 1 2 2 2 4 4 4 4 4 4 4 4 0 0 0 4 4 4 4 4]
                     [4 0 1 1 3 1 2 2 2 2 2 2 2 2 4 4 1 3 2 5 4 0 0 0 4 4 4 0 0 0 4 0 0 0 4]
                     [4 4 0 4 3 1 2 2 4 2 2 2 2 2 0 1 0 3 3 1 4 4 0 4 4 4 0 0 0 4 4 0 0 4 0]

                     [2 1 5 1 2 2 2 2 2 4 4 4 4 4 0 0 4 0 0 4 4 0 0 4 4 0 4 0 0 0 0 0 4 0 4]
                     [2 2 2 2 2 2 2 2 2 2 0 4 4 4 4 0 0 0 0 0 4 4 0 0 4 4 0 4 4 0 4 0 4 4 0]
                     [2 2 2 2 2 2 2 2 2 2 4 4 4 0 0 0 4 4 0 0 0 4 4 0 4 4 0 4 0 0 4 0 0 4 0]
                     [2 2 2 2 2 2 2 2 2 2 2 4 4 4 0 0 4 0 0 4 0 0 0 4 0 4 4 0 0 0 4 0 0 4 0]
                     [2 2 2 2 2 2 2 2 2 2 2 2 4 4 4 4 0 4 4 4 0 0 4 0 0 4 4 0 0 4 4 0 4 4 0]
                     [4 2 2 2 2 2 2 2 1 2 4 4 2 1 5 1 0 0 0 4 4 4 0 0 0 4 0 0 4 0 0 0 0 4 4]
                     [2 2 2 2 2 1 2 5 5 4 4 4 1 1 2 4 0 4 4 0 0 4 0 4 4 4 0 0 0 0 0 0 4 4 0]
                     [2 2 2 4 2 2 2 2 2 4 4 4 5 3 1 1 4 4 1 4 0 0 0 4 4 4 0 4 4 0 0 4 0 4 0]
                     [4 4 2 2 2 2 2 2 2 0 4 0 0 4 4 4 4 0 5 4 4 0 0 4 4 0 4 0 0 4 4 4 0 4 0]
                     [4 4 4 2 1 2 2 0 4 4 4 4 4 1 5 4 1 2 5 1 0 0 0 0 4 0 4 0 4 0 0 4 4 4 0]
                     [4 4 4 4 4 2 4 4 4 4 0 0 0 1 2 1 2 2 2 0 2 4 4 0 0 4 0 4 0 0 4 4 0 0 0]
                     [0 4 0 0 4 1 1 1 4 0 4 0 4 4 2 2 2 2 2 2 2 2 2 2 4 4 0 0 4 2 4 2 2 4 0]
                     [4 4 4 0 4 1 0 0 0 4 0 4 4 0 2 2 2 2 2 2 2 2 2 2 4 0 0 4 4 0 2 2 2 4 0]
                     [4 4 4 4 4 0 4 0 4 4 0 0 4 2 1 2 2 2 2 2 2 2 2 2 4 4 0 0 4 4 2 2 2 2 5]
                     [4 4 4 0 4 0 4 0 0 0 4 4 5 4 2 2 2 2 2 2 2 2 2 2 1 4 4 4 4 2 2 2 2 2 2]
                     [0 0 0 0 0 4 0 4 4 0 0 4 4 1 2 2 2 2 2 2 2 4 2 1 2 4 4 0 2 4 2 2 2 2 2]
                     [0 0 0 4 4 4 0 0 4 0 0 4 0 1 2 3 2 2 2 2 4 4 1 2 2 0 2 2 2 2 2 2 2 2 2]
                     [0 0 0 0 4 4 4 0 4 0 4 4 0 2 0 2 2 2 2 2 2 0 4 4 4 2 2 2 2 2 2 2 2 2 2]
                     [4 4 0 4 0 0 0 4 0 4 4 4 0 4 2 2 2 2 2 2 2 2 0 0 4 0 3 2 2 2 2 2 2 2 4]
                     [4 4 0 4 0 4 4 0 0 4 4 4 4 4 2 2 2 2 2 2 2 2 2 5 4 4 2 2 2 2 2 2 2 2 2]
                     [4 0 0 0 4 4 4 0 0 4 0 4 0 4 0 4 4 2 2 2 2 2 2 2 4 4 1 2 2 2 2 2 2 2 4]
                     [0 4 4 4 0 4 0 0 4 0 4 4 4 2 4 0 4 2 2 4 2 4 2 1 4 4 0 2 4 2 2 2 2 2 2]
                     [0 4 4 4 4 4 4 4 4 4 1 0 2 2 2 0 2 2 2 2 2 2 2 0 0 0 0 4 0 4 2 2 2 4 2]
                     [4 0 0 4 4 4 4 0 4 2 0 2 2 2 2 2 2 2 2 2 4 2 1 0 4 0 4 4 0 0 1 1 5 2 2]
                     [0 0 0 4 4 0 4 4 4 0 2 2 2 2 2 2 2 2 2 2 2 2 4 4 0 4 0 0 0 0 1 0 0 4 4]
                     [0 0 0 4 0 4 4 0 1 4 5 2 2 2 2 2 2 2 2 2 2 5 4 4 4 0 0 0 0 0 4 0 0 0 4]
                     [4 4 0 0 0 4 4 4 2 2 2 2 2 2 2 2 4 2 2 2 2 5 1 1 0 0 0 0 4 0 4 4 0 4 4]
                     [4 0 0 1 2 4 4 2 5 2 1 2 2 2 2 2 2 2 2 2 1 2 1 4 0 4 4 4 4 0 0 4 0 0 0]
                     [4 0 4 1 2 3 2 2 2 2 2 2 2 2 2 2 4 2 2 2 2 2 1 4 4 0 0 0 4 0 0 4 4 4 0]
                     [0 0 1 1 2 2 2 2 2 2 2 2 2 2 2 2 2 4 2 2 4 1 1 4 4 4 0 4 4 0 0 0 0 0 4]
                     [4 4 0 2 2 2 2 4 2 2 2 2 2 2 4 2 2 4 4 4 4 4 4 0 4 4 4 0 4 0 4 0 0 0 4]
                     [4 4 1 4 2 2 2 2 2 2 2 2 2 2 2 4 2 2 5 4 4 4 4 0 0 0 4 0 4 0 0 4 4 0 0]
                     [4 0 3 2 2 2 2 2 2 2 2 2 2 2 4 1 2 2 2 4 4 4 4 4 4 4 4 0 0 0 4 4 4 4 4]
                     [4 0 1 1 3 2 2 2 2 2 2 2 2 2 4 4 2 3 2 5 4 0 0 0 4 4 4 0 0 0 4 0 0 0 4]
                     [4 4 0 4 3 1 2 2 4 2 2 2 2 2 0 1 0 3 3 1 4 4 0 4 4 4 0 0 0 4 4 0 0 4 0]

                     [2 1 5 1 2 2 2 2 2 4 4 4 4 4 0 0 4 0 0 4 4 0 0 4 4 0 4 0 0 0 0 0 4 0 4]
                     [2 2 2 2 2 2 2 2 2 2 0 4 4 4 4 0 0 0 0 0 4 4 0 0 4 4 0 4 4 0 4 0 4 4 0]
                     [2 2 2 2 2 2 2 2 2 2 4 4 4 0 0 0 4 4 0 0 0 4 4 0 4 4 0 4 0 0 4 0 0 4 0]
                     [2 2 2 2 2 2 2 2 2 2 2 4 4 4 0 0 4 0 0 4 0 0 0 4 0 4 4 0 0 0 4 0 0 4 0]
                     [2 2 2 2 2 2 2 2 2 2 2 2 4 4 4 4 0 4 4 4 0 0 4 0 0 4 4 0 0 4 4 0 4 4 0]
                     [4 2 2 2 2 2 2 2 1 2 4 4 2 1 5 1 0 0 0 4 4 4 0 0 0 4 0 0 4 0 0 0 0 4 4]
                     [2 2 2 2 2 1 2 5 5 4 4 4 1 2 2 4 0 4 4 0 0 4 0 4 4 4 0 0 0 0 0 0 4 4 0]
                     [2 2 2 4 2 2 2 2 2 4 4 4 2 3 1 1 4 4 1 4 0 0 0 4 4 4 0 4 4 0 0 4 0 4 0]
                     [4 4 2 2 2 2 2 2 2 0 4 0 0 4 4 4 4 0 5 4 4 0 0 4 4 0 4 0 0 4 4 4 0 4 0]
                     [4 4 4 2 1 2 2 0 4 4 4 4 4 1 5 4 1 2 2 1 0 0 0 0 4 0 4 0 4 0 0 4 4 4 0]
                     [4 4 4 4 4 2 4 4 4 4 0 0 0 1 2 1 2 2 2 0 2 4 4 0 0 4 0 4 0 0 4 4 0 0 0]
                     [0 4 0 0 4 1 1 1 4 0 4 0 4 4 2 2 2 2 2 2 2 2 2 2 4 4 0 0 4 2 4 2 2 4 0]
                     [4 4 4 0 4 1 0 0 0 4 0 4 4 0 2 2 2 2 2 2 2 2 2 2 4 0 0 4 4 0 2 2 2 4 0]
                     [4 4 4 4 4 0 4 0 4 4 0 0 4 2 1 2 2 2 2 2 2 2 2 2 4 4 0 0 4 4 2 2 2 2 5]
                     [4 4 4 0 4 0 4 0 0 0 4 4 5 4 2 2 2 2 2 2 2 2 2 2 1 4 4 4 4 2 2 2 2 2 2]
                     [0 0 0 0 0 4 0 4 4 0 0 4 4 1 2 2 2 2 2 2 2 4 2 2 2 4 4 0 2 4 2 2 2 2 2]
                     [0 0 0 4 4 4 0 0 4 0 0 4 0 1 2 3 2 2 2 2 4 4 1 2 2 0 2 2 2 2 2 2 2 2 2]
                     [0 0 0 0 4 4 4 0 4 0 4 4 0 2 0 2 2 2 2 2 2 0 4 4 4 2 2 2 2 2 2 2 2 2 2]
                     [4 4 0 4 0 0 0 4 0 4 4 4 0 4 2 2 2 2 2 2 2 2 0 0 4 0 3 2 2 2 2 2 2 2 4]
                     [4 4 0 4 0 4 4 0 0 4 4 4 4 4 2 2 2 2 2 2 2 2 2 5 4 4 2 2 2 2 2 2 2 2 2]
                     [4 0 0 0 4 4 4 0 0 4 0 4 0 4 0 4 4 2 2 2 2 2 2 2 4 4 1 2 2 2 2 2 2 2 4]
                     [0 4 4 4 0 4 0 0 4 0 4 4 4 2 4 0 4 2 2 4 2 4 2 1 4 4 0 2 4 2 2 2 2 2 2]
                     [0 4 4 4 4 4 4 4 4 4 1 0 2 2 2 0 2 2 2 2 2 2 2 0 0 0 0 4 0 4 2 2 2 4 2]
                     [4 0 0 4 4 4 4 0 4 2 0 2 2 2 2 2 2 2 2 2 4 2 1 0 4 0 4 4 0 0 1 2 5 2 2]
                     [0 0 0 4 4 0 4 4 4 0 2 2 2 2 2 2 2 2 2 2 2 2 4 4 0 4 0 0 0 0 1 0 0 4 4]
                     [0 0 0 4 0 4 4 0 1 4 2 2 2 2 2 2 2 2 2 2 2 5 4 4 4 0 0 0 0 0 4 0 0 0 4]
                     [4 4 0 0 0 4 4 4 2 2 2 2 2 2 2 2 4 2 2 2 2 5 1 1 0 0 0 0 4 0 4 4 0 4 4]
                     [4 0 0 1 2 4 4 2 5 2 1 2 2 2 2 2 2 2 2 2 1 2 1 4 0 4 4 4 4 0 0 4 0 0 0]
                     [4 0 4 2 2 3 2 2 2 2 2 2 2 2 2 2 4 2 2 2 2 2 1 4 4 0 0 0 4 0 0 4 4 4 0]
                     [0 0 1 1 2 2 2 2 2 2 2 2 2 2 2 2 2 4 2 2 4 1 1 4 4 4 0 4 4 0 0 0 0 0 4]
                     [4 4 0 2 2 2 2 4 2 2 2 2 2 2 4 2 2 4 4 4 4 4 4 0 4 4 4 0 4 0 4 0 0 0 4]
                     [4 4 1 4 2 2 2 2 2 2 2 2 2 2 2 4 2 2 5 4 4 4 4 0 0 0 4 0 4 0 0 4 4 0 0]
                     [4 0 3 2 2 2 2 2 2 2 2 2 2 2 4 1 2 2 2 4 4 4 4 4 4 4 4 0 0 0 4 4 4 4 4]
                     [4 0 1 1 3 2 2 2 2 2 2 2 2 2 4 4 2 3 2 2 4 0 0 0 4 4 4 0 0 0 4 0 0 0 4]
                     [4 4 0 4 3 1 2 2 4 2 2 2 2 2 0 1 0 3 3 1 4 4 0 4 4 4 0 0 0 4 4 0 0 4 0]

                     [2 1 5 1 2 2 2 2 2 4 4 4 4 4 0 0 4 0 0 4 4 0 0 4 4 0 4 0 0 0 0 0 4 0 4]
                     [2 2 2 2 2 2 2 2 2 2 0 4 4 4 4 0 0 0 0 0 4 4 0 0 4 4 0 4 4 0 4 0 4 4 0]
                     [2 2 2 2 2 2 2 2 2 2 4 4 4 0 0 0 4 4 0 0 0 4 4 0 4 4 0 4 0 0 4 0 0 4 0]
                     [2 2 2 2 2 2 2 2 2 2 2 4 4 4 0 0 4 0 0 4 0 0 0 4 0 4 4 0 0 0 4 0 0 4 0]
                     [2 2 2 2 2 2 2 2 2 2 2 2 4 4 4 4 0 4 4 4 0 0 4 0 0 4 4 0 0 4 4 0 4 4 0]
                     [4 2 2 2 2 2 2 2 1 2 4 4 2 1 5 1 0 0 0 4 4 4 0 0 0 4 0 0 4 0 0 0 0 4 4]
                     [2 2 2 2 2 2 2 5 5 4 4 4 1 2 2 4 0 4 4 0 0 4 0 4 4 4 0 0 0 0 0 0 4 4 0]
                     [2 2 2 4 2 2 2 2 2 4 4 4 2 3 1 1 4 4 1 4 0 0 0 4 4 4 0 4 4 0 0 4 0 4 0]
                     [4 4 2 2 2 2 2 2 2 0 4 0 0 4 4 4 4 0 5 4 4 0 0 4 4 0 4 0 0 4 4 4 0 4 0]
                     [4 4 4 2 1 2 2 0 4 4 4 4 4 1 5 4 1 2 2 1 0 0 0 0 4 0 4 0 4 0 0 4 4 4 0]
                     [4 4 4 4 4 2 4 4 4 4 0 0 0 1 2 1 2 2 2 0 2 4 4 0 0 4 0 4 0 0 4 4 0 0 0]
                     [0 4 0 0 4 1 2 1 4 0 4 0 4 4 2 2 2 2 2 2 2 2 2 2 4 4 0 0 4 2 4 2 2 4 0]
                     [4 4 4 0 4 1 0 0 0 4 0 4 4 0 2 2 2 2 2 2 2 2 2 2 4 0 0 4 4 0 2 2 2 4 0]
                     [4 4 4 4 4 0 4 0 4 4 0 0 4 2 1 2 2 2 2 2 2 2 2 2 4 4 0 0 4 4 2 2 2 2 5]
                     [4 4 4 0 4 0 4 0 0 0 4 4 5 4 2 2 2 2 2 2 2 2 2 2 1 4 4 4 4 2 2 2 2 2 2]
                     [0 0 0 0 0 4 0 4 4 0 0 4 4 2 2 2 2 2 2 2 2 4 2 2 2 4 4 0 2 4 2 2 2 2 2]
                     [0 0 0 4 4 4 0 0 4 0 0 4 0 1 2 3 2 2 2 2 4 4 1 2 2 0 2 2 2 2 2 2 2 2 2]
                     [0 0 0 0 4 4 4 0 4 0 4 4 0 2 0 2 2 2 2 2 2 0 4 4 4 2 2 2 2 2 2 2 2 2 2]
                     [4 4 0 4 0 0 0 4 0 4 4 4 0 4 2 2 2 2 2 2 2 2 0 0 4 0 3 2 2 2 2 2 2 2 4]
                     [4 4 0 4 0 4 4 0 0 4 4 4 4 4 2 2 2 2 2 2 2 2 2 2 4 4 2 2 2 2 2 2 2 2 2]
                     [4 0 0 0 4 4 4 0 0 4 0 4 0 4 0 4 4 2 2 2 2 2 2 2 4 4 1 2 2 2 2 2 2 2 4]
                     [0 4 4 4 0 4 0 0 4 0 4 4 4 2 4 0 4 2 2 4 2 4 2 1 4 4 0 2 4 2 2 2 2 2 2]
                     [0 4 4 4 4 4 4 4 4 4 1 0 2 2 2 0 2 2 2 2 2 2 2 0 0 0 0 4 0 4 2 2 2 4 2]
                     [4 0 0 4 4 4 4 0 4 2 0 2 2 2 2 2 2 2 2 2 4 2 1 0 4 0 4 4 0 0 1 2 5 2 2]
                     [0 0 0 4 4 0 4 4 4 0 2 2 2 2 2 2 2 2 2 2 2 2 4 4 0 4 0 0 0 0 1 0 0 4 4]
                     [0 0 0 4 0 4 4 0 1 4 2 2 2 2 2 2 2 2 2 2 2 2 4 4 4 0 0 0 0 0 4 0 0 0 4]
                     [4 4 0 0 0 4 4 4 2 2 2 2 2 2 2 2 4 2 2 2 2 2 1 1 0 0 0 0 4 0 4 4 0 4 4]
                     [4 0 0 1 2 4 4 2 5 2 1 2 2 2 2 2 2 2 2 2 2 2 1 4 0 4 4 4 4 0 0 4 0 0 0]
                     [4 0 4 2 2 3 2 2 2 2 2 2 2 2 2 2 4 2 2 2 2 2 1 4 4 0 0 0 4 0 0 4 4 4 0]
                     [0 0 1 1 2 2 2 2 2 2 2 2 2 2 2 2 2 4 2 2 4 1 1 4 4 4 0 4 4 0 0 0 0 0 4]
                     [4 4 0 2 2 2 2 4 2 2 2 2 2 2 4 2 2 4 4 4 4 4 4 0 4 4 4 0 4 0 4 0 0 0 4]
                     [4 4 1 4 2 2 2 2 2 2 2 2 2 2 2 4 2 2 5 4 4 4 4 0 0 0 4 0 4 0 0 4 4 0 0]
                     [4 0 3 2 2 2 2 2 2 2 2 2 2 2 4 1 2 2 2 4 4 4 4 4 4 4 4 0 0 0 4 4 4 4 4]
                     [4 0 1 2 3 2 2 2 2 2 2 2 2 2 4 4 2 3 2 2 4 0 0 0 4 4 4 0 0 0 4 0 0 0 4]
                     [4 4 0 4 3 2 2 2 4 2 2 2 2 2 0 1 0 3 3 1 4 4 0 4 4 4 0 0 0 4 4 0 0 4 0]

                     [2 2 5 1 2 2 2 2 2 4 4 4 4 4 4 0 4 0 0 4 4 0 4 4 4 0 4 0 4 0 4 0 4 4 4]
                     [2 2 2 2 2 2 2 2 2 2 0 4 4 4 4 0 0 0 0 0 4 4 0 4 4 4 0 4 4 0 4 0 4 4 0]
                     [2 2 2 2 2 2 2 2 2 2 4 4 4 0 0 0 4 4 4 0 0 4 4 0 4 4 4 4 4 0 4 0 4 4 0]
                     [2 2 2 2 2 2 2 2 2 2 2 4 4 4 0 0 4 0 0 4 4 0 0 4 4 4 4 0 0 0 4 0 0 4 0]
                     [2 2 2 2 2 2 2 2 2 2 2 2 4 4 4 4 0 4 4 4 0 0 4 0 0 4 4 0 0 4 4 0 4 4 0]
                     [4 2 2 2 2 2 2 2 1 2 4 4 2 5 5 5 0 0 0 4 4 4 0 0 4 4 0 0 4 0 0 0 4 4 4]
                     [2 2 2 2 2 2 2 5 2 1 4 4 5 2 2 1 0 4 4 4 0 4 0 4 4 4 4 0 0 4 0 4 4 4 0]
                     [2 2 2 4 2 2 2 2 2 4 4 4 2 1 1 5 4 1 5 4 0 0 0 4 4 4 4 4 4 0 0 4 0 4 0]
                     [4 4 2 2 2 2 2 2 2 0 4 0 4 1 3 1 1 0 2 1 4 4 0 4 4 0 4 0 0 4 4 4 0 4 0]
                     [4 4 4 2 1 2 2 4 4 4 4 4 4 1 2 4 5 2 2 5 0 0 0 4 4 0 4 0 4 0 0 4 4 4 4]
                     [4 4 4 4 1 2 4 4 4 4 0 4 1 1 2 5 2 2 2 1 2 4 4 0 0 4 0 4 0 0 4 4 4 0 0]
                     [0 4 0 0 1 5 2 5 1 0 4 0 1 4 2 2 2 2 2 2 2 2 2 2 4 4 0 0 4 2 4 2 2 4 0]
                     [4 4 4 4 1 2 1 1 4 4 0 4 4 4 2 2 2 2 2 2 2 2 2 2 4 0 0 4 4 0 2 2 2 4 1]
                     [4 4 4 4 4 0 4 0 4 4 0 0 4 2 2 2 2 2 2 2 2 2 2 2 4 4 4 0 4 4 2 2 2 2 5]
                     [4 4 4 4 4 0 4 0 0 0 4 4 5 4 2 2 2 2 2 2 2 2 2 2 1 4 4 4 4 2 2 2 2 2 2]
                     [0 0 0 0 0 4 0 4 4 0 0 4 4 2 2 2 2 2 2 2 2 4 2 2 2 4 4 0 2 4 2 2 2 2 2]
                     [0 4 0 4 4 4 0 0 4 0 4 4 1 1 2 4 2 2 2 2 4 4 5 2 2 0 2 2 2 2 2 2 2 2 2]
                     [0 0 0 0 4 4 4 4 4 4 4 4 0 2 4 2 2 2 2 2 2 1 4 4 4 2 2 2 2 2 2 2 2 2 2]
                     [4 4 0 4 0 0 0 4 0 4 4 4 0 4 2 2 2 2 2 2 2 2 4 0 4 0 3 2 2 2 2 2 2 2 4]
                     [4 4 0 4 0 4 4 0 0 4 4 4 4 4 2 2 2 2 2 2 2 2 2 2 4 4 2 2 2 2 2 2 2 2 2]
                     [4 0 0 0 4 4 4 0 4 4 4 4 0 4 0 4 4 2 2 2 2 2 2 2 4 4 1 2 2 2 2 2 2 2 4]
                     [4 4 4 4 0 4 4 0 4 1 4 4 4 2 4 0 4 2 2 4 2 4 2 5 1 1 1 2 4 2 2 2 2 2 2]
                     [0 4 4 4 4 4 4 4 4 4 5 1 2 2 2 0 2 2 2 2 2 2 2 4 4 0 0 4 0 1 2 2 2 4 2]
                     [4 0 0 4 4 4 4 0 4 2 0 2 2 2 2 2 2 2 2 2 4 2 1 1 4 0 4 4 0 3 1 2 5 2 2]
                     [0 0 0 4 4 0 4 4 4 4 2 2 2 2 2 2 2 2 2 2 2 2 4 4 0 4 0 4 0 1 1 1 0 4 4]
                     [0 0 0 4 0 4 4 0 5 4 2 2 2 2 2 2 2 2 2 2 2 2 1 4 4 0 0 0 0 4 4 1 0 0 4]
                     [4 4 1 1 0 4 4 1 2 2 2 2 2 2 2 2 4 2 2 2 2 2 1 5 0 0 0 0 4 0 4 4 0 4 4]
                     [4 4 1 1 2 4 4 2 2 2 1 2 2 2 2 2 2 2 2 2 2 2 2 1 0 4 4 4 4 0 0 4 0 0 0]
                     [4 0 1 2 2 3 2 2 2 2 2 2 2 2 2 2 4 2 2 2 2 2 2 4 4 0 0 0 4 0 0 4 4 4 4]
                     [0 0 5 1 2 2 2 2 2 2 2 2 2 2 2 2 2 4 2 2 4 2 5 4 4 4 0 4 4 0 0 0 0 4 4]
                     [4 4 1 2 2 2 2 4 2 2 2 2 2 2 4 2 2 4 4 4 4 4 1 0 4 4 4 4 4 0 4 0 0 0 4]
                     [4 1 1 4 2 2 2 2 2 2 2 2 2 2 2 4 2 2 2 4 4 4 4 0 0 0 4 0 4 0 4 4 4 0 0]
                     [4 1 3 2 2 2 2 2 2 2 2 2 2 2 4 5 2 2 2 4 4 4 4 4 4 4 4 0 0 0 4 4 4 4 4]
                     [4 0 1 2 3 2 2 2 2 2 2 2 2 2 4 4 2 3 2 2 4 0 0 0 4 4 4 4 4 0 4 0 0 0 4]
                     [4 4 0 1 3 2 2 2 4 2 2 2 2 2 0 1 4 3 1 1 4 4 0 4 4 4 0 0 0 4 4 0 0 4 0]

                     [2 2 5 1 2 2 2 2 2 4 4 4 4 4 4 0 4 0 0 4 4 0 4 4 4 0 4 0 4 0 4 0 4 4 4]
                     [2 2 2 2 2 2 2 2 2 2 0 4 4 4 4 0 0 0 0 0 4 4 0 4 4 4 0 4 4 0 4 0 4 4 0]
                     [2 2 2 2 2 2 2 2 2 2 4 4 4 0 0 0 4 4 4 0 0 4 4 0 4 4 4 4 4 0 4 0 4 4 0]
                     [2 2 2 2 2 2 2 2 2 2 2 4 4 4 0 0 4 0 0 4 4 0 0 4 4 4 4 0 0 0 4 0 0 4 0]
                     [2 2 2 2 2 2 2 2 2 2 2 2 4 4 4 4 0 4 4 4 0 0 4 0 0 4 4 0 0 4 4 0 4 4 0]
                     [4 2 2 2 2 2 2 2 1 2 4 4 2 5 2 5 0 0 0 4 4 4 0 0 4 4 0 0 4 0 0 0 4 4 4]
                     [2 2 2 2 2 2 2 2 2 1 4 4 5 2 2 1 0 4 4 4 0 4 0 4 4 4 4 0 0 4 0 4 4 4 0]
                     [2 2 2 4 2 2 2 2 2 4 4 4 2 1 5 5 4 1 5 4 0 0 0 4 4 4 4 4 4 0 0 4 0 4 0]
                     [4 4 2 2 2 2 2 2 2 0 4 0 4 1 3 1 1 0 2 1 4 4 0 4 4 0 4 0 0 4 4 4 0 4 0]
                     [4 4 4 2 1 2 2 4 4 4 4 4 4 1 2 4 5 2 2 5 0 0 0 4 4 0 4 0 4 0 0 4 4 4 4]
                     [4 4 4 4 1 2 4 4 4 4 0 4 1 2 2 5 2 2 2 1 2 4 4 0 0 4 0 4 0 0 4 4 4 0 0]
                     [0 4 0 0 1 5 2 2 1 0 4 0 1 4 2 2 2 2 2 2 2 2 2 2 4 4 0 0 4 2 4 2 2 4 0]
                     [4 4 4 4 1 2 1 1 4 4 0 4 4 4 2 2 2 2 2 2 2 2 2 2 4 0 0 4 4 0 2 2 2 4 1]
                     [4 4 4 4 4 0 4 0 4 4 0 0 4 2 2 2 2 2 2 2 2 2 2 2 4 4 4 0 4 4 2 2 2 2 2]
                     [4 4 4 4 4 0 4 0 0 0 4 4 2 4 2 2 2 2 2 2 2 2 2 2 1 4 4 4 4 2 2 2 2 2 2]
                     [0 0 0 0 0 4 0 4 4 0 0 4 4 2 2 2 2 2 2 2 2 4 2 2 2 4 4 0 2 4 2 2 2 2 2]
                     [0 4 0 4 4 4 0 0 4 0 4 4 1 1 2 4 2 2 2 2 4 4 5 2 2 0 2 2 2 2 2 2 2 2 2]
                     [0 0 0 0 4 4 4 4 4 4 4 4 0 2 4 2 2 2 2 2 2 1 4 4 4 2 2 2 2 2 2 2 2 2 2]
                     [4 4 0 4 0 0 0 4 0 4 4 4 0 4 2 2 2 2 2 2 2 2 4 0 4 0 4 2 2 2 2 2 2 2 4]
                     [4 4 0 4 0 4 4 0 0 4 4 4 4 4 2 2 2 2 2 2 2 2 2 2 4 4 2 2 2 2 2 2 2 2 2]
                     [4 0 0 0 4 4 4 0 4 4 4 4 0 4 0 4 4 2 2 2 2 2 2 2 4 4 1 2 2 2 2 2 2 2 4]
                     [4 4 4 4 0 4 4 0 4 1 4 4 4 2 4 0 4 2 2 4 2 4 2 5 1 1 1 2 4 2 2 2 2 2 2]
                     [0 4 4 4 4 4 4 4 4 4 5 1 2 2 2 0 2 2 2 2 2 2 2 4 4 0 0 4 0 1 2 2 2 4 2]
                     [4 0 0 4 4 4 4 0 4 2 0 2 2 2 2 2 2 2 2 2 4 2 1 1 4 0 4 4 0 3 1 2 5 2 2]
                     [0 0 0 4 4 0 4 4 4 4 2 2 2 2 2 2 2 2 2 2 2 2 4 4 0 4 0 4 0 1 5 1 0 4 4]
                     [0 0 0 4 0 4 4 0 5 4 2 2 2 2 2 2 2 2 2 2 2 2 1 4 4 0 0 0 0 4 4 1 0 0 4]
                     [4 4 1 1 0 4 4 1 2 2 2 2 2 2 2 2 4 2 2 2 2 2 1 5 0 0 0 0 4 0 4 4 0 4 4]
                     [4 4 5 1 2 4 4 2 2 2 1 2 2 2 2 2 2 2 2 2 2 2 2 1 0 4 4 4 4 0 0 4 0 0 0]
                     [4 0 1 2 2 3 2 2 2 2 2 2 2 2 2 2 4 2 2 2 2 2 2 4 4 0 0 0 4 0 0 4 4 4 4]
                     [0 0 5 1 2 2 2 2 2 2 2 2 2 2 2 2 2 4 2 2 4 2 5 4 4 4 0 4 4 0 0 0 0 4 4]
                     [4 4 1 2 2 2 2 4 2 2 2 2 2 2 4 2 2 4 4 4 4 4 1 0 4 4 4 4 4 0 4 0 0 0 4]
                     [4 1 1 4 2 2 2 2 2 2 2 2 2 2 2 4 2 2 2 4 4 4 4 0 0 0 4 0 4 0 4 4 4 0 0]
                     [4 1 3 2 2 2 2 2 2 2 2 2 2 2 4 5 2 2 2 4 4 4 4 4 4 4 4 0 0 0 4 4 4 4 4]
                     [4 0 1 2 3 2 2 2 2 2 2 2 2 2 4 4 2 3 2 2 4 0 0 0 4 4 4 4 4 0 4 0 0 0 4]
                     [4 4 0 1 3 2 2 2 4 2 2 2 2 2 0 1 4 4 1 1 4 4 0 4 4 4 0 0 0 4 4 0 0 4 0]

                     [2 2 5 1 2 2 2 2 2 4 4 4 4 4 4 0 4 0 0 4 4 0 4 4 4 0 4 0 4 0 4 0 4 4 4]
                     [2 2 2 2 2 2 2 2 2 2 0 4 4 4 4 0 0 0 0 0 4 4 0 4 4 4 0 4 4 0 4 0 4 4 0]
                     [2 2 2 2 2 2 2 2 2 2 4 4 4 0 0 0 4 4 4 0 0 4 4 0 4 4 4 4 4 0 4 0 4 4 0]
                     [2 2 2 2 2 2 2 2 2 2 2 4 4 4 0 0 4 0 0 4 4 0 0 4 4 4 4 0 0 0 4 0 0 4 0]
                     [2 2 2 2 2 2 2 2 2 2 2 2 4 4 4 4 0 4 4 4 0 0 4 0 0 4 4 0 0 4 4 0 4 4 0]
                     [4 2 2 2 2 2 2 2 2 2 4 4 2 5 2 2 0 0 0 4 4 4 0 0 4 4 0 0 4 0 0 0 4 4 4]
                     [2 2 2 2 2 2 2 2 2 1 4 4 5 2 2 1 0 4 4 4 0 4 0 4 4 4 4 0 0 4 0 4 4 4 0]
                     [2 2 2 4 2 2 2 2 2 4 4 4 2 1 5 5 4 1 5 4 0 0 0 4 4 4 4 4 4 0 0 4 0 4 0]
                     [4 4 2 2 2 2 2 2 2 0 4 0 4 1 3 1 1 0 2 1 4 4 0 4 4 0 4 0 0 4 4 4 0 4 0]
                     [4 4 4 2 1 2 2 4 4 4 4 4 4 1 2 4 2 2 2 5 0 0 0 4 4 0 4 0 4 0 0 4 4 4 4]
                     [4 4 4 4 1 2 4 4 4 4 0 4 1 2 2 2 2 2 2 1 2 4 4 0 0 4 0 4 0 0 4 4 4 0 0]
                     [0 4 0 0 1 5 2 2 1 0 4 0 1 4 2 2 2 2 2 2 2 2 2 2 4 4 0 0 4 2 4 2 2 4 0]
                     [4 4 4 4 1 2 1 1 4 4 0 4 4 4 2 2 2 2 2 2 2 2 2 2 4 0 0 4 4 0 2 2 2 4 1]
                     [4 4 4 4 4 0 4 0 4 4 0 0 4 2 2 2 2 2 2 2 2 2 2 2 4 4 4 0 4 4 2 2 2 2 2]
                     [4 4 4 4 4 0 4 0 0 0 4 4 2 4 2 2 2 2 2 2 2 2 2 2 1 4 4 4 4 2 2 2 2 2 2]
                     [0 0 0 0 0 4 0 4 4 0 0 4 4 2 2 2 2 2 2 2 2 4 2 2 2 4 4 0 2 4 2 2 2 2 2]
                     [0 4 0 4 4 4 0 0 4 0 4 4 1 1 2 4 2 2 2 2 4 4 5 2 2 0 2 2 2 2 2 2 2 2 2]
                     [0 0 0 0 4 4 4 4 4 4 4 4 0 2 4 2 2 2 2 2 2 1 4 4 4 2 2 2 2 2 2 2 2 2 2]
                     [4 4 0 4 0 0 0 4 0 4 4 4 0 4 2 2 2 2 2 2 2 2 4 0 4 0 4 2 2 2 2 2 2 2 4]
                     [4 4 0 4 0 4 4 0 0 4 4 4 4 4 2 2 2 2 2 2 2 2 2 2 4 4 2 2 2 2 2 2 2 2 2]
                     [4 0 0 0 4 4 4 0 4 4 4 4 0 4 0 4 4 2 2 2 2 2 2 2 4 4 1 2 2 2 2 2 2 2 4]
                     [4 4 4 4 0 4 4 0 4 1 4 4 4 2 4 0 4 2 2 4 2 4 2 5 1 1 1 2 4 2 2 2 2 2 2]
                     [0 4 4 4 4 4 4 4 4 4 5 1 2 2 2 0 2 2 2 2 2 2 2 4 4 0 0 4 0 1 2 2 2 4 2]
                     [4 0 0 4 4 4 4 0 4 2 0 2 2 2 2 2 2 2 2 2 4 2 1 1 4 0 4 4 0 3 1 2 5 2 2]
                     [0 0 0 4 4 0 4 4 4 4 2 2 2 2 2 2 2 2 2 2 2 2 4 4 0 4 0 4 0 1 6 1 0 4 4]
                     [0 0 0 4 0 4 4 0 2 4 2 2 2 2 2 2 2 2 2 2 2 2 1 4 4 0 0 0 0 4 4 1 0 0 4]
                     [4 4 1 1 0 4 4 1 2 2 2 2 2 2 2 2 4 2 2 2 2 2 1 5 0 0 0 0 4 0 4 4 0 4 4]
                     [4 4 6 1 2 4 4 2 2 2 1 2 2 2 2 2 2 2 2 2 2 2 2 1 0 4 4 4 4 0 0 4 0 0 0]
                     [4 0 1 2 2 3 2 2 2 2 2 2 2 2 2 2 4 2 2 2 2 2 2 4 4 0 0 0 4 0 0 4 4 4 4]
                     [0 0 5 2 2 2 2 2 2 2 2 2 2 2 2 2 2 4 2 2 4 2 5 4 4 4 0 4 4 0 0 0 0 4 4]
                     [4 4 1 2 2 2 2 4 2 2 2 2 2 2 4 2 2 4 4 4 4 4 1 0 4 4 4 4 4 0 4 0 0 0 4]
                     [4 1 1 4 2 2 2 2 2 2 2 2 2 2 2 4 2 2 2 4 4 4 4 0 0 0 4 0 4 0 4 4 4 0 0]
                     [4 1 3 2 2 2 2 2 2 2 2 2 2 2 4 5 2 2 2 4 4 4 4 4 4 4 4 0 0 0 4 4 4 4 4]
                     [4 0 1 2 3 2 2 2 2 2 2 2 2 2 4 4 2 3 2 2 4 0 0 0 4 4 4 4 4 0 4 0 0 0 4]
                     [4 4 0 1 3 2 2 2 4 2 2 2 2 2 0 1 4 4 1 2 4 4 0 4 4 4 0 0 0 4 4 0 0 4 0]

                     [2 2 2 1 2 2 2 2 2 4 4 4 4 4 4 0 4 0 0 4 4 0 4 4 4 0 4 0 4 0 4 0 4 4 4]
                     [2 2 2 2 2 2 2 2 2 2 0 4 4 4 4 0 0 0 0 0 4 4 0 4 4 4 0 4 4 0 4 0 4 4 0]
                     [2 2 2 2 2 2 2 2 2 2 4 4 4 0 0 0 4 4 4 0 0 4 4 0 4 4 4 4 4 0 4 0 4 4 0]
                     [2 2 2 2 2 2 2 2 2 2 2 4 4 4 0 0 4 0 0 4 4 0 0 4 4 4 4 0 0 0 4 0 0 4 0]
                     [2 2 2 2 2 2 2 2 2 2 2 2 4 4 4 4 0 4 4 4 0 0 4 0 0 4 4 0 0 4 4 0 4 4 0]
                     [4 2 2 2 2 2 2 2 2 2 4 4 2 2 2 2 0 0 0 4 4 4 0 0 4 4 0 0 4 0 0 0 4 4 4]
                     [2 2 2 2 2 2 2 2 2 1 4 4 5 2 2 1 0 4 4 4 0 4 0 4 4 4 4 0 0 4 0 4 4 4 0]
                     [2 2 2 4 2 2 2 2 2 4 4 4 2 1 2 5 4 1 2 4 0 0 0 4 4 4 4 4 4 0 0 4 0 4 0]
                     [4 4 2 2 2 2 2 2 2 0 4 0 4 1 3 1 1 0 2 1 4 4 0 4 4 0 4 0 0 4 4 4 0 4 0]
                     [4 4 4 2 1 2 2 4 4 4 4 4 4 1 2 4 2 2 2 5 0 0 0 4 4 0 4 0 4 0 0 4 4 4 4]
                     [4 4 4 4 1 2 4 4 4 4 0 4 1 2 2 2 2 2 2 1 2 4 4 0 0 4 0 4 0 0 4 4 4 0 0]
                     [0 4 0 0 1 5 2 2 1 0 4 0 1 4 2 2 2 2 2 2 2 2 2 2 4 4 0 0 4 2 4 2 2 4 0]
                     [4 4 4 4 1 2 1 1 4 4 0 4 4 4 2 2 2 2 2 2 2 2 2 2 4 0 0 4 4 0 2 2 2 4 1]
                     [4 4 4 4 4 0 4 0 4 4 0 0 4 2 2 2 2 2 2 2 2 2 2 2 4 4 4 0 4 4 2 2 2 2 2]
                     [4 4 4 4 4 0 4 0 0 0 4 4 2 4 2 2 2 2 2 2 2 2 2 2 2 4 4 4 4 2 2 2 2 2 2]
                     [0 0 0 0 0 4 0 4 4 0 0 4 4 2 2 2 2 2 2 2 2 4 2 2 2 4 4 0 2 4 2 2 2 2 2]
                     [0 4 0 4 4 4 0 0 4 0 4 4 1 1 2 4 2 2 2 2 4 4 2 2 2 0 2 2 2 2 2 2 2 2 2]
                     [0 0 0 0 4 4 4 4 4 4 4 4 0 2 4 2 2 2 2 2 2 1 4 4 4 2 2 2 2 2 2 2 2 2 2]
                     [4 4 0 4 0 0 0 4 0 4 4 4 0 4 2 2 2 2 2 2 2 2 4 0 4 0 4 2 2 2 2 2 2 2 4]
                     [4 4 0 4 0 4 4 0 0 4 4 4 4 4 2 2 2 2 2 2 2 2 2 2 4 4 2 2 2 2 2 2 2 2 2]
                     [4 0 0 0 4 4 4 0 4 4 4 4 0 4 0 4 4 2 2 2 2 2 2 2 4 4 1 2 2 2 2 2 2 2 4]
                     [4 4 4 4 0 4 4 0 4 1 4 4 4 2 4 0 4 2 2 4 2 4 2 5 1 1 1 2 4 2 2 2 2 2 2]
                     [0 4 4 4 4 4 4 4 4 4 5 1 2 2 2 0 2 2 2 2 2 2 2 4 4 0 0 4 0 1 2 2 2 4 2]
                     [4 0 0 4 4 4 4 0 4 2 0 2 2 2 2 2 2 2 2 2 4 2 1 1 4 0 4 4 0 3 2 2 5 2 2]
                     [0 0 0 4 4 0 4 4 4 4 2 2 2 2 2 2 2 2 2 2 2 2 4 4 0 4 0 4 0 1 5 1 0 4 4]
                     [0 0 0 4 0 4 4 0 2 4 2 2 2 2 2 2 2 2 2 2 2 2 1 4 4 0 0 0 0 4 4 1 0 0 4]
                     [4 4 1 1 0 4 4 1 2 2 2 2 2 2 2 2 4 2 2 2 2 2 2 5 0 0 0 0 4 0 4 4 0 4 4]
                     [4 4 5 2 2 4 4 2 2 2 1 2 2 2 2 2 2 2 2 2 2 2 2 1 0 4 4 4 4 0 0 4 0 0 0]
                     [4 0 2 2 2 4 2 2 2 2 2 2 2 2 2 2 4 2 2 2 2 2 2 4 4 0 0 0 4 0 0 4 4 4 4]
                     [0 0 2 2 2 2 2 2 2 2 2 2 2 2 2 2 2 4 2 2 4 2 2 4 4 4 0 4 4 0 0 0 0 4 4]
                     [4 4 1 2 2 2 2 4 2 2 2 2 2 2 4 2 2 4 4 4 4 4 1 0 4 4 4 4 4 0 4 0 0 0 4]
                     [4 1 1 4 2 2 2 2 2 2 2 2 2 2 2 4 2 2 2 4 4 4 4 0 0 0 4 0 4 0 4 4 4 0 0]
                     [4 1 3 2 2 2 2 2 2 2 2 2 2 2 4 5 2 2 2 4 4 4 4 4 4 4 4 0 0 0 4 4 4 4 4]
                     [4 0 2 2 3 2 2 2 2 2 2 2 2 2 4 4 2 3 2 2 4 0 0 0 4 4 4 4 4 0 4 0 0 0 4]
                     [4 4 0 1 3 2 2 2 4 2 2 2 2 2 0 2 4 4 1 2 4 4 0 4 4 4 0 0 0 4 4 0 0 4 0]

                     [2 2 2 1 2 2 2 2 2 4 4 4 4 4 4 0 4 0 0 4 4 0 4 4 4 0 4 0 4 0 4 0 4 4 4]
                     [2 2 2 2 2 2 2 2 2 2 4 4 4 4 4 0 0 0 0 0 4 4 4 4 4 4 0 4 4 0 4 4 4 4 0]
                     [2 2 2 2 2 2 2 2 2 2 4 4 4 0 0 0 4 4 4 0 0 4 4 0 4 4 4 4 4 0 4 4 4 4 0]
                     [2 2 2 2 2 2 2 2 2 2 2 4 4 4 4 0 4 0 0 4 4 0 0 4 4 4 4 0 0 4 4 0 0 4 0]
                     [2 2 2 2 2 2 2 2 2 2 2 2 4 4 4 4 0 4 4 4 4 0 4 0 0 4 4 0 0 4 4 0 4 4 4]
                     [4 2 2 2 2 2 2 2 2 2 4 4 2 2 2 2 1 4 0 4 4 4 0 4 4 4 0 0 4 4 0 0 4 4 4]
                     [2 2 2 2 2 2 2 2 2 5 4 1 5 2 2 5 0 1 4 4 0 4 0 4 4 4 4 0 0 4 0 4 4 4 4]
                     [2 2 2 4 2 2 2 2 2 4 4 4 2 1 2 5 3 1 2 1 1 0 0 4 4 4 4 4 4 0 0 4 0 4 0]
                     [4 4 2 2 2 2 2 2 2 0 4 0 4 5 1 1 1 1 2 1 4 4 0 4 4 0 4 0 0 4 4 4 0 4 0]
                     [4 4 4 2 1 2 2 4 4 4 4 4 4 2 2 4 2 2 2 5 1 0 4 4 4 0 4 0 4 0 0 4 4 4 4]
                     [4 4 4 4 1 2 4 4 4 4 0 4 5 2 2 2 2 2 2 1 2 4 4 0 0 4 0 4 0 0 4 4 4 0 0]
                     [0 4 0 1 1 5 2 2 5 4 4 4 5 4 2 2 2 2 2 2 2 2 2 2 4 4 4 0 4 2 4 2 2 4 1]
                     [4 4 4 1 5 2 5 5 4 4 0 4 4 4 2 2 2 2 2 2 2 2 2 2 4 0 4 4 4 0 2 2 2 4 1]
                     [4 4 4 4 4 0 4 0 4 4 0 0 4 2 2 2 2 2 2 2 2 2 2 2 4 4 4 0 4 4 2 2 2 2 2]
                     [4 4 4 4 4 0 4 0 0 0 4 4 2 4 2 2 2 2 2 2 2 2 2 2 2 4 4 4 4 2 2 2 2 2 2]
                     [0 0 0 0 0 4 0 4 4 0 0 4 4 2 2 2 2 2 2 2 2 4 2 2 2 4 4 0 2 4 2 2 2 2 2]
                     [0 4 0 4 4 4 0 0 4 0 4 1 5 2 2 4 2 2 2 2 4 4 2 2 2 0 2 2 2 2 2 2 2 2 2]
                     [0 0 0 0 4 4 4 4 4 4 4 4 1 2 4 2 2 2 2 2 2 5 4 4 4 2 2 2 2 2 2 2 2 2 2]
                     [4 4 0 4 0 0 4 4 0 4 4 4 4 4 2 2 2 2 2 2 2 2 4 0 4 4 4 2 2 2 2 2 2 2 4]
                     [4 4 0 4 0 4 4 0 0 4 4 4 4 4 2 2 2 2 2 2 2 2 2 2 4 4 2 2 2 2 2 2 2 2 2]
                     [4 0 0 0 4 4 4 0 4 4 4 4 0 4 0 4 4 2 2 2 2 2 2 2 1 1 2 2 2 2 2 2 2 2 4]
                     [4 4 4 4 0 4 4 0 4 5 4 4 4 2 4 0 4 2 2 4 2 4 2 2 5 1 5 2 4 2 2 2 2 2 2]
                     [0 4 4 4 4 4 4 4 4 4 2 5 2 2 2 0 2 2 2 2 2 2 2 4 1 1 1 4 4 5 2 2 2 4 2]
                     [4 0 0 4 4 4 4 0 4 2 1 2 2 2 2 2 2 2 2 2 4 2 1 5 4 0 4 4 1 3 2 2 5 2 2]
                     [0 0 0 4 4 0 4 4 4 4 2 2 2 2 2 2 2 2 2 2 2 2 1 1 1 4 0 4 0 5 2 5 4 4 4]
                     [0 0 4 1 4 4 1 4 2 4 2 2 2 2 2 2 2 2 2 2 2 2 5 4 4 4 0 0 4 4 1 5 0 4 4]
                     [4 4 5 5 0 4 1 1 2 2 2 2 2 2 2 2 4 2 2 2 2 2 2 5 4 4 0 0 4 0 4 4 0 4 4]
                     [4 4 5 2 2 4 1 2 2 2 1 2 2 2 2 2 2 2 2 2 2 2 2 5 0 4 4 4 4 0 0 4 0 0 0]
                     [4 1 2 2 2 4 2 2 2 2 2 2 2 2 2 2 4 2 2 2 2 2 2 1 1 0 4 0 4 0 0 4 4 4 4]
                     [0 0 2 2 2 2 2 2 2 2 2 2 2 2 2 2 2 4 2 2 4 2 2 4 4 4 0 4 4 4 0 0 0 4 4]
                     [4 4 5 2 2 2 2 4 2 2 2 2 2 2 4 2 2 4 4 4 4 4 5 0 4 4 4 4 4 4 4 0 0 0 4]
                     [4 5 5 4 2 2 2 2 2 2 2 2 2 2 2 4 2 2 2 4 4 4 4 0 0 0 4 0 4 0 4 4 4 0 0]
                     [4 5 3 2 2 2 2 2 2 2 2 2 2 2 4 5 2 2 2 4 4 4 4 4 4 4 4 4 0 0 4 4 4 4 4]
                     [4 0 2 2 3 2 2 2 2 2 2 2 2 2 4 4 2 3 2 2 4 0 0 0 4 4 4 4 4 0 4 0 0 0 4]
                     [4 4 0 1 1 2 2 2 4 2 2 2 2 2 0 2 4 4 1 2 4 4 0 4 4 4 0 0 0 4 4 0 0 4 0]

                     [2 2 2 2 2 2 2 2 2 4 4 4 4 4 4 0 4 0 0 4 4 0 4 4 4 0 4 0 4 0 4 0 4 4 4]
                     [2 2 2 2 2 2 2 2 2 2 4 4 4 4 4 0 0 0 0 0 4 4 4 4 4 4 0 4 4 0 4 4 4 4 0]
                     [2 2 2 2 2 2 2 2 2 2 4 4 4 0 0 0 4 4 4 0 0 4 4 0 4 4 4 4 4 0 4 4 4 4 0]
                     [2 2 2 2 2 2 2 2 2 2 2 4 4 4 4 0 4 0 0 4 4 0 0 4 4 4 4 0 0 4 4 0 0 4 0]
                     [2 2 2 2 2 2 2 2 2 2 2 2 4 4 4 4 0 4 4 4 4 0 4 0 0 4 4 0 0 4 4 0 4 4 4]
                     [4 2 2 2 2 2 2 2 2 2 4 4 2 2 2 2 1 4 0 4 4 4 0 4 4 4 0 0 4 4 0 0 4 4 4]
                     [2 2 2 2 2 2 2 2 2 5 4 1 2 2 2 5 0 1 4 4 0 4 0 4 4 4 4 0 0 4 0 4 4 4 4]
                     [2 2 2 4 2 2 2 2 2 4 4 4 2 1 2 5 3 1 2 1 1 0 0 4 4 4 4 4 4 0 0 4 0 4 0]
                     [4 4 2 2 2 2 2 2 2 0 4 0 4 5 1 1 1 1 2 1 4 4 0 4 4 0 4 0 0 4 4 4 0 4 0]
                     [4 4 4 2 2 2 2 4 4 4 4 4 4 2 2 4 2 2 2 5 1 0 4 4 4 0 4 0 4 0 0 4 4 4 4]
                     [4 4 4 4 1 2 4 4 4 4 0 4 5 2 2 2 2 2 2 1 2 4 4 0 0 4 0 4 0 0 4 4 4 0 0]
                     [0 4 0 1 1 5 2 2 5 4 4 4 5 4 2 2 2 2 2 2 2 2 2 2 4 4 4 0 4 2 4 2 2 4 1]
                     [4 4 4 1 5 2 5 5 4 4 0 4 4 4 2 2 2 2 2 2 2 2 2 2 4 0 4 4 4 0 2 2 2 4 1]
                     [4 4 4 4 4 0 4 0 4 4 0 0 4 2 2 2 2 2 2 2 2 2 2 2 4 4 4 0 4 4 2 2 2 2 2]
                     [4 4 4 4 4 0 4 0 0 0 4 4 2 4 2 2 2 2 2 2 2 2 2 2 2 4 4 4 4 2 2 2 2 2 2]
                     [0 0 0 0 0 4 0 4 4 0 0 4 4 2 2 2 2 2 2 2 2 4 2 2 2 4 4 0 2 4 2 2 2 2 2]
                     [0 4 0 4 4 4 0 0 4 0 4 1 5 2 2 4 2 2 2 2 4 4 2 2 2 0 2 2 2 2 2 2 2 2 2]
                     [0 0 0 0 4 4 4 4 4 4 4 4 1 2 4 2 2 2 2 2 2 5 4 4 4 2 2 2 2 2 2 2 2 2 2]
                     [4 4 0 4 0 0 4 4 0 4 4 4 4 4 2 2 2 2 2 2 2 2 4 0 4 4 4 2 2 2 2 2 2 2 4]
                     [4 4 0 4 0 4 4 0 0 4 4 4 4 4 2 2 2 2 2 2 2 2 2 2 4 4 2 2 2 2 2 2 2 2 2]
                     [4 0 0 0 4 4 4 0 4 4 4 4 0 4 0 4 4 2 2 2 2 2 2 2 1 1 2 2 2 2 2 2 2 2 4]
                     [4 4 4 4 0 4 4 0 4 5 4 4 4 2 4 0 4 2 2 4 2 4 2 2 5 2 5 2 4 2 2 2 2 2 2]
                     [0 4 4 4 4 4 4 4 4 4 2 5 2 2 2 0 2 2 2 2 2 2 2 4 1 1 1 4 4 5 2 2 2 4 2]
                     [4 0 0 4 4 4 4 0 4 2 1 2 2 2 2 2 2 2 2 2 4 2 1 5 4 0 4 4 1 3 2 2 2 2 2]
                     [0 0 0 4 4 0 4 4 4 4 2 2 2 2 2 2 2 2 2 2 2 2 1 1 1 4 0 4 0 5 2 5 4 4 4]
                     [0 0 4 1 4 4 1 4 2 4 2 2 2 2 2 2 2 2 2 2 2 2 5 4 4 4 0 0 4 4 1 5 0 4 4]
                     [4 4 5 5 0 4 1 1 2 2 2 2 2 2 2 2 4 2 2 2 2 2 2 5 4 4 0 0 4 0 4 4 0 4 4]
                     [4 4 5 2 2 4 1 2 2 2 2 2 2 2 2 2 2 2 2 2 2 2 2 5 0 4 4 4 4 0 0 4 0 0 0]
                     [4 1 2 2 2 4 2 2 2 2 2 2 2 2 2 2 4 2 2 2 2 2 2 1 1 0 4 0 4 0 0 4 4 4 4]
                     [0 0 2 2 2 2 2 2 2 2 2 2 2 2 2 2 2 4 2 2 4 2 2 4 4 4 0 4 4 4 0 0 0 4 4]
                     [4 4 5 2 2 2 2 4 2 2 2 2 2 2 4 2 2 4 4 4 4 4 5 0 4 4 4 4 4 4 4 0 0 0 4]
                     [4 5 5 4 2 2 2 2 2 2 2 2 2 2 2 4 2 2 2 4 4 4 4 0 0 0 4 0 4 0 4 4 4 0 0]
                     [4 5 3 2 2 2 2 2 2 2 2 2 2 2 4 2 2 2 2 4 4 4 4 4 4 4 4 4 0 0 4 4 4 4 4]
                     [4 0 2 2 3 2 2 2 2 2 2 2 2 2 4 4 2 3 2 2 4 0 0 0 4 4 4 4 4 0 4 0 0 0 4]
                     [4 4 0 1 1 2 2 2 4 2 2 2 2 2 0 2 4 4 1 2 4 4 0 4 4 4 0 0 0 4 4 0 0 4 0]

                     [2 2 2 2 2 2 2 2 2 4 4 4 4 4 4 0 4 0 0 4 4 0 4 4 4 0 4 0 4 0 4 0 4 4 4]
                     [2 2 2 2 2 2 2 2 2 2 4 4 4 4 4 0 0 0 0 0 4 4 4 4 4 4 0 4 4 0 4 4 4 4 0]
                     [2 2 2 2 2 2 2 2 2 2 4 4 4 0 0 0 4 4 4 0 0 4 4 0 4 4 4 4 4 0 4 4 4 4 0]
                     [2 2 2 2 2 2 2 2 2 2 2 4 4 4 4 0 4 0 0 4 4 0 0 4 4 4 4 0 0 4 4 0 0 4 0]
                     [2 2 2 2 2 2 2 2 2 2 2 2 4 4 4 4 0 4 4 4 4 0 4 0 0 4 4 0 0 4 4 0 4 4 4]
                     [4 2 2 2 2 2 2 2 2 2 4 4 2 2 2 2 1 4 0 4 4 4 0 4 4 4 0 0 4 4 0 0 4 4 4]
                     [2 2 2 2 2 2 2 2 2 5 4 1 2 2 2 5 0 1 4 4 0 4 0 4 4 4 4 0 0 4 0 4 4 4 4]
                     [2 2 2 4 2 2 2 2 2 4 4 4 2 1 2 5 3 1 2 1 1 0 0 4 4 4 4 4 4 0 0 4 0 4 0]
                     [4 4 2 2 2 2 2 2 2 0 4 0 4 2 1 1 1 1 2 1 4 4 0 4 4 0 4 0 0 4 4 4 0 4 0]
                     [4 4 4 2 2 2 2 4 4 4 4 4 4 2 2 4 2 2 2 5 1 0 4 4 4 0 4 0 4 0 0 4 4 4 4]
                     [4 4 4 4 1 2 4 4 4 4 0 4 2 2 2 2 2 2 2 2 2 4 4 0 0 4 0 4 0 0 4 4 4 0 0]
                     [0 4 0 1 1 2 2 2 5 4 4 4 5 4 2 2 2 2 2 2 2 2 2 2 4 4 4 0 4 2 4 2 2 4 1]
                     [4 4 4 1 5 2 5 5 4 4 0 4 4 4 2 2 2 2 2 2 2 2 2 2 4 0 4 4 4 0 2 2 2 4 1]
                     [4 4 4 4 4 0 4 0 4 4 0 0 4 2 2 2 2 2 2 2 2 2 2 2 4 4 4 0 4 4 2 2 2 2 2]
                     [4 4 4 4 4 0 4 0 0 0 4 4 2 4 2 2 2 2 2 2 2 2 2 2 2 4 4 4 4 2 2 2 2 2 2]
                     [0 0 0 0 0 4 0 4 4 0 0 4 4 2 2 2 2 2 2 2 2 4 2 2 2 4 4 0 2 4 2 2 2 2 2]
                     [0 4 0 4 4 4 0 0 4 0 4 1 5 2 2 4 2 2 2 2 4 4 2 2 2 0 2 2 2 2 2 2 2 2 2]
                     [0 0 0 0 4 4 4 4 4 4 4 4 1 2 4 2 2 2 2 2 2 2 4 4 4 2 2 2 2 2 2 2 2 2 2]
                     [4 4 0 4 0 0 4 4 0 4 4 4 4 4 2 2 2 2 2 2 2 2 4 0 4 4 4 2 2 2 2 2 2 2 4]
                     [4 4 0 4 0 4 4 0 0 4 4 4 4 4 2 2 2 2 2 2 2 2 2 2 4 4 2 2 2 2 2 2 2 2 2]
                     [4 0 0 0 4 4 4 0 4 4 4 4 0 4 0 4 4 2 2 2 2 2 2 2 1 1 2 2 2 2 2 2 2 2 4]
                     [4 4 4 4 0 4 4 0 4 5 4 4 4 2 4 0 4 2 2 4 2 4 2 2 5 2 5 2 4 2 2 2 2 2 2]
                     [0 4 4 4 4 4 4 4 4 4 2 2 2 2 2 0 2 2 2 2 2 2 2 4 1 1 1 4 4 5 2 2 2 4 2]
                     [4 0 0 4 4 4 4 0 4 2 1 2 2 2 2 2 2 2 2 2 4 2 2 5 4 0 4 4 1 3 2 2 2 2 2]
                     [0 0 0 4 4 0 4 4 4 4 2 2 2 2 2 2 2 2 2 2 2 2 1 1 1 4 0 4 0 5 2 5 4 4 4]
                     [0 0 4 1 4 4 1 4 2 4 2 2 2 2 2 2 2 2 2 2 2 2 5 4 4 4 0 0 4 4 1 5 0 4 4]
                     [4 4 5 2 0 4 1 1 2 2 2 2 2 2 2 2 4 2 2 2 2 2 2 5 4 4 0 0 4 0 4 4 0 4 4]
                     [4 4 5 2 2 4 1 2 2 2 2 2 2 2 2 2 2 2 2 2 2 2 2 5 0 4 4 4 4 0 0 4 0 0 0]
                     [4 1 2 2 2 4 2 2 2 2 2 2 2 2 2 2 4 2 2 2 2 2 2 1 1 0 4 0 4 0 0 4 4 4 4]
                     [0 0 2 2 2 2 2 2 2 2 2 2 2 2 2 2 2 4 2 2 4 2 2 4 4 4 0 4 4 4 0 0 0 4 4]
                     [4 4 5 2 2 2 2 4 2 2 2 2 2 2 4 2 2 4 4 4 4 4 2 0 4 4 4 4 4 4 4 0 0 0 4]
                     [4 2 5 4 2 2 2 2 2 2 2 2 2 2 2 4 2 2 2 4 4 4 4 0 0 0 4 0 4 0 4 4 4 0 0]
                     [4 2 3 2 2 2 2 2 2 2 2 2 2 2 4 2 2 2 2 4 4 4 4 4 4 4 4 4 0 0 4 4 4 4 4]
                     [4 0 2 2 3 2 2 2 2 2 2 2 2 2 4 4 2 3 2 2 4 0 0 0 4 4 4 4 4 0 4 0 0 0 4]
                     [4 4 0 1 1 2 2 2 4 2 2 2 2 2 0 2 4 4 1 2 4 4 0 4 4 4 0 0 0 4 4 0 0 4 0]

                     [2 2 2 2 2 2 2 2 2 4 4 4 4 4 4 0 4 0 0 4 4 0 4 4 4 0 4 0 4 0 4 0 4 4 4]
                     [2 2 2 2 2 2 2 2 2 2 4 4 4 4 4 0 0 0 0 0 4 4 4 4 4 4 0 4 4 0 4 4 4 4 0]
                     [2 2 2 2 2 2 2 2 2 2 4 4 4 0 0 0 4 4 4 0 0 4 4 0 4 4 4 4 4 0 4 4 4 4 0]
                     [2 2 2 2 2 2 2 2 2 2 2 4 4 4 4 0 4 0 0 4 4 0 0 4 4 4 4 0 0 4 4 0 0 4 0]
                     [2 2 2 2 2 2 2 2 2 2 2 2 4 4 4 4 0 4 4 4 4 0 4 0 0 4 4 0 0 4 4 0 4 4 4]
                     [4 2 2 2 2 2 2 2 2 2 4 4 2 2 2 2 1 4 0 4 4 4 0 4 4 4 0 0 4 4 0 0 4 4 4]
                     [2 2 2 2 2 2 2 2 2 5 4 1 2 2 2 2 0 1 4 4 0 4 0 4 4 4 4 0 0 4 0 4 4 4 4]
                     [2 2 2 4 2 2 2 2 2 4 4 4 2 1 2 2 3 1 2 1 1 0 0 4 4 4 4 4 4 0 0 4 0 4 0]
                     [4 4 2 2 2 2 2 2 2 0 4 0 4 2 1 1 2 1 2 1 4 4 0 4 4 0 4 0 0 4 4 4 0 4 0]
                     [4 4 4 2 2 2 2 4 4 4 4 4 4 2 2 4 2 2 2 2 1 0 4 4 4 0 4 0 4 0 0 4 4 4 4]
                     [4 4 4 4 2 2 4 4 4 4 0 4 2 2 2 2 2 2 2 2 2 4 4 0 0 4 0 4 0 0 4 4 4 0 0]
                     [0 4 0 1 1 2 2 2 5 4 4 4 2 4 2 2 2 2 2 2 2 2 2 2 4 4 4 0 4 2 4 2 2 4 1]
                     [4 4 4 1 5 2 2 2 4 4 0 4 4 4 2 2 2 2 2 2 2 2 2 2 4 0 4 4 4 0 2 2 2 4 2]
                     [4 4 4 4 4 0 4 0 4 4 0 0 4 2 2 2 2 2 2 2 2 2 2 2 4 4 4 0 4 4 2 2 2 2 2]
                     [4 4 4 4 4 0 4 0 0 0 4 4 2 4 2 2 2 2 2 2 2 2 2 2 2 4 4 4 4 2 2 2 2 2 2]
                     [0 0 0 0 0 4 0 4 4 0 0 4 4 2 2 2 2 2 2 2 2 4 2 2 2 4 4 0 2 4 2 2 2 2 2]
                     [0 4 0 4 4 4 0 0 4 0 4 1 5 2 2 4 2 2 2 2 4 4 2 2 2 0 2 2 2 2 2 2 2 2 2]
                     [0 0 0 0 4 4 4 4 4 4 4 4 1 2 4 2 2 2 2 2 2 2 4 4 4 2 2 2 2 2 2 2 2 2 2]
                     [4 4 0 4 0 0 4 4 0 4 4 4 4 4 2 2 2 2 2 2 2 2 4 0 4 4 4 2 2 2 2 2 2 2 4]
                     [4 4 0 4 0 4 4 0 0 4 4 4 4 4 2 2 2 2 2 2 2 2 2 2 4 4 2 2 2 2 2 2 2 2 2]
                     [4 0 0 0 4 4 4 0 4 4 4 4 0 4 0 4 4 2 2 2 2 2 2 2 1 1 2 2 2 2 2 2 2 2 4]
                     [4 4 4 4 0 4 4 0 4 5 4 4 4 2 4 0 4 2 2 4 2 4 2 2 5 2 2 2 4 2 2 2 2 2 2]
                     [0 4 4 4 4 4 4 4 4 4 2 2 2 2 2 0 2 2 2 2 2 2 2 4 1 1 1 4 4 2 2 2 2 4 2]
                     [4 0 0 4 4 4 4 0 4 2 1 2 2 2 2 2 2 2 2 2 4 2 2 5 4 0 4 4 1 3 2 2 2 2 2]
                     [0 0 0 4 4 0 4 4 4 4 2 2 2 2 2 2 2 2 2 2 2 2 1 1 1 4 0 4 0 5 2 5 4 4 4]
                     [0 0 4 1 4 4 1 4 2 4 2 2 2 2 2 2 2 2 2 2 2 2 5 4 4 4 0 0 4 4 1 5 0 4 4]
                     [4 4 5 2 0 4 1 2 2 2 2 2 2 2 2 2 4 2 2 2 2 2 2 5 4 4 0 0 4 0 4 4 0 4 4]
                     [4 4 5 2 2 4 1 2 2 2 2 2 2 2 2 2 2 2 2 2 2 2 2 5 0 4 4 4 4 0 0 4 0 0 0]
                     [4 1 2 2 2 4 2 2 2 2 2 2 2 2 2 2 4 2 2 2 2 2 2 1 1 0 4 0 4 0 0 4 4 4 4]
                     [0 0 2 2 2 2 2 2 2 2 2 2 2 2 2 2 2 4 2 2 4 2 2 4 4 4 0 4 4 4 0 0 0 4 4]
                     [4 4 5 2 2 2 2 4 2 2 2 2 2 2 4 2 2 4 4 4 4 4 2 0 4 4 4 4 4 4 4 0 0 0 4]
                     [4 2 2 4 2 2 2 2 2 2 2 2 2 2 2 4 2 2 2 4 4 4 4 0 0 0 4 0 4 0 4 4 4 0 0]
                     [4 2 3 2 2 2 2 2 2 2 2 2 2 2 4 2 2 2 2 4 4 4 4 4 4 4 4 4 0 0 4 4 4 4 4]
                     [4 0 2 2 4 2 2 2 2 2 2 2 2 2 4 4 2 3 2 2 4 0 0 0 4 4 4 4 4 0 4 0 0 0 4]
                     [4 4 0 2 1 2 2 2 4 2 2 2 2 2 0 2 4 4 1 2 4 4 0 4 4 4 0 0 0 4 4 0 0 4 0]

                     [2 2 2 2 2 2 2 2 2 4 4 4 4 4 4 0 4 0 0 4 4 0 4 4 4 0 4 0 4 0 4 0 4 4 4]
                     [2 2 2 2 2 2 2 2 2 2 4 4 4 4 4 4 0 0 0 0 4 4 4 4 4 4 0 4 4 0 4 4 4 4 0]
                     [2 2 2 2 2 2 2 2 2 2 4 4 4 0 0 0 4 4 4 0 0 4 4 0 4 4 4 4 4 0 4 4 4 4 0]
                     [2 2 2 2 2 2 2 2 2 2 2 4 4 4 4 0 4 0 0 4 4 0 0 4 4 4 4 0 0 4 4 0 0 4 0]
                     [2 2 2 2 2 2 2 2 2 2 2 2 4 4 4 4 0 4 4 4 4 0 4 0 0 4 4 0 0 4 4 4 4 4 4]
                     [4 2 2 2 2 2 2 2 2 2 4 4 2 2 2 2 1 1 1 4 4 4 4 4 4 4 0 0 4 4 0 0 4 4 4]
                     [2 2 2 2 2 2 2 2 2 5 1 5 2 2 2 2 1 1 3 4 1 4 0 4 4 4 4 0 0 4 4 4 4 4 4]
                     [2 2 2 4 2 2 2 2 2 4 4 4 2 1 2 2 3 2 2 1 5 0 0 4 4 4 4 4 4 0 0 4 4 4 0]
                     [4 4 2 2 2 2 2 2 2 0 4 0 4 2 1 1 2 2 2 1 1 4 0 4 4 0 4 0 0 4 4 4 4 4 4]
                     [4 4 4 2 2 2 2 4 4 4 4 4 4 2 2 1 2 2 2 2 1 1 4 4 4 0 4 0 4 0 0 4 4 4 4]
                     [4 4 4 4 2 2 4 4 1 1 4 4 2 2 2 2 2 2 2 2 2 1 4 4 0 4 4 4 0 0 4 4 4 0 4]
                     [0 4 0 5 1 2 2 2 2 4 4 4 2 4 2 2 2 2 2 2 2 2 2 2 4 4 4 0 4 2 4 2 2 4 5]
                     [4 4 4 5 5 2 2 2 4 4 0 4 4 4 2 2 2 2 2 2 2 2 2 2 4 4 4 4 4 0 2 2 2 1 2]
                     [4 4 4 4 4 0 4 0 4 4 0 4 4 2 2 2 2 2 2 2 2 2 2 2 4 4 4 0 4 4 2 2 2 2 2]
                     [4 4 4 4 4 0 4 0 4 0 4 4 2 4 2 2 2 2 2 2 2 2 2 2 2 4 4 4 4 2 2 2 2 2 2]
                     [0 0 0 0 0 4 0 4 4 0 0 4 4 2 2 2 2 2 2 2 2 4 2 2 2 4 4 0 2 4 2 2 2 2 2]
                     [4 4 4 4 4 4 0 0 4 0 4 5 5 2 2 4 2 2 2 2 4 4 2 2 2 0 2 2 2 2 2 2 2 2 2]
                     [0 0 0 0 4 4 4 4 4 4 4 4 5 2 4 2 2 2 2 2 2 2 4 4 4 2 2 2 2 2 2 2 2 2 2]
                     [4 4 0 4 0 0 4 4 0 4 4 1 4 4 2 2 2 2 2 2 2 2 4 4 4 4 4 2 2 2 2 2 2 2 4]
                     [4 4 0 4 0 4 4 0 0 4 4 4 4 4 2 2 2 2 2 2 2 2 2 2 1 4 2 2 2 2 2 2 2 2 2]
                     [4 0 4 0 4 4 4 0 4 4 4 4 0 4 0 4 4 2 2 2 2 2 2 2 1 1 2 2 2 2 2 2 2 2 4]
                     [4 4 4 4 4 4 4 0 4 2 4 4 4 2 4 0 4 2 2 4 2 4 2 2 5 2 2 2 4 2 2 2 2 2 2]
                     [0 4 4 4 4 4 4 4 1 4 2 2 2 2 2 0 2 2 2 2 2 2 2 4 5 5 5 4 4 2 2 2 2 4 2]
                     [4 0 0 4 4 4 4 0 4 2 1 2 2 2 2 2 2 2 2 2 4 2 2 2 4 0 4 4 5 1 2 2 2 2 2]
                     [4 0 0 4 4 1 4 4 4 1 2 2 2 2 2 2 2 2 2 2 2 2 5 5 5 4 0 4 4 2 2 5 1 4 4]
                     [4 4 1 5 4 4 5 4 2 4 2 2 2 2 2 2 2 2 2 2 2 2 2 4 4 4 0 0 1 1 5 5 4 4 4]
                     [4 4 5 2 4 1 5 2 2 2 2 2 2 2 2 2 4 2 2 2 2 2 2 2 4 4 0 0 4 4 4 4 0 4 4]
                     [4 4 2 2 2 1 1 2 2 2 2 2 2 2 2 2 2 2 2 2 2 2 2 5 1 4 4 4 4 0 4 4 0 0 0]
                     [4 5 2 2 2 1 2 2 2 2 2 2 2 2 2 2 4 2 2 2 2 2 2 1 2 0 4 0 4 0 0 4 4 4 4]
                     [0 1 2 2 2 2 2 2 2 2 2 2 2 2 2 2 2 4 2 2 4 2 2 4 1 4 4 4 4 4 4 0 0 4 4]
                     [4 4 2 2 2 2 2 4 2 2 2 2 2 2 4 2 2 4 4 4 4 4 2 0 4 4 4 4 4 4 4 4 0 4 4]
                     [4 2 2 4 2 2 2 2 2 2 2 2 2 2 2 4 2 2 2 4 4 4 4 0 0 0 4 0 4 0 4 4 4 0 4]
                     [4 2 3 2 2 2 2 2 2 2 2 2 2 2 4 2 2 2 2 4 4 4 4 4 4 4 4 4 4 0 4 4 4 4 4]
                     [4 0 2 2 4 2 2 2 2 2 2 2 2 2 4 4 2 1 2 2 4 0 0 0 4 4 4 4 4 0 4 0 0 0 4]
                     [4 4 0 2 1 2 2 2 4 2 2 2 2 2 4 2 4 1 1 2 4 4 0 4 4 4 0 0 0 4 4 0 0 4 4]

                     [2 2 2 2 2 2 2 2 2 4 4 4 4 4 4 0 4 0 0 4 4 0 4 4 4 0 4 0 4 0 4 0 4 4 4]
                     [2 2 2 2 2 2 2 2 2 2 4 4 4 4 4 4 0 0 0 0 4 4 4 4 4 4 0 4 4 0 4 4 4 4 0]
                     [2 2 2 2 2 2 2 2 2 2 4 4 4 0 0 0 4 4 4 0 0 4 4 0 4 4 4 4 4 0 4 4 4 4 0]
                     [2 2 2 2 2 2 2 2 2 2 2 4 4 4 4 0 4 0 0 4 4 0 0 4 4 4 4 0 0 4 4 0 0 4 0]
                     [2 2 2 2 2 2 2 2 2 2 2 2 4 4 4 4 0 4 4 4 4 0 4 0 0 4 4 0 0 4 4 4 4 4 4]
                     [4 2 2 2 2 2 2 2 2 2 4 4 2 2 2 2 1 5 1 4 4 4 4 4 4 4 0 0 4 4 0 0 4 4 4]
                     [2 2 2 2 2 2 2 2 2 5 1 2 2 2 2 2 1 1 3 4 1 4 0 4 4 4 4 0 0 4 4 4 4 4 4]
                     [2 2 2 4 2 2 2 2 2 4 4 4 2 1 2 2 3 2 2 1 5 0 0 4 4 4 4 4 4 0 0 4 4 4 0]
                     [4 4 2 2 2 2 2 2 2 0 4 0 4 2 2 1 2 2 2 1 1 4 0 4 4 0 4 0 0 4 4 4 4 4 4]
                     [4 4 4 2 2 2 2 4 4 4 4 4 4 2 2 1 2 2 2 2 5 1 4 4 4 0 4 0 4 0 0 4 4 4 4]
                     [4 4 4 4 2 2 4 4 1 1 4 4 2 2 2 2 2 2 2 2 2 1 4 4 0 4 4 4 0 0 4 4 4 0 4]
                     [0 4 0 5 2 2 2 2 2 4 4 4 2 4 2 2 2 2 2 2 2 2 2 2 4 4 4 0 4 2 4 2 2 4 5]
                     [4 4 4 5 5 2 2 2 4 4 0 4 4 4 2 2 2 2 2 2 2 2 2 2 4 4 4 4 4 0 2 2 2 1 2]
                     [4 4 4 4 4 0 4 0 4 4 0 4 4 2 2 2 2 2 2 2 2 2 2 2 4 4 4 0 4 4 2 2 2 2 2]
                     [4 4 4 4 4 0 4 0 4 0 4 4 2 4 2 2 2 2 2 2 2 2 2 2 2 4 4 4 4 2 2 2 2 2 2]
                     [0 0 0 0 0 4 0 4 4 0 0 4 4 2 2 2 2 2 2 2 2 4 2 2 2 4 4 0 2 4 2 2 2 2 2]
                     [4 4 4 4 4 4 0 0 4 0 4 5 2 2 2 4 2 2 2 2 4 4 2 2 2 0 2 2 2 2 2 2 2 2 2]
                     [0 0 0 0 4 4 4 4 4 4 4 4 5 2 4 2 2 2 2 2 2 2 4 4 4 2 2 2 2 2 2 2 2 2 2]
                     [4 4 0 4 0 0 4 4 0 4 4 1 4 4 2 2 2 2 2 2 2 2 4 4 4 4 4 2 2 2 2 2 2 2 4]
                     [4 4 0 4 0 4 4 0 0 4 4 4 4 4 2 2 2 2 2 2 2 2 2 2 1 4 2 2 2 2 2 2 2 2 2]
                     [4 0 4 0 4 4 4 0 4 4 4 4 0 4 0 4 4 2 2 2 2 2 2 2 1 1 2 2 2 2 2 2 2 2 4]
                     [4 4 4 4 4 4 4 0 4 2 4 4 4 2 4 0 4 2 2 4 2 4 2 2 5 2 2 2 4 2 2 2 2 2 2]
                     [0 4 4 4 4 4 4 4 1 4 2 2 2 2 2 0 2 2 2 2 2 2 2 4 5 5 5 4 4 2 2 2 2 4 2]
                     [4 0 0 4 4 4 4 0 4 2 1 2 2 2 2 2 2 2 2 2 4 2 2 2 4 0 4 4 5 1 2 2 2 2 2]
                     [4 0 0 4 4 1 4 4 4 1 2 2 2 2 2 2 2 2 2 2 2 2 5 5 5 4 0 4 4 2 2 5 1 4 4]
                     [4 4 1 5 4 4 5 4 2 4 2 2 2 2 2 2 2 2 2 2 2 2 2 4 4 4 0 0 1 1 5 5 4 4 4]
                     [4 4 2 2 4 1 2 2 2 2 2 2 2 2 2 2 4 2 2 2 2 2 2 2 4 4 0 0 4 4 4 4 0 4 4]
                     [4 4 2 2 2 1 1 2 2 2 2 2 2 2 2 2 2 2 2 2 2 2 2 2 1 4 4 4 4 0 4 4 0 0 0]
                     [4 5 2 2 2 1 2 2 2 2 2 2 2 2 2 2 4 2 2 2 2 2 2 1 2 0 4 0 4 0 0 4 4 4 4]
                     [0 1 2 2 2 2 2 2 2 2 2 2 2 2 2 2 2 4 2 2 4 2 2 4 1 4 4 4 4 4 4 0 0 4 4]
                     [4 4 2 2 2 2 2 4 2 2 2 2 2 2 4 2 2 4 4 4 4 4 2 0 4 4 4 4 4 4 4 4 0 4 4]
                     [4 2 2 4 2 2 2 2 2 2 2 2 2 2 2 4 2 2 2 4 4 4 4 0 0 0 4 0 4 0 4 4 4 0 4]
                     [4 2 3 2 2 2 2 2 2 2 2 2 2 2 4 2 2 2 2 4 4 4 4 4 4 4 4 4 4 0 4 4 4 4 4]
                     [4 0 2 2 4 2 2 2 2 2 2 2 2 2 4 4 2 1 2 2 4 0 0 0 4 4 4 4 4 0 4 0 0 0 4]
                     [4 4 0 2 1 2 2 2 4 2 2 2 2 2 4 2 4 5 1 2 4 4 0 4 4 4 0 0 0 4 4 0 0 4 4]

                     [2 2 2 2 2 2 2 2 2 4 4 4 4 4 4 0 4 0 0 4 4 0 4 4 4 0 4 0 4 0 4 0 4 4 4]
                     [2 2 2 2 2 2 2 2 2 2 4 4 4 4 4 4 0 0 0 0 4 4 4 4 4 4 0 4 4 0 4 4 4 4 0]
                     [2 2 2 2 2 2 2 2 2 2 4 4 4 0 0 0 4 4 4 0 0 4 4 0 4 4 4 4 4 0 4 4 4 4 0]
                     [2 2 2 2 2 2 2 2 2 2 2 4 4 4 4 0 4 0 0 4 4 0 0 4 4 4 4 0 0 4 4 0 0 4 0]
                     [2 2 2 2 2 2 2 2 2 2 2 2 4 4 4 4 0 4 4 4 4 0 4 0 0 4 4 0 0 4 4 4 4 4 4]
                     [4 2 2 2 2 2 2 2 2 2 4 4 2 2 2 2 1 5 1 4 4 4 4 4 4 4 0 0 4 4 0 0 4 4 4]
                     [2 2 2 2 2 2 2 2 2 2 1 2 2 2 2 2 1 2 3 4 1 4 0 4 4 4 4 0 0 4 4 4 4 4 4]
                     [2 2 2 4 2 2 2 2 2 4 4 4 2 1 2 2 3 2 2 1 5 0 0 4 4 4 4 4 4 0 0 4 4 4 0]
                     [4 4 2 2 2 2 2 2 2 0 4 0 4 2 2 2 2 2 2 1 1 4 0 4 4 0 4 0 0 4 4 4 4 4 4]
                     [4 4 4 2 2 2 2 4 4 4 4 4 4 2 2 1 2 2 2 2 5 1 4 4 4 0 4 0 4 0 0 4 4 4 4]
                     [4 4 4 4 2 2 4 4 1 1 4 4 2 2 2 2 2 2 2 2 2 1 4 4 0 4 4 4 0 0 4 4 4 0 4]
                     [0 4 0 5 2 2 2 2 2 4 4 4 2 4 2 2 2 2 2 2 2 2 2 2 4 4 4 0 4 2 4 2 2 4 5]
                     [4 4 4 5 5 2 2 2 4 4 0 4 4 4 2 2 2 2 2 2 2 2 2 2 4 4 4 4 4 0 2 2 2 1 2]
                     [4 4 4 4 4 0 4 0 4 4 0 4 4 2 2 2 2 2 2 2 2 2 2 2 4 4 4 0 4 4 2 2 2 2 2]
                     [4 4 4 4 4 0 4 0 4 0 4 4 2 4 2 2 2 2 2 2 2 2 2 2 2 4 4 4 4 2 2 2 2 2 2]
                     [0 0 0 0 0 4 0 4 4 0 0 4 4 2 2 2 2 2 2 2 2 4 2 2 2 4 4 0 2 4 2 2 2 2 2]
                     [4 4 4 4 4 4 0 0 4 0 4 2 2 2 2 4 2 2 2 2 4 4 2 2 2 0 2 2 2 2 2 2 2 2 2]
                     [0 0 0 0 4 4 4 4 4 4 4 4 5 2 4 2 2 2 2 2 2 2 4 4 4 2 2 2 2 2 2 2 2 2 2]
                     [4 4 0 4 0 0 4 4 0 4 4 1 4 4 2 2 2 2 2 2 2 2 4 4 4 4 4 2 2 2 2 2 2 2 4]
                     [4 4 0 4 0 4 4 0 0 4 4 4 4 4 2 2 2 2 2 2 2 2 2 2 1 4 2 2 2 2 2 2 2 2 2]
                     [4 0 4 0 4 4 4 0 4 4 4 4 0 4 0 4 4 2 2 2 2 2 2 2 1 1 2 2 2 2 2 2 2 2 4]
                     [4 4 4 4 4 4 4 0 4 2 4 4 4 2 4 0 4 2 2 4 2 4 2 2 5 2 2 2 4 2 2 2 2 2 2]
                     [0 4 4 4 4 4 4 4 1 4 2 2 2 2 2 0 2 2 2 2 2 2 2 4 5 5 5 4 4 2 2 2 2 4 2]
                     [4 0 0 4 4 4 4 0 4 2 1 2 2 2 2 2 2 2 2 2 4 2 2 2 4 0 4 4 5 1 2 2 2 2 2]
                     [4 0 0 4 4 1 4 4 4 1 2 2 2 2 2 2 2 2 2 2 2 2 5 5 5 4 0 4 4 2 2 2 1 4 4]
                     [4 4 1 5 4 4 5 4 2 4 2 2 2 2 2 2 2 2 2 2 2 2 2 4 4 4 0 0 1 1 5 2 4 4 4]
                     [4 4 2 2 4 1 2 2 2 2 2 2 2 2 2 2 4 2 2 2 2 2 2 2 4 4 0 0 4 4 4 4 0 4 4]
                     [4 4 2 2 2 1 1 2 2 2 2 2 2 2 2 2 2 2 2 2 2 2 2 2 1 4 4 4 4 0 4 4 0 0 0]
                     [4 2 2 2 2 1 2 2 2 2 2 2 2 2 2 2 4 2 2 2 2 2 2 1 2 0 4 0 4 0 0 4 4 4 4]
                     [0 1 2 2 2 2 2 2 2 2 2 2 2 2 2 2 2 4 2 2 4 2 2 4 1 4 4 4 4 4 4 0 0 4 4]
                     [4 4 2 2 2 2 2 4 2 2 2 2 2 2 4 2 2 4 4 4 4 4 2 0 4 4 4 4 4 4 4 4 0 4 4]
                     [4 2 2 4 2 2 2 2 2 2 2 2 2 2 2 4 2 2 2 4 4 4 4 0 0 0 4 0 4 0 4 4 4 0 4]
                     [4 2 3 2 2 2 2 2 2 2 2 2 2 2 4 2 2 2 2 4 4 4 4 4 4 4 4 4 4 0 4 4 4 4 4]
                     [4 0 2 2 4 2 2 2 2 2 2 2 2 2 4 4 2 1 2 2 4 0 0 0 4 4 4 4 4 0 4 0 0 0 4]
                     [4 4 0 2 1 2 2 2 4 2 2 2 2 2 4 2 4 5 1 2 4 4 0 4 4 4 0 0 0 4 4 0 0 4 4]

                     [2 2 2 2 2 2 2 2 2 4 4 4 4 4 4 0 4 0 0 4 4 0 4 4 4 0 4 0 4 0 4 0 4 4 4]
                     [2 2 2 2 2 2 2 2 2 2 4 4 4 4 4 4 0 0 0 0 4 4 4 4 4 4 0 4 4 0 4 4 4 4 0]
                     [2 2 2 2 2 2 2 2 2 2 4 4 4 0 0 0 4 4 4 0 0 4 4 0 4 4 4 4 4 0 4 4 4 4 0]
                     [2 2 2 2 2 2 2 2 2 2 2 4 4 4 4 0 4 0 0 4 4 0 0 4 4 4 4 0 0 4 4 0 0 4 0]
                     [2 2 2 2 2 2 2 2 2 2 2 2 4 4 4 4 0 4 4 4 4 0 4 0 0 4 4 0 0 4 4 4 4 4 4]
                     [4 2 2 2 2 2 2 2 2 2 4 4 2 2 2 2 1 5 1 4 4 4 4 4 4 4 0 0 4 4 0 0 4 4 4]
                     [2 2 2 2 2 2 2 2 2 2 1 2 2 2 2 2 1 2 3 4 1 4 0 4 4 4 4 0 0 4 4 4 4 4 4]
                     [2 2 2 4 2 2 2 2 2 4 4 4 2 1 2 2 3 2 2 1 2 0 0 4 4 4 4 4 4 0 0 4 4 4 0]
                     [4 4 2 2 2 2 2 2 2 0 4 0 4 2 2 2 2 2 2 2 1 4 0 4 4 0 4 0 0 4 4 4 4 4 4]
                     [4 4 4 2 2 2 2 4 4 4 4 4 4 2 2 1 2 2 2 2 5 1 4 4 4 0 4 0 4 0 0 4 4 4 4]
                     [4 4 4 4 2 2 4 4 1 1 4 4 2 2 2 2 2 2 2 2 2 1 4 4 0 4 4 4 0 0 4 4 4 0 4]
                     [0 4 0 2 2 2 2 2 2 4 4 4 2 4 2 2 2 2 2 2 2 2 2 2 4 4 4 0 4 2 4 2 2 4 2]
                     [4 4 4 5 5 2 2 2 4 4 0 4 4 4 2 2 2 2 2 2 2 2 2 2 4 4 4 4 4 0 2 2 2 1 2]
                     [4 4 4 4 4 0 4 0 4 4 0 4 4 2 2 2 2 2 2 2 2 2 2 2 4 4 4 0 4 4 2 2 2 2 2]
                     [4 4 4 4 4 0 4 0 4 0 4 4 2 4 2 2 2 2 2 2 2 2 2 2 2 4 4 4 4 2 2 2 2 2 2]
                     [0 0 0 0 0 4 0 4 4 0 0 4 4 2 2 2 2 2 2 2 2 4 2 2 2 4 4 0 2 4 2 2 2 2 2]
                     [4 4 4 4 4 4 0 0 4 0 4 2 2 2 2 4 2 2 2 2 4 4 2 2 2 0 2 2 2 2 2 2 2 2 2]
                     [0 0 0 0 4 4 4 4 4 4 4 4 5 2 4 2 2 2 2 2 2 2 4 4 4 2 2 2 2 2 2 2 2 2 2]
                     [4 4 0 4 0 0 4 4 0 4 4 1 4 4 2 2 2 2 2 2 2 2 4 4 4 4 4 2 2 2 2 2 2 2 4]
                     [4 4 0 4 0 4 4 0 0 4 4 4 4 4 2 2 2 2 2 2 2 2 2 2 1 4 2 2 2 2 2 2 2 2 2]
                     [4 0 4 0 4 4 4 0 4 4 4 4 0 4 0 4 4 2 2 2 2 2 2 2 1 1 2 2 2 2 2 2 2 2 4]
                     [4 4 4 4 4 4 4 0 4 2 4 4 4 2 4 0 4 2 2 4 2 4 2 2 5 2 2 2 4 2 2 2 2 2 2]
                     [0 4 4 4 4 4 4 4 1 4 2 2 2 2 2 0 2 2 2 2 2 2 2 4 5 5 5 4 4 2 2 2 2 4 2]
                     [4 0 0 4 4 4 4 0 4 2 1 2 2 2 2 2 2 2 2 2 4 2 2 2 4 0 4 4 5 1 2 2 2 2 2]
                     [4 0 0 4 4 1 4 4 4 1 2 2 2 2 2 2 2 2 2 2 2 2 5 2 5 4 0 4 4 2 2 2 1 4 4]
                     [4 4 1 5 4 4 5 4 2 4 2 2 2 2 2 2 2 2 2 2 2 2 2 4 4 4 0 0 1 1 5 2 4 4 4]
                     [4 4 2 2 4 1 2 2 2 2 2 2 2 2 2 2 4 2 2 2 2 2 2 2 4 4 0 0 4 4 4 4 0 4 4]
                     [4 4 2 2 2 1 2 2 2 2 2 2 2 2 2 2 2 2 2 2 2 2 2 2 1 4 4 4 4 0 4 4 0 0 0]
                     [4 2 2 2 2 1 2 2 2 2 2 2 2 2 2 2 4 2 2 2 2 2 2 1 2 0 4 0 4 0 0 4 4 4 4]
                     [0 1 2 2 2 2 2 2 2 2 2 2 2 2 2 2 2 4 2 2 4 2 2 4 1 4 4 4 4 4 4 0 0 4 4]
                     [4 4 2 2 2 2 2 4 2 2 2 2 2 2 4 2 2 4 4 4 4 4 2 0 4 4 4 4 4 4 4 4 0 4 4]
                     [4 2 2 4 2 2 2 2 2 2 2 2 2 2 2 4 2 2 2 4 4 4 4 0 0 0 4 0 4 0 4 4 4 0 4]
                     [4 2 4 2 2 2 2 2 2 2 2 2 2 2 4 2 2 2 2 4 4 4 4 4 4 4 4 4 4 0 4 4 4 4 4]
                     [4 0 2 2 4 2 2 2 2 2 2 2 2 2 4 4 2 1 2 2 4 0 0 0 4 4 4 4 4 0 4 0 0 0 4]
                     [4 4 0 2 1 2 2 2 4 2 2 2 2 2 4 2 4 5 2 2 4 4 0 4 4 4 0 0 0 4 4 0 0 4 4]

                     [2 2 2 2 2 2 2 2 2 4 4 4 4 4 4 0 4 0 0 4 4 0 4 4 4 0 4 0 4 0 4 0 4 4 4]
                     [2 2 2 2 2 2 2 2 2 2 4 4 4 4 4 4 0 0 0 0 4 4 4 4 4 4 4 4 4 0 4 4 4 4 0]
                     [2 2 2 2 2 2 2 2 2 2 4 4 4 0 0 0 4 4 4 0 4 4 4 0 4 4 4 4 4 0 4 4 4 4 0]
                     [2 2 2 2 2 2 2 2 2 2 2 4 4 4 4 0 4 0 0 4 4 0 0 4 4 4 4 0 0 4 4 4 0 4 0]
                     [2 2 2 2 2 2 2 2 2 2 2 2 4 4 4 4 1 4 4 4 4 0 4 0 0 4 4 4 0 4 4 4 4 4 4]
                     [4 2 2 2 2 2 2 2 2 2 4 4 2 2 2 2 2 5 5 4 4 4 4 4 4 4 0 4 4 4 0 0 4 4 4]
                     [2 2 2 2 2 2 2 2 2 2 5 2 2 2 2 2 1 2 4 1 5 4 0 4 4 4 4 0 0 4 4 4 4 4 4]
                     [2 2 2 4 2 2 2 2 2 4 4 4 2 1 2 2 3 2 2 2 2 1 0 4 4 4 4 4 4 0 0 4 4 4 0]
                     [4 4 2 2 2 2 2 2 2 0 4 0 4 2 2 2 2 2 2 2 2 4 0 4 4 0 4 0 0 4 4 4 4 4 4]
                     [4 4 4 2 2 2 2 4 4 1 4 4 4 2 2 1 2 2 2 2 2 5 1 4 4 0 4 0 4 0 0 4 4 4 4]
                     [4 4 4 4 2 2 4 4 5 5 4 4 2 2 2 2 2 2 2 2 2 1 1 4 0 4 4 4 4 0 4 4 4 0 4]
                     [0 4 4 2 2 2 2 2 2 1 4 4 2 4 2 2 2 2 2 2 2 2 2 2 4 4 4 4 4 2 4 2 2 1 2]
                     [4 4 4 2 5 2 2 2 4 4 0 4 4 4 2 2 2 2 2 2 2 2 2 2 4 4 4 4 4 0 2 2 2 5 2]
                     [4 4 4 4 1 4 4 0 4 4 0 4 4 2 2 2 2 2 2 2 2 2 2 2 4 4 4 4 4 4 2 2 2 2 2]
                     [4 4 4 4 4 0 4 0 4 0 4 4 2 4 2 2 2 2 2 2 2 2 2 2 2 4 4 4 4 2 2 2 2 2 2]
                     [0 0 4 0 4 4 0 4 4 0 0 4 4 2 2 2 2 2 2 2 2 4 2 2 2 4 4 4 2 4 2 2 2 2 2]
                     [4 4 4 4 4 4 0 0 4 0 4 2 2 2 2 4 2 2 2 2 4 4 2 2 2 0 2 2 2 2 2 2 2 2 2]
                     [0 0 4 0 4 4 4 4 4 4 4 4 5 2 4 2 2 2 2 2 2 2 4 4 4 2 2 2 2 2 2 2 2 2 2]
                     [4 4 0 4 0 0 4 4 0 4 4 5 4 4 2 2 2 2 2 2 2 2 4 4 4 4 4 2 2 2 2 2 2 2 4]
                     [4 4 0 4 0 4 4 0 0 4 4 4 4 4 2 2 2 2 2 2 2 2 2 2 5 4 2 2 2 2 2 2 2 2 2]
                     [4 0 4 0 4 4 4 0 4 4 4 4 0 4 0 4 4 2 2 2 2 2 2 2 5 1 2 2 2 2 2 2 2 2 4]
                     [4 4 4 4 4 4 4 0 1 2 4 4 4 2 4 0 4 2 2 4 2 4 2 2 5 2 2 2 4 2 2 2 2 2 2]
                     [4 4 4 4 4 4 4 4 1 4 2 2 2 2 2 0 2 2 2 2 2 2 2 1 5 5 2 1 4 2 2 2 2 4 2]
                     [4 0 0 4 1 4 4 0 4 2 5 2 2 2 2 2 2 2 2 2 4 2 2 2 4 4 4 1 2 5 2 2 2 2 2]
                     [4 0 1 4 4 5 1 4 1 5 2 2 2 2 2 2 2 2 2 2 2 2 5 2 5 4 4 4 1 2 2 2 5 4 4]
                     [4 1 5 5 1 4 5 4 2 1 2 2 2 2 2 2 2 2 2 2 2 2 2 4 4 4 4 0 1 5 5 2 4 4 4]
                     [4 4 2 2 1 5 2 2 2 2 2 2 2 2 2 2 4 2 2 2 2 2 2 2 1 4 0 0 4 4 4 4 0 4 4]
                     [4 4 2 2 2 1 2 2 2 2 2 2 2 2 2 2 2 2 2 2 2 2 2 2 5 4 4 4 4 0 4 4 0 0 0]
                     [4 2 2 2 2 1 2 2 2 2 2 2 2 2 2 2 4 2 2 2 2 2 2 2 2 0 4 0 4 0 0 4 4 4 4]
                     [4 1 2 2 2 2 2 2 2 2 2 2 2 2 2 2 2 4 2 2 4 2 2 4 5 4 4 4 4 4 4 0 0 4 4]
                     [4 4 2 2 2 2 2 4 2 2 2 2 2 2 4 2 2 4 4 4 4 4 2 0 4 1 4 4 4 4 4 4 0 4 4]
                     [4 2 2 4 2 2 2 2 2 2 2 2 2 2 2 4 2 2 2 4 4 4 4 0 0 0 4 4 4 0 4 4 4 4 4]
                     [4 2 4 2 2 2 2 2 2 2 2 2 2 2 4 2 2 2 2 4 4 4 4 4 4 4 4 4 4 0 4 4 4 4 4]
                     [4 0 2 2 1 2 2 2 2 2 2 2 2 2 4 4 2 1 2 2 4 0 0 0 4 4 4 4 4 0 4 0 0 0 4]
                     [4 4 0 2 1 2 2 2 4 2 2 2 2 2 4 2 1 5 2 2 4 4 0 4 4 4 0 0 0 4 4 0 0 4 4]

                     [2 2 2 2 2 2 2 2 2 4 4 4 4 4 4 0 4 0 0 4 4 0 4 4 4 0 4 0 4 0 4 0 4 4 4]
                     [2 2 2 2 2 2 2 2 2 2 4 4 4 4 4 4 0 0 0 0 4 4 4 4 4 4 4 4 4 0 4 4 4 4 0]
                     [2 2 2 2 2 2 2 2 2 2 4 4 4 0 0 0 4 4 4 0 4 4 4 0 4 4 4 4 4 0 4 4 4 4 0]
                     [2 2 2 2 2 2 2 2 2 2 2 4 4 4 4 0 4 0 0 4 4 0 0 4 4 4 4 0 0 4 4 4 0 4 0]
                     [2 2 2 2 2 2 2 2 2 2 2 2 4 4 4 4 1 4 4 4 4 0 4 0 0 4 4 4 0 4 4 4 4 4 4]
                     [4 2 2 2 2 2 2 2 2 2 4 4 2 2 2 2 2 5 5 4 4 4 4 4 4 4 0 4 4 4 0 0 4 4 4]
                     [2 2 2 2 2 2 2 2 2 2 5 2 2 2 2 2 1 2 4 1 5 4 0 4 4 4 4 0 0 4 4 4 4 4 4]
                     [2 2 2 4 2 2 2 2 2 4 4 4 2 2 2 2 3 2 2 2 2 1 0 4 4 4 4 4 4 0 0 4 4 4 0]
                     [4 4 2 2 2 2 2 2 2 0 4 0 4 2 2 2 2 2 2 2 2 4 0 4 4 0 4 0 0 4 4 4 4 4 4]
                     [4 4 4 2 2 2 2 4 4 1 4 4 4 2 2 1 2 2 2 2 2 5 1 4 4 0 4 0 4 0 0 4 4 4 4]
                     [4 4 4 4 2 2 4 4 5 5 4 4 2 2 2 2 2 2 2 2 2 1 1 4 0 4 4 4 4 0 4 4 4 0 4]
                     [0 4 4 2 2 2 2 2 2 1 4 4 2 4 2 2 2 2 2 2 2 2 2 2 4 4 4 4 4 2 4 2 2 1 2]
                     [4 4 4 2 2 2 2 2 4 4 0 4 4 4 2 2 2 2 2 2 2 2 2 2 4 4 4 4 4 0 2 2 2 2 2]
                     [4 4 4 4 1 4 4 0 4 4 0 4 4 2 2 2 2 2 2 2 2 2 2 2 4 4 4 4 4 4 2 2 2 2 2]
                     [4 4 4 4 4 0 4 0 4 0 4 4 2 4 2 2 2 2 2 2 2 2 2 2 2 4 4 4 4 2 2 2 2 2 2]
                     [0 0 4 0 4 4 0 4 4 0 0 4 4 2 2 2 2 2 2 2 2 4 2 2 2 4 4 4 2 4 2 2 2 2 2]
                     [4 4 4 4 4 4 0 0 4 0 4 2 2 2 2 4 2 2 2 2 4 4 2 2 2 0 2 2 2 2 2 2 2 2 2]
                     [0 0 4 0 4 4 4 4 4 4 4 4 2 2 4 2 2 2 2 2 2 2 4 4 4 2 2 2 2 2 2 2 2 2 2]
                     [4 4 0 4 0 0 4 4 0 4 4 5 4 4 2 2 2 2 2 2 2 2 4 4 4 4 4 2 2 2 2 2 2 2 4]
                     [4 4 0 4 0 4 4 0 0 4 4 4 4 4 2 2 2 2 2 2 2 2 2 2 5 4 2 2 2 2 2 2 2 2 2]
                     [4 0 4 0 4 4 4 0 4 4 4 4 0 4 0 4 4 2 2 2 2 2 2 2 2 1 2 2 2 2 2 2 2 2 4]
                     [4 4 4 4 4 4 4 0 1 2 4 4 4 2 4 0 4 2 2 4 2 4 2 2 2 2 2 2 4 2 2 2 2 2 2]
                     [4 4 4 4 4 4 4 4 1 4 2 2 2 2 2 0 2 2 2 2 2 2 2 1 2 5 2 1 4 2 2 2 2 4 2]
                     [4 0 0 4 1 4 4 0 4 2 5 2 2 2 2 2 2 2 2 2 4 2 2 2 4 4 4 1 2 5 2 2 2 2 2]
                     [4 0 1 4 4 5 1 4 1 5 2 2 2 2 2 2 2 2 2 2 2 2 5 2 5 4 4 4 1 2 2 2 5 4 4]
                     [4 1 5 5 1 4 5 4 2 1 2 2 2 2 2 2 2 2 2 2 2 2 2 4 4 4 4 0 1 5 5 2 4 4 4]
                     [4 4 2 2 1 5 2 2 2 2 2 2 2 2 2 2 4 2 2 2 2 2 2 2 1 4 0 0 4 4 4 4 0 4 4]
                     [4 4 2 2 2 1 2 2 2 2 2 2 2 2 2 2 2 2 2 2 2 2 2 2 5 4 4 4 4 0 4 4 0 0 0]
                     [4 2 2 2 2 1 2 2 2 2 2 2 2 2 2 2 4 2 2 2 2 2 2 2 2 0 4 0 4 0 0 4 4 4 4]
                     [4 1 2 2 2 2 2 2 2 2 2 2 2 2 2 2 2 4 2 2 4 2 2 4 5 4 4 4 4 4 4 0 0 4 4]
                     [4 4 2 2 2 2 2 4 2 2 2 2 2 2 4 2 2 4 4 4 4 4 2 0 4 1 4 4 4 4 4 4 0 4 4]
                     [4 2 2 4 2 2 2 2 2 2 2 2 2 2 2 4 2 2 2 4 4 4 4 0 0 0 4 4 4 0 4 4 4 4 4]
                     [4 2 4 2 2 2 2 2 2 2 2 2 2 2 4 2 2 2 2 4 4 4 4 4 4 4 4 4 4 0 4 4 4 4 4]
                     [4 0 2 2 1 2 2 2 2 2 2 2 2 2 4 4 2 1 2 2 4 0 0 0 4 4 4 4 4 0 4 0 0 0 4]
                     [4 4 0 2 1 2 2 2 4 2 2 2 2 2 4 2 1 6 2 2 4 4 0 4 4 4 0 0 0 4 4 0 0 4 4]

                     [2 2 2 2 2 2 2 2 2 4 4 4 4 4 4 0 4 0 0 4 4 0 4 4 4 0 4 0 4 0 4 0 4 4 4]
                     [2 2 2 2 2 2 2 2 2 2 4 4 4 4 4 4 0 0 0 0 4 4 4 4 4 4 4 4 4 0 4 4 4 4 0]
                     [2 2 2 2 2 2 2 2 2 2 4 4 4 0 0 0 4 4 4 0 4 4 4 0 4 4 4 4 4 0 4 4 4 4 0]
                     [2 2 2 2 2 2 2 2 2 2 2 4 4 4 4 0 4 0 0 4 4 0 0 4 4 4 4 0 0 4 4 4 0 4 0]
                     [2 2 2 2 2 2 2 2 2 2 2 2 4 4 4 4 1 4 4 4 4 0 4 0 0 4 4 4 0 4 4 4 4 4 4]
                     [4 2 2 2 2 2 2 2 2 2 4 4 2 2 2 2 2 5 5 4 4 4 4 4 4 4 0 4 4 4 0 0 4 4 4]
                     [2 2 2 2 2 2 2 2 2 2 5 2 2 2 2 2 1 2 4 1 2 4 0 4 4 4 4 0 0 4 4 4 4 4 4]
                     [2 2 2 4 2 2 2 2 2 4 4 4 2 2 2 2 3 2 2 2 2 1 0 4 4 4 4 4 4 0 0 4 4 4 0]
                     [4 4 2 2 2 2 2 2 2 0 4 0 4 2 2 2 2 2 2 2 2 4 0 4 4 0 4 0 0 4 4 4 4 4 4]
                     [4 4 4 2 2 2 2 4 4 1 4 4 4 2 2 2 2 2 2 2 2 5 1 4 4 0 4 0 4 0 0 4 4 4 4]
                     [4 4 4 4 2 2 4 4 5 5 4 4 2 2 2 2 2 2 2 2 2 1 1 4 0 4 4 4 4 0 4 4 4 0 4]
                     [0 4 4 2 2 2 2 2 2 1 4 4 2 4 2 2 2 2 2 2 2 2 2 2 4 4 4 4 4 2 4 2 2 1 2]
                     [4 4 4 2 2 2 2 2 4 4 0 4 4 4 2 2 2 2 2 2 2 2 2 2 4 4 4 4 4 0 2 2 2 2 2]
                     [4 4 4 4 1 4 4 0 4 4 0 4 4 2 2 2 2 2 2 2 2 2 2 2 4 4 4 4 4 4 2 2 2 2 2]
                     [4 4 4 4 4 0 4 0 4 0 4 4 2 4 2 2 2 2 2 2 2 2 2 2 2 4 4 4 4 2 2 2 2 2 2]
                     [0 0 4 0 4 4 0 4 4 0 0 4 4 2 2 2 2 2 2 2 2 4 2 2 2 4 4 4 2 4 2 2 2 2 2]
                     [4 4 4 4 4 4 0 0 4 0 4 2 2 2 2 4 2 2 2 2 4 4 2 2 2 0 2 2 2 2 2 2 2 2 2]
                     [0 0 4 0 4 4 4 4 4 4 4 4 2 2 4 2 2 2 2 2 2 2 4 4 4 2 2 2 2 2 2 2 2 2 2]
                     [4 4 0 4 0 0 4 4 0 4 4 5 4 4 2 2 2 2 2 2 2 2 4 4 4 4 4 2 2 2 2 2 2 2 4]
                     [4 4 0 4 0 4 4 0 0 4 4 4 4 4 2 2 2 2 2 2 2 2 2 2 5 4 2 2 2 2 2 2 2 2 2]
                     [4 0 4 0 4 4 4 0 4 4 4 4 0 4 0 4 4 2 2 2 2 2 2 2 2 2 2 2 2 2 2 2 2 2 4]
                     [4 4 4 4 4 4 4 0 1 2 4 4 4 2 4 0 4 2 2 4 2 4 2 2 2 2 2 2 4 2 2 2 2 2 2]
                     [4 4 4 4 4 4 4 4 1 4 2 2 2 2 2 0 2 2 2 2 2 2 2 1 2 5 2 1 4 2 2 2 2 4 2]
                     [4 0 0 4 1 4 4 0 4 2 5 2 2 2 2 2 2 2 2 2 4 2 2 2 4 4 4 1 2 2 2 2 2 2 2]
                     [4 0 1 4 4 2 1 4 1 5 2 2 2 2 2 2 2 2 2 2 2 2 2 2 2 4 4 4 1 2 2 2 5 4 4]
                     [4 1 5 2 1 4 5 4 2 1 2 2 2 2 2 2 2 2 2 2 2 2 2 4 4 4 4 0 1 2 2 2 4 4 4]
                     [4 4 2 2 1 5 2 2 2 2 2 2 2 2 2 2 4 2 2 2 2 2 2 2 1 4 0 0 4 4 4 4 0 4 4]
                     [4 4 2 2 2 1 2 2 2 2 2 2 2 2 2 2 2 2 2 2 2 2 2 2 5 4 4 4 4 0 4 4 0 0 0]
                     [4 2 2 2 2 1 2 2 2 2 2 2 2 2 2 2 4 2 2 2 2 2 2 2 2 0 4 0 4 0 0 4 4 4 4]
                     [4 2 2 2 2 2 2 2 2 2 2 2 2 2 2 2 2 4 2 2 4 2 2 4 5 4 4 4 4 4 4 0 0 4 4]
                     [4 4 2 2 2 2 2 4 2 2 2 2 2 2 4 2 2 4 4 4 4 4 2 0 4 1 4 4 4 4 4 4 0 4 4]
                     [4 2 2 4 2 2 2 2 2 2 2 2 2 2 2 4 2 2 2 4 4 4 4 0 0 0 4 4 4 0 4 4 4 4 4]
                     [4 2 4 2 2 2 2 2 2 2 2 2 2 2 4 2 2 2 2 4 4 4 4 4 4 4 4 4 4 0 4 4 4 4 4]
                     [4 0 2 2 1 2 2 2 2 2 2 2 2 2 4 4 2 1 2 2 4 0 0 0 4 4 4 4 4 0 4 0 0 0 4]
                     [4 4 0 2 1 2 2 2 4 2 2 2 2 2 4 2 1 5 2 2 4 4 0 4 4 4 0 0 0 4 4 0 0 4 4]

                     [2 2 2 2 2 2 2 2 2 4 4 4 4 4 4 0 4 0 0 4 4 0 4 4 4 0 4 0 4 0 4 0 4 4 4]
                     [2 2 2 2 2 2 2 2 2 2 4 4 4 4 4 4 0 0 0 0 4 4 4 4 4 4 4 4 4 0 4 4 4 4 0]
                     [2 2 2 2 2 2 2 2 2 2 4 4 4 0 0 0 4 4 4 0 4 4 4 0 4 4 4 4 4 0 4 4 4 4 0]
                     [2 2 2 2 2 2 2 2 2 2 2 4 4 4 4 0 4 0 0 4 4 0 0 4 4 4 4 0 0 4 4 4 0 4 0]
                     [2 2 2 2 2 2 2 2 2 2 2 2 4 4 4 4 1 4 4 4 4 0 4 0 0 4 4 4 0 4 4 4 4 4 4]
                     [4 2 2 2 2 2 2 2 2 2 4 4 2 2 2 2 2 5 5 4 4 4 4 4 4 4 0 4 4 4 0 0 4 4 4]
                     [2 2 2 2 2 2 2 2 2 2 5 2 2 2 2 2 2 2 4 1 2 4 0 4 4 4 4 0 0 4 4 4 4 4 4]
                     [2 2 2 4 2 2 2 2 2 4 4 4 2 2 2 2 3 2 2 2 2 1 0 4 4 4 4 4 4 0 0 4 4 4 0]
                     [4 4 2 2 2 2 2 2 2 0 4 0 4 2 2 2 2 2 2 2 2 4 0 4 4 0 4 0 0 4 4 4 4 4 4]
                     [4 4 4 2 2 2 2 4 4 1 4 4 4 2 2 2 2 2 2 2 2 2 1 4 4 0 4 0 4 0 0 4 4 4 4]
                     [4 4 4 4 2 2 4 4 5 5 4 4 2 2 2 2 2 2 2 2 2 2 1 4 0 4 4 4 4 0 4 4 4 0 4]
                     [0 4 4 2 2 2 2 2 2 1 4 4 2 4 2 2 2 2 2 2 2 2 2 2 4 4 4 4 4 2 4 2 2 1 2]
                     [4 4 4 2 2 2 2 2 4 4 0 4 4 4 2 2 2 2 2 2 2 2 2 2 4 4 4 4 4 0 2 2 2 2 2]
                     [4 4 4 4 1 4 4 0 4 4 0 4 4 2 2 2 2 2 2 2 2 2 2 2 4 4 4 4 4 4 2 2 2 2 2]
                     [4 4 4 4 4 0 4 0 4 0 4 4 2 4 2 2 2 2 2 2 2 2 2 2 2 4 4 4 4 2 2 2 2 2 2]
                     [0 0 4 0 4 4 0 4 4 0 0 4 4 2 2 2 2 2 2 2 2 4 2 2 2 4 4 4 2 4 2 2 2 2 2]
                     [4 4 4 4 4 4 0 0 4 0 4 2 2 2 2 4 2 2 2 2 4 4 2 2 2 0 2 2 2 2 2 2 2 2 2]
                     [0 0 4 0 4 4 4 4 4 4 4 4 2 2 4 2 2 2 2 2 2 2 4 4 4 2 2 2 2 2 2 2 2 2 2]
                     [4 4 0 4 0 0 4 4 0 4 4 2 4 4 2 2 2 2 2 2 2 2 4 4 4 4 4 2 2 2 2 2 2 2 4]
                     [4 4 0 4 0 4 4 0 0 4 4 4 4 4 2 2 2 2 2 2 2 2 2 2 2 4 2 2 2 2 2 2 2 2 2]
                     [4 0 4 0 4 4 4 0 4 4 4 4 0 4 0 4 4 2 2 2 2 2 2 2 2 2 2 2 2 2 2 2 2 2 4]
                     [4 4 4 4 4 4 4 0 1 2 4 4 4 2 4 0 4 2 2 4 2 4 2 2 2 2 2 2 4 2 2 2 2 2 2]
                     [4 4 4 4 4 4 4 4 1 4 2 2 2 2 2 0 2 2 2 2 2 2 2 1 2 2 2 1 4 2 2 2 2 4 2]
                     [4 0 0 4 1 4 4 0 4 2 5 2 2 2 2 2 2 2 2 2 4 2 2 2 4 4 4 1 2 2 2 2 2 2 2]
                     [4 0 2 4 4 2 1 4 1 5 2 2 2 2 2 2 2 2 2 2 2 2 2 2 2 4 4 4 1 2 2 2 2 4 4]
                     [4 1 2 2 1 4 2 4 2 1 2 2 2 2 2 2 2 2 2 2 2 2 2 4 4 4 4 0 1 2 2 2 4 4 4]
                     [4 4 2 2 1 2 2 2 2 2 2 2 2 2 2 2 4 2 2 2 2 2 2 2 1 4 0 0 4 4 4 4 0 4 4]
                     [4 4 2 2 2 2 2 2 2 2 2 2 2 2 2 2 2 2 2 2 2 2 2 2 5 4 4 4 4 0 4 4 0 0 0]
                     [4 2 2 2 2 2 2 2 2 2 2 2 2 2 2 2 4 2 2 2 2 2 2 2 2 0 4 0 4 0 0 4 4 4 4]
                     [4 2 2 2 2 2 2 2 2 2 2 2 2 2 2 2 2 4 2 2 4 2 2 4 2 4 4 4 4 4 4 0 0 4 4]
                     [4 4 2 2 2 2 2 4 2 2 2 2 2 2 4 2 2 4 4 4 4 4 2 0 4 1 4 4 4 4 4 4 0 4 4]
                     [4 2 2 4 2 2 2 2 2 2 2 2 2 2 2 4 2 2 2 4 4 4 4 0 0 0 4 4 4 0 4 4 4 4 4]
                     [4 2 4 2 2 2 2 2 2 2 2 2 2 2 4 2 2 2 2 4 4 4 4 4 4 4 4 4 4 0 4 4 4 4 4]
                     [4 0 2 2 1 2 2 2 2 2 2 2 2 2 4 4 2 1 2 2 4 0 0 0 4 4 4 4 4 0 4 0 0 0 4]
                     [4 4 0 2 1 2 2 2 4 2 2 2 2 2 4 2 1 2 2 2 4 4 0 4 4 4 0 0 0 4 4 0 0 4 4]

                     [2 2 2 2 2 2 2 2 2 4 4 4 4 4 4 0 4 0 0 4 4 0 4 4 4 0 4 0 4 4 4 0 4 4 4]
                     [2 2 2 2 2 2 2 2 2 2 4 4 4 4 4 4 0 0 0 0 4 4 4 4 4 4 4 4 4 0 4 4 4 4 0]
                     [2 2 2 2 2 2 2 2 2 2 4 4 4 0 0 4 4 4 4 0 4 4 4 4 4 4 4 4 4 0 4 4 4 4 4]
                     [2 2 2 2 2 2 2 2 2 2 2 4 4 4 4 1 4 0 0 4 4 4 4 4 4 4 4 4 0 4 4 4 4 4 0]
                     [2 2 2 2 2 2 2 2 2 2 2 2 4 4 4 4 5 4 4 4 4 0 4 0 0 4 4 4 0 4 4 4 4 4 4]
                     [4 2 2 2 2 2 2 2 2 2 1 4 2 2 2 2 2 2 2 4 4 4 4 4 4 4 4 4 4 4 0 0 4 4 4]
                     [2 2 2 2 2 2 2 2 2 2 5 2 2 2 2 2 2 2 4 5 2 4 0 4 4 4 4 4 0 4 4 4 4 4 4]
                     [2 2 2 4 2 2 2 2 2 1 4 4 2 2 2 2 4 2 2 2 2 5 1 4 4 4 4 4 4 0 0 4 4 4 0]
                     [4 4 2 2 2 2 2 2 2 0 4 0 4 2 2 2 2 2 2 2 2 4 0 4 4 0 4 0 0 4 4 4 4 4 4]
                     [4 4 4 2 2 2 2 4 4 5 4 4 4 2 2 2 2 2 2 2 2 2 5 4 4 0 4 0 4 0 0 4 4 4 4]
                     [4 4 4 4 2 2 4 1 2 5 4 4 2 2 2 2 2 2 2 2 2 2 1 4 0 4 4 4 4 0 4 4 4 4 1]
                     [0 4 4 2 2 2 2 2 2 5 4 4 2 4 2 2 2 2 2 2 2 2 2 2 4 4 4 4 4 2 4 2 2 1 2]
                     [4 4 4 2 2 2 2 2 4 4 0 4 4 4 2 2 2 2 2 2 2 2 2 2 4 4 4 4 4 0 2 2 2 2 2]
                     [4 4 4 4 1 4 4 0 4 4 0 4 4 2 2 2 2 2 2 2 2 2 2 2 4 4 4 4 4 4 2 2 2 2 2]
                     [4 4 4 4 4 1 4 0 4 0 4 4 2 4 2 2 2 2 2 2 2 2 2 2 2 4 4 4 4 2 2 2 2 2 2]
                     [0 0 4 0 4 4 0 4 4 0 0 4 4 2 2 2 2 2 2 2 2 4 2 2 2 4 4 4 2 4 2 2 2 2 2]
                     [4 4 4 4 4 4 0 0 4 0 4 2 2 2 2 4 2 2 2 2 4 4 2 2 2 0 2 2 2 2 2 2 2 2 2]
                     [4 0 4 0 4 4 4 4 4 4 4 4 2 2 4 2 2 2 2 2 2 2 4 4 4 2 2 2 2 2 2 2 2 2 2]
                     [4 4 4 4 0 0 4 4 0 4 4 2 4 4 2 2 2 2 2 2 2 2 4 4 4 4 4 2 2 2 2 2 2 2 4]
                     [4 4 0 4 4 4 4 0 0 4 4 4 4 4 2 2 2 2 2 2 2 2 2 2 2 4 2 2 2 2 2 2 2 2 2]
                     [4 0 4 4 4 4 4 1 1 4 4 4 0 4 0 4 4 2 2 2 2 2 2 2 2 2 2 2 2 2 2 2 2 2 4]
                     [4 4 4 4 4 4 4 5 1 2 4 4 4 2 4 0 4 2 2 4 2 4 2 2 2 2 2 2 4 2 2 2 2 2 2]
                     [4 4 4 4 4 4 4 1 2 1 2 2 2 2 2 0 2 2 2 2 2 2 2 5 2 2 2 5 1 2 2 2 2 4 2]
                     [4 0 4 4 5 4 4 0 1 2 2 2 2 2 2 2 2 2 2 2 4 2 2 2 4 4 1 1 2 2 2 2 2 2 2]
                     [4 4 2 1 4 2 5 4 5 5 2 2 2 2 2 2 2 2 2 2 2 2 2 2 2 4 1 3 1 2 2 2 2 4 4]
                     [4 2 2 2 5 1 2 4 2 1 2 2 2 2 2 2 2 2 2 2 2 2 2 1 4 1 4 3 1 2 2 2 4 4 4]
                     [4 4 2 2 1 2 2 2 2 2 2 2 2 2 2 2 4 2 2 2 2 2 2 2 1 1 0 1 4 1 4 4 0 4 4]
                     [4 4 2 2 2 2 2 2 2 2 2 2 2 2 2 2 2 2 2 2 2 2 2 2 2 1 4 4 4 0 4 4 0 0 0]
                     [4 2 2 2 2 2 2 2 2 2 2 2 2 2 2 2 4 2 2 2 2 2 2 2 2 1 4 0 4 4 0 4 4 4 4]
                     [4 2 2 2 2 2 2 2 2 2 2 2 2 2 2 2 2 4 2 2 4 2 2 4 2 4 4 4 4 4 4 0 4 4 4]
                     [4 4 2 2 2 2 2 4 2 2 2 2 2 2 4 2 2 4 4 4 4 4 2 0 4 5 4 4 4 4 4 4 0 4 4]
                     [4 2 2 4 2 2 2 2 2 2 2 2 2 2 2 4 2 2 2 4 4 4 4 0 0 0 4 4 4 0 4 4 4 4 4]
                     [4 2 4 2 2 2 2 2 2 2 2 2 2 2 4 2 2 2 2 4 4 4 4 4 4 4 4 4 4 0 4 4 4 4 4]
                     [4 0 2 2 1 2 2 2 2 2 2 2 2 2 4 1 2 1 2 2 4 4 0 0 4 4 4 4 4 4 4 4 4 0 4]
                     [4 4 4 2 2 2 2 2 4 2 2 2 2 2 4 2 2 2 2 2 4 4 0 4 4 4 0 0 0 4 4 0 0 4 4]

                     [2 2 2 2 2 2 2 2 2 4 4 4 4 4 4 0 4 0 0 4 4 0 4 4 4 0 4 0 4 4 4 0 4 4 4]
                     [2 2 2 2 2 2 2 2 2 2 4 4 4 4 4 4 0 0 0 0 4 4 4 4 4 4 4 4 4 0 4 4 4 4 0]
                     [2 2 2 2 2 2 2 2 2 2 4 4 4 0 0 4 4 4 4 0 4 4 4 4 4 4 4 4 4 0 4 4 4 4 4]
                     [2 2 2 2 2 2 2 2 2 2 2 4 4 4 4 1 4 0 0 4 4 4 4 4 4 4 4 4 0 4 4 4 4 4 0]
                     [2 2 2 2 2 2 2 2 2 2 2 2 4 4 4 4 5 4 4 4 4 0 4 0 0 4 4 4 0 4 4 4 4 4 4]
                     [4 2 2 2 2 2 2 2 2 2 1 4 2 2 2 2 2 2 2 4 4 4 4 4 4 4 4 4 4 4 0 0 4 4 4]
                     [2 2 2 2 2 2 2 2 2 2 2 2 2 2 2 2 2 2 4 5 2 4 0 4 4 4 4 4 0 4 4 4 4 4 4]
                     [2 2 2 4 2 2 2 2 2 1 4 4 2 2 2 2 4 2 2 2 2 5 1 4 4 4 4 4 4 0 0 4 4 4 0]
                     [4 4 2 2 2 2 2 2 2 0 4 0 4 2 2 2 2 2 2 2 2 4 0 4 4 0 4 0 0 4 4 4 4 4 4]
                     [4 4 4 2 2 2 2 4 4 5 4 4 4 2 2 2 2 2 2 2 2 2 5 4 4 0 4 0 4 0 0 4 4 4 4]
                     [4 4 4 4 2 2 4 1 2 5 4 4 2 2 2 2 2 2 2 2 2 2 1 4 0 4 4 4 4 0 4 4 4 4 1]
                     [0 4 4 2 2 2 2 2 2 5 4 4 2 4 2 2 2 2 2 2 2 2 2 2 4 4 4 4 4 2 4 2 2 1 2]
                     [4 4 4 2 2 2 2 2 4 4 0 4 4 4 2 2 2 2 2 2 2 2 2 2 4 4 4 4 4 0 2 2 2 2 2]
                     [4 4 4 4 1 4 4 0 4 4 0 4 4 2 2 2 2 2 2 2 2 2 2 2 4 4 4 4 4 4 2 2 2 2 2]
                     [4 4 4 4 4 1 4 0 4 0 4 4 2 4 2 2 2 2 2 2 2 2 2 2 2 4 4 4 4 2 2 2 2 2 2]
                     [0 0 4 0 4 4 0 4 4 0 0 4 4 2 2 2 2 2 2 2 2 4 2 2 2 4 4 4 2 4 2 2 2 2 2]
                     [4 4 4 4 4 4 0 0 4 0 4 2 2 2 2 4 2 2 2 2 4 4 2 2 2 0 2 2 2 2 2 2 2 2 2]
                     [4 0 4 0 4 4 4 4 4 4 4 4 2 2 4 2 2 2 2 2 2 2 4 4 4 2 2 2 2 2 2 2 2 2 2]
                     [4 4 4 4 0 0 4 4 0 4 4 2 4 4 2 2 2 2 2 2 2 2 4 4 4 4 4 2 2 2 2 2 2 2 4]
                     [4 4 0 4 4 4 4 0 0 4 4 4 4 4 2 2 2 2 2 2 2 2 2 2 2 4 2 2 2 2 2 2 2 2 2]
                     [4 0 4 4 4 4 4 1 1 4 4 4 0 4 0 4 4 2 2 2 2 2 2 2 2 2 2 2 2 2 2 2 2 2 4]
                     [4 4 4 4 4 4 4 6 1 2 4 4 4 2 4 0 4 2 2 4 2 4 2 2 2 2 2 2 4 2 2 2 2 2 2]
                     [4 4 4 4 4 4 4 1 2 1 2 2 2 2 2 0 2 2 2 2 2 2 2 5 2 2 2 5 1 2 2 2 2 4 2]
                     [4 0 4 4 5 4 4 0 1 2 2 2 2 2 2 2 2 2 2 2 4 2 2 2 4 4 1 5 2 2 2 2 2 2 2]
                     [4 4 2 1 4 2 5 4 5 2 2 2 2 2 2 2 2 2 2 2 2 2 2 2 2 4 1 3 1 2 2 2 2 4 4]
                     [4 2 2 2 5 1 2 4 2 1 2 2 2 2 2 2 2 2 2 2 2 2 2 1 4 1 4 3 2 2 2 2 4 4 4]
                     [4 4 2 2 2 2 2 2 2 2 2 2 2 2 2 2 4 2 2 2 2 2 2 2 5 1 0 1 4 1 4 4 0 4 4]
                     [4 4 2 2 2 2 2 2 2 2 2 2 2 2 2 2 2 2 2 2 2 2 2 2 2 1 4 4 4 0 4 4 0 0 0]
                     [4 2 2 2 2 2 2 2 2 2 2 2 2 2 2 2 4 2 2 2 2 2 2 2 2 1 4 0 4 4 0 4 4 4 4]
                     [4 2 2 2 2 2 2 2 2 2 2 2 2 2 2 2 2 4 2 2 4 2 2 4 2 4 4 4 4 4 4 0 4 4 4]
                     [4 4 2 2 2 2 2 4 2 2 2 2 2 2 4 2 2 4 4 4 4 4 2 0 4 5 4 4 4 4 4 4 0 4 4]
                     [4 2 2 4 2 2 2 2 2 2 2 2 2 2 2 4 2 2 2 4 4 4 4 0 0 0 4 4 4 0 4 4 4 4 4]
                     [4 2 4 2 2 2 2 2 2 2 2 2 2 2 4 2 2 2 2 4 4 4 4 4 4 4 4 4 4 0 4 4 4 4 4]
                     [4 0 2 2 1 2 2 2 2 2 2 2 2 2 4 1 2 1 2 2 4 4 0 0 4 4 4 4 4 4 4 4 4 0 4]
                     [4 4 4 2 2 2 2 2 4 2 2 2 2 2 4 2 2 2 2 2 4 4 0 4 4 4 0 0 0 4 4 0 0 4 4]

                     [2 2 2 2 2 2 2 2 2 4 4 4 4 4 4 0 4 0 0 4 4 0 4 4 4 0 4 0 4 4 4 0 4 4 4]
                     [2 2 2 2 2 2 2 2 2 2 4 4 4 4 4 4 0 0 0 0 4 4 4 4 4 4 4 4 4 0 4 4 4 4 0]
                     [2 2 2 2 2 2 2 2 2 2 4 4 4 0 0 4 4 4 4 0 4 4 4 4 4 4 4 4 4 0 4 4 4 4 4]
                     [2 2 2 2 2 2 2 2 2 2 2 4 4 4 4 1 4 0 0 4 4 4 4 4 4 4 4 4 0 4 4 4 4 4 0]
                     [2 2 2 2 2 2 2 2 2 2 2 2 4 4 4 4 5 4 4 4 4 0 4 0 0 4 4 4 0 4 4 4 4 4 4]
                     [4 2 2 2 2 2 2 2 2 2 1 4 2 2 2 2 2 2 2 4 4 4 4 4 4 4 4 4 4 4 0 0 4 4 4]
                     [2 2 2 2 2 2 2 2 2 2 2 2 2 2 2 2 2 2 4 5 2 4 0 4 4 4 4 4 0 4 4 4 4 4 4]
                     [2 2 2 4 2 2 2 2 2 1 4 4 2 2 2 2 4 2 2 2 2 5 1 4 4 4 4 4 4 0 0 4 4 4 0]
                     [4 4 2 2 2 2 2 2 2 0 4 0 4 2 2 2 2 2 2 2 2 4 0 4 4 0 4 0 0 4 4 4 4 4 4]
                     [4 4 4 2 2 2 2 4 4 5 4 4 4 2 2 2 2 2 2 2 2 2 5 4 4 0 4 0 4 0 0 4 4 4 4]
                     [4 4 4 4 2 2 4 1 2 2 4 4 2 2 2 2 2 2 2 2 2 2 1 4 0 4 4 4 4 0 4 4 4 4 1]
                     [0 4 4 2 2 2 2 2 2 2 4 4 2 4 2 2 2 2 2 2 2 2 2 2 4 4 4 4 4 2 4 2 2 2 2]
                     [4 4 4 2 2 2 2 2 4 4 0 4 4 4 2 2 2 2 2 2 2 2 2 2 4 4 4 4 4 0 2 2 2 2 2]
                     [4 4 4 4 2 4 4 0 4 4 0 4 4 2 2 2 2 2 2 2 2 2 2 2 4 4 4 4 4 4 2 2 2 2 2]
                     [4 4 4 4 4 1 4 0 4 0 4 4 2 4 2 2 2 2 2 2 2 2 2 2 2 4 4 4 4 2 2 2 2 2 2]
                     [0 0 4 0 4 4 0 4 4 0 0 4 4 2 2 2 2 2 2 2 2 4 2 2 2 4 4 4 2 4 2 2 2 2 2]
                     [4 4 4 4 4 4 0 0 4 0 4 2 2 2 2 4 2 2 2 2 4 4 2 2 2 0 2 2 2 2 2 2 2 2 2]
                     [4 0 4 0 4 4 4 4 4 4 4 4 2 2 4 2 2 2 2 2 2 2 4 4 4 2 2 2 2 2 2 2 2 2 2]
                     [4 4 4 4 0 0 4 4 0 4 4 2 4 4 2 2 2 2 2 2 2 2 4 4 4 4 4 2 2 2 2 2 2 2 4]
                     [4 4 0 4 4 4 4 0 0 4 4 4 4 4 2 2 2 2 2 2 2 2 2 2 2 4 2 2 2 2 2 2 2 2 2]
                     [4 0 4 4 4 4 4 1 1 4 4 4 0 4 0 4 4 2 2 2 2 2 2 2 2 2 2 2 2 2 2 2 2 2 4]
                     [4 4 4 4 4 4 4 5 2 2 4 4 4 2 4 0 4 2 2 4 2 4 2 2 2 2 2 2 4 2 2 2 2 2 2]
                     [4 4 4 4 4 4 4 1 2 1 2 2 2 2 2 0 2 2 2 2 2 2 2 5 2 2 2 2 1 2 2 2 2 4 2]
                     [4 0 4 4 5 4 4 0 1 2 2 2 2 2 2 2 2 2 2 2 4 2 2 2 4 4 1 2 2 2 2 2 2 2 2]
                     [4 4 2 1 4 2 5 4 5 2 2 2 2 2 2 2 2 2 2 2 2 2 2 2 2 4 1 3 1 2 2 2 2 4 4]
                     [4 2 2 2 5 1 2 4 2 1 2 2 2 2 2 2 2 2 2 2 2 2 2 1 4 1 4 3 2 2 2 2 4 4 4]
                     [4 4 2 2 2 2 2 2 2 2 2 2 2 2 2 2 4 2 2 2 2 2 2 2 6 1 0 1 4 1 4 4 0 4 4]
                     [4 4 2 2 2 2 2 2 2 2 2 2 2 2 2 2 2 2 2 2 2 2 2 2 2 1 4 4 4 0 4 4 0 0 0]
                     [4 2 2 2 2 2 2 2 2 2 2 2 2 2 2 2 4 2 2 2 2 2 2 2 2 1 4 0 4 4 0 4 4 4 4]
                     [4 2 2 2 2 2 2 2 2 2 2 2 2 2 2 2 2 4 2 2 4 2 2 4 2 4 4 4 4 4 4 0 4 4 4]
                     [4 4 2 2 2 2 2 4 2 2 2 2 2 2 4 2 2 4 4 4 4 4 2 0 4 2 4 4 4 4 4 4 0 4 4]
                     [4 2 2 4 2 2 2 2 2 2 2 2 2 2 2 4 2 2 2 4 4 4 4 0 0 0 4 4 4 0 4 4 4 4 4]
                     [4 2 4 2 2 2 2 2 2 2 2 2 2 2 4 2 2 2 2 4 4 4 4 4 4 4 4 4 4 0 4 4 4 4 4]
                     [4 0 2 2 1 2 2 2 2 2 2 2 2 2 4 1 2 1 2 2 4 4 0 0 4 4 4 4 4 4 4 4 4 0 4]
                     [4 4 4 2 2 2 2 2 4 2 2 2 2 2 4 2 2 2 2 2 4 4 0 4 4 4 0 0 0 4 4 0 0 4 4]

                     [2 2 2 2 2 2 2 2 2 4 4 4 4 4 4 0 4 0 0 4 4 0 4 4 4 0 4 0 4 4 4 0 4 4 4]
                     [2 2 2 2 2 2 2 2 2 2 4 4 4 4 4 4 0 0 0 0 4 4 4 4 4 4 4 4 4 0 4 4 4 4 0]
                     [2 2 2 2 2 2 2 2 2 2 4 4 4 0 0 4 4 4 4 0 4 4 4 4 4 4 4 4 4 0 4 4 4 4 4]
                     [2 2 2 2 2 2 2 2 2 2 2 4 4 4 4 1 4 0 0 4 4 4 4 4 4 4 4 4 0 4 4 4 4 4 0]
                     [2 2 2 2 2 2 2 2 2 2 2 2 4 4 4 4 5 4 4 4 4 0 4 0 0 4 4 4 0 4 4 4 4 4 4]
                     [4 2 2 2 2 2 2 2 2 2 1 4 2 2 2 2 2 2 2 4 4 4 4 4 4 4 4 4 4 4 0 0 4 4 4]
                     [2 2 2 2 2 2 2 2 2 2 2 2 2 2 2 2 2 2 4 5 2 4 0 4 4 4 4 4 0 4 4 4 4 4 4]
                     [2 2 2 4 2 2 2 2 2 1 4 4 2 2 2 2 4 2 2 2 2 2 1 4 4 4 4 4 4 0 0 4 4 4 0]
                     [4 4 2 2 2 2 2 2 2 0 4 0 4 2 2 2 2 2 2 2 2 4 0 4 4 0 4 0 0 4 4 4 4 4 4]
                     [4 4 4 2 2 2 2 4 4 5 4 4 4 2 2 2 2 2 2 2 2 2 5 4 4 0 4 0 4 0 0 4 4 4 4]
                     [4 4 4 4 2 2 4 1 2 2 4 4 2 2 2 2 2 2 2 2 2 2 1 4 0 4 4 4 4 0 4 4 4 4 1]
                     [0 4 4 2 2 2 2 2 2 2 4 4 2 4 2 2 2 2 2 2 2 2 2 2 4 4 4 4 4 2 4 2 2 2 2]
                     [4 4 4 2 2 2 2 2 4 4 0 4 4 4 2 2 2 2 2 2 2 2 2 2 4 4 4 4 4 0 2 2 2 2 2]
                     [4 4 4 4 2 4 4 0 4 4 0 4 4 2 2 2 2 2 2 2 2 2 2 2 4 4 4 4 4 4 2 2 2 2 2]
                     [4 4 4 4 4 1 4 0 4 0 4 4 2 4 2 2 2 2 2 2 2 2 2 2 2 4 4 4 4 2 2 2 2 2 2]
                     [0 0 4 0 4 4 0 4 4 0 0 4 4 2 2 2 2 2 2 2 2 4 2 2 2 4 4 4 2 4 2 2 2 2 2]
                     [4 4 4 4 4 4 0 0 4 0 4 2 2 2 2 4 2 2 2 2 4 4 2 2 2 0 2 2 2 2 2 2 2 2 2]
                     [4 0 4 0 4 4 4 4 4 4 4 4 2 2 4 2 2 2 2 2 2 2 4 4 4 2 2 2 2 2 2 2 2 2 2]
                     [4 4 4 4 0 0 4 4 0 4 4 2 4 4 2 2 2 2 2 2 2 2 4 4 4 4 4 2 2 2 2 2 2 2 4]
                     [4 4 0 4 4 4 4 0 0 4 4 4 4 4 2 2 2 2 2 2 2 2 2 2 2 4 2 2 2 2 2 2 2 2 2]
                     [4 0 4 4 4 4 4 1 1 4 4 4 0 4 0 4 4 2 2 2 2 2 2 2 2 2 2 2 2 2 2 2 2 2 4]
                     [4 4 4 4 4 4 4 5 2 2 4 4 4 2 4 0 4 2 2 4 2 4 2 2 2 2 2 2 4 2 2 2 2 2 2]
                     [4 4 4 4 4 4 4 1 2 1 2 2 2 2 2 0 2 2 2 2 2 2 2 2 2 2 2 2 1 2 2 2 2 4 2]
                     [4 0 4 4 2 4 4 0 1 2 2 2 2 2 2 2 2 2 2 2 4 2 2 2 4 4 1 2 2 2 2 2 2 2 2]
                     [4 4 2 1 4 2 5 4 5 2 2 2 2 2 2 2 2 2 2 2 2 2 2 2 2 4 1 3 1 2 2 2 2 4 4]
                     [4 2 2 2 5 1 2 4 2 1 2 2 2 2 2 2 2 2 2 2 2 2 2 1 4 1 4 3 2 2 2 2 4 4 4]
                     [4 4 2 2 2 2 2 2 2 2 2 2 2 2 2 2 4 2 2 2 2 2 2 2 5 1 0 1 4 1 4 4 0 4 4]
                     [4 4 2 2 2 2 2 2 2 2 2 2 2 2 2 2 2 2 2 2 2 2 2 2 2 1 4 4 4 0 4 4 0 0 0]
                     [4 2 2 2 2 2 2 2 2 2 2 2 2 2 2 2 4 2 2 2 2 2 2 2 2 1 4 0 4 4 0 4 4 4 4]
                     [4 2 2 2 2 2 2 2 2 2 2 2 2 2 2 2 2 4 2 2 4 2 2 4 2 4 4 4 4 4 4 0 4 4 4]
                     [4 4 2 2 2 2 2 4 2 2 2 2 2 2 4 2 2 4 4 4 4 4 2 0 4 2 4 4 4 4 4 4 0 4 4]
                     [4 2 2 4 2 2 2 2 2 2 2 2 2 2 2 4 2 2 2 4 4 4 4 0 0 0 4 4 4 0 4 4 4 4 4]
                     [4 2 4 2 2 2 2 2 2 2 2 2 2 2 4 2 2 2 2 4 4 4 4 4 4 4 4 4 4 0 4 4 4 4 4]
                     [4 0 2 2 1 2 2 2 2 2 2 2 2 2 4 1 2 1 2 2 4 4 0 0 4 4 4 4 4 4 4 4 4 0 4]
                     [4 4 4 2 2 2 2 2 4 2 2 2 2 2 4 2 2 2 2 2 4 4 0 4 4 4 0 0 0 4 4 0 0 4 4]

                     [2 2 2 2 2 2 2 2 2 4 4 4 4 4 4 4 4 0 0 4 4 0 4 4 4 4 4 0 4 4 4 0 4 4 4]
                     [2 2 2 2 2 2 2 2 2 2 4 4 4 4 4 4 0 0 0 4 4 4 4 4 4 4 4 4 4 0 4 4 4 4 0]
                     [2 2 2 2 2 2 2 2 2 2 4 4 4 4 4 4 4 4 4 0 4 4 4 4 4 4 4 4 4 0 4 4 4 4 4]
                     [2 2 2 2 2 2 2 2 2 2 2 4 4 4 4 5 4 0 0 4 4 4 4 4 4 4 4 4 0 4 4 4 4 4 0]
                     [2 2 2 2 2 2 2 2 2 2 2 2 4 4 1 4 5 4 4 4 4 0 4 4 4 4 4 4 0 4 4 4 4 4 4]
                     [4 2 2 2 2 2 2 2 2 2 1 4 2 2 2 2 2 2 2 4 4 4 4 4 4 4 4 4 4 4 0 0 4 4 4]
                     [2 2 2 2 2 2 2 2 2 2 2 2 2 2 2 2 2 2 4 5 2 4 0 4 4 4 4 4 0 4 4 4 4 4 4]
                     [2 2 2 4 2 2 2 2 2 5 4 4 2 2 2 2 4 2 2 2 2 2 5 4 4 4 4 4 4 0 0 4 4 4 0]
                     [4 4 2 2 2 2 2 2 2 0 4 0 4 2 2 2 2 2 2 2 2 1 0 4 4 4 4 0 0 4 4 4 4 4 4]
                     [4 4 4 2 2 2 2 4 4 5 4 4 4 2 2 2 2 2 2 2 2 2 2 4 4 4 4 0 4 0 0 4 4 4 4]
                     [4 4 4 4 2 2 4 5 2 2 4 4 2 2 2 2 2 2 2 2 2 2 2 1 0 4 4 4 4 0 4 4 4 4 5]
                     [0 4 4 2 2 2 2 2 2 2 4 4 2 4 2 2 2 2 2 2 2 2 2 2 4 4 4 4 4 2 4 2 2 2 2]
                     [4 4 4 2 2 2 2 2 4 4 0 4 4 4 2 2 2 2 2 2 2 2 2 2 4 4 4 4 4 0 2 2 2 2 2]
                     [4 4 4 4 2 4 4 0 4 4 0 4 4 2 2 2 2 2 2 2 2 2 2 2 4 4 4 4 4 4 2 2 2 2 2]
                     [4 4 4 4 4 5 4 0 4 0 4 4 2 4 2 2 2 2 2 2 2 2 2 2 2 4 4 4 4 2 2 2 2 2 2]
                     [0 4 4 0 4 1 0 4 4 0 0 4 4 2 2 2 2 2 2 2 2 4 2 2 2 4 4 4 2 4 2 2 2 2 2]
                     [4 4 4 4 4 4 0 0 4 0 4 2 2 2 2 4 2 2 2 2 4 4 2 2 2 0 2 2 2 2 2 2 2 2 2]
                     [4 4 4 0 4 4 4 4 4 4 4 4 2 2 4 2 2 2 2 2 2 2 4 4 4 2 2 2 2 2 2 2 2 2 2]
                     [4 4 4 4 4 0 4 4 0 4 4 2 4 4 2 2 2 2 2 2 2 2 4 4 4 4 4 2 2 2 2 2 2 2 4]
                     [4 4 0 4 4 4 4 0 1 1 4 4 4 4 2 2 2 2 2 2 2 2 2 2 2 4 2 2 2 2 2 2 2 2 2]
                     [4 0 4 4 4 4 1 5 1 4 4 4 0 4 0 4 4 2 2 2 2 2 2 2 2 2 2 2 2 2 2 2 2 2 4]
                     [4 4 4 4 4 4 4 5 2 2 1 4 4 2 4 0 4 2 2 4 2 4 2 2 2 2 2 2 4 2 2 2 2 2 2]
                     [4 4 4 4 4 4 4 5 2 1 2 2 2 2 2 0 2 2 2 2 2 2 2 2 2 2 2 2 5 2 2 2 2 4 2]
                     [4 4 4 4 2 4 4 0 5 2 2 2 2 2 2 2 2 2 2 2 4 2 2 2 4 4 1 2 2 2 2 2 2 2 2]
                     [4 4 2 5 4 2 5 1 5 2 2 2 2 2 2 2 2 2 2 2 2 2 2 2 2 1 5 3 2 2 2 2 2 4 4]
                     [4 2 2 2 5 5 2 4 2 2 2 2 2 2 2 2 2 2 2 2 2 2 2 5 1 1 4 4 2 2 2 2 4 4 4]
                     [4 4 2 2 2 2 2 2 2 2 2 2 2 2 2 2 4 2 2 2 2 2 2 2 1 5 0 5 1 5 4 4 0 4 4]
                     [4 4 2 2 2 2 2 2 2 2 2 2 2 2 2 2 2 2 2 2 2 2 2 2 2 5 4 1 1 0 4 4 0 0 0]
                     [4 2 2 2 2 2 2 2 2 2 2 2 2 2 2 2 4 2 2 2 2 2 2 2 2 5 4 4 4 4 0 4 4 4 4]
                     [4 2 2 2 2 2 2 2 2 2 2 2 2 2 2 2 2 4 2 2 4 2 2 4 2 4 4 4 4 4 4 0 4 4 4]
                     [4 4 2 2 2 2 2 4 2 2 2 2 2 2 4 2 2 4 4 4 4 4 2 0 4 2 4 4 4 4 4 4 0 4 4]
                     [4 2 2 4 2 2 2 2 2 2 2 2 2 2 2 4 2 2 2 4 4 4 4 0 4 4 4 4 4 0 4 4 4 4 4]
                     [4 2 4 2 2 2 2 2 2 2 2 2 2 2 1 2 2 2 2 4 4 4 4 4 4 4 4 4 4 0 4 4 4 4 4]
                     [4 0 2 2 1 2 2 2 2 2 2 2 2 2 4 2 2 1 2 2 4 4 0 0 4 4 4 4 4 4 4 4 4 0 4]
                     [4 4 4 2 2 2 2 2 4 2 2 2 2 2 4 2 2 2 2 2 4 4 0 4 4 4 0 4 4 4 4 0 0 4 4]

                     [2 2 2 2 2 2 2 2 2 4 4 4 4 4 4 4 4 0 0 4 4 0 4 4 4 4 4 0 4 4 4 0 4 4 4]
                     [2 2 2 2 2 2 2 2 2 2 4 4 4 4 4 4 0 0 0 4 4 4 4 4 4 4 4 4 4 0 4 4 4 4 0]
                     [2 2 2 2 2 2 2 2 2 2 4 4 4 4 4 4 4 4 4 0 4 4 4 4 4 4 4 4 4 0 4 4 4 4 4]
                     [2 2 2 2 2 2 2 2 2 2 2 4 4 4 4 5 4 0 0 4 4 4 4 4 4 4 4 4 0 4 4 4 4 4 0]
                     [2 2 2 2 2 2 2 2 2 2 2 2 4 4 1 4 2 4 4 4 4 0 4 4 4 4 4 4 0 4 4 4 4 4 4]
                     [4 2 2 2 2 2 2 2 2 2 1 4 2 2 2 2 2 2 2 4 4 4 4 4 4 4 4 4 4 4 0 0 4 4 4]
                     [2 2 2 2 2 2 2 2 2 2 2 2 2 2 2 2 2 2 4 5 2 4 0 4 4 4 4 4 0 4 4 4 4 4 4]
                     [2 2 2 4 2 2 2 2 2 2 4 4 2 2 2 2 4 2 2 2 2 2 2 4 4 4 4 4 4 0 0 4 4 4 0]
                     [4 4 2 2 2 2 2 2 2 0 4 0 4 2 2 2 2 2 2 2 2 1 0 4 4 4 4 0 0 4 4 4 4 4 4]
                     [4 4 4 2 2 2 2 4 4 5 4 4 4 2 2 2 2 2 2 2 2 2 2 4 4 4 4 0 4 0 0 4 4 4 4]
                     [4 4 4 4 2 2 4 5 2 2 4 4 2 2 2 2 2 2 2 2 2 2 2 1 0 4 4 4 4 0 4 4 4 4 5]
                     [0 4 4 2 2 2 2 2 2 2 4 4 2 4 2 2 2 2 2 2 2 2 2 2 4 4 4 4 4 2 4 2 2 2 2]
                     [4 4 4 2 2 2 2 2 4 4 0 4 4 4 2 2 2 2 2 2 2 2 2 2 4 4 4 4 4 0 2 2 2 2 2]
                     [4 4 4 4 2 4 4 0 4 4 0 4 4 2 2 2 2 2 2 2 2 2 2 2 4 4 4 4 4 4 2 2 2 2 2]
                     [4 4 4 4 4 5 4 0 4 0 4 4 2 4 2 2 2 2 2 2 2 2 2 2 2 4 4 4 4 2 2 2 2 2 2]
                     [0 4 4 0 4 1 0 4 4 0 0 4 4 2 2 2 2 2 2 2 2 4 2 2 2 4 4 4 2 4 2 2 2 2 2]
                     [4 4 4 4 4 4 0 0 4 0 4 2 2 2 2 4 2 2 2 2 4 4 2 2 2 0 2 2 2 2 2 2 2 2 2]
                     [4 4 4 0 4 4 4 4 4 4 4 4 2 2 4 2 2 2 2 2 2 2 4 4 4 2 2 2 2 2 2 2 2 2 2]
                     [4 4 4 4 4 0 4 4 0 4 4 2 4 4 2 2 2 2 2 2 2 2 4 4 4 4 4 2 2 2 2 2 2 2 4]
                     [4 4 0 4 4 4 4 0 1 1 4 4 4 4 2 2 2 2 2 2 2 2 2 2 2 4 2 2 2 2 2 2 2 2 2]
                     [4 0 4 4 4 4 1 5 1 4 4 4 0 4 0 4 4 2 2 2 2 2 2 2 2 2 2 2 2 2 2 2 2 2 4]
                     [4 4 4 4 4 4 4 2 2 2 1 4 4 2 4 0 4 2 2 4 2 4 2 2 2 2 2 2 4 2 2 2 2 2 2]
                     [4 4 4 4 4 4 4 5 2 1 2 2 2 2 2 0 2 2 2 2 2 2 2 2 2 2 2 2 5 2 2 2 2 4 2]
                     [4 4 4 4 2 4 4 0 5 2 2 2 2 2 2 2 2 2 2 2 4 2 2 2 4 4 1 2 2 2 2 2 2 2 2]
                     [4 4 2 5 4 2 2 1 2 2 2 2 2 2 2 2 2 2 2 2 2 2 2 2 2 1 5 3 2 2 2 2 2 4 4]
                     [4 2 2 2 2 2 2 4 2 2 2 2 2 2 2 2 2 2 2 2 2 2 2 5 1 1 4 4 2 2 2 2 4 4 4]
                     [4 4 2 2 2 2 2 2 2 2 2 2 2 2 2 2 4 2 2 2 2 2 2 2 1 5 0 2 1 5 4 4 0 4 4]
                     [4 4 2 2 2 2 2 2 2 2 2 2 2 2 2 2 2 2 2 2 2 2 2 2 2 5 4 1 1 0 4 4 0 0 0]
                     [4 2 2 2 2 2 2 2 2 2 2 2 2 2 2 2 4 2 2 2 2 2 2 2 2 5 4 4 4 4 0 4 4 4 4]
                     [4 2 2 2 2 2 2 2 2 2 2 2 2 2 2 2 2 4 2 2 4 2 2 4 2 4 4 4 4 4 4 0 4 4 4]
                     [4 4 2 2 2 2 2 4 2 2 2 2 2 2 4 2 2 4 4 4 4 4 2 0 4 2 4 4 4 4 4 4 0 4 4]
                     [4 2 2 4 2 2 2 2 2 2 2 2 2 2 2 4 2 2 2 4 4 4 4 0 4 4 4 4 4 0 4 4 4 4 4]
                     [4 2 4 2 2 2 2 2 2 2 2 2 2 2 1 2 2 2 2 4 4 4 4 4 4 4 4 4 4 0 4 4 4 4 4]
                     [4 0 2 2 2 2 2 2 2 2 2 2 2 2 4 2 2 2 2 2 4 4 0 0 4 4 4 4 4 4 4 4 4 0 4]
                     [4 4 4 2 2 2 2 2 4 2 2 2 2 2 4 2 2 2 2 2 4 4 0 4 4 4 0 4 4 4 4 0 0 4 4]

                     [2 2 2 2 2 2 2 2 2 4 4 4 4 4 4 4 4 0 0 4 4 0 4 4 4 4 4 0 4 4 4 0 4 4 4]
                     [2 2 2 2 2 2 2 2 2 2 4 4 4 4 4 4 0 0 0 4 4 4 4 4 4 4 4 4 4 0 4 4 4 4 0]
                     [2 2 2 2 2 2 2 2 2 2 4 4 4 4 4 4 4 4 4 0 4 4 4 4 4 4 4 4 4 0 4 4 4 4 4]
                     [2 2 2 2 2 2 2 2 2 2 2 4 4 4 4 5 4 0 0 4 4 4 4 4 4 4 4 4 0 4 4 4 4 4 0]
                     [2 2 2 2 2 2 2 2 2 2 2 2 4 4 1 4 2 4 4 4 4 0 4 4 4 4 4 4 0 4 4 4 4 4 4]
                     [4 2 2 2 2 2 2 2 2 2 2 4 2 2 2 2 2 2 2 4 4 4 4 4 4 4 4 4 4 4 0 0 4 4 4]
                     [2 2 2 2 2 2 2 2 2 2 2 2 2 2 2 2 2 2 4 5 2 4 0 4 4 4 4 4 0 4 4 4 4 4 4]
                     [2 2 2 4 2 2 2 2 2 2 4 4 2 2 2 2 4 2 2 2 2 2 2 4 4 4 4 4 4 0 0 4 4 4 0]
                     [4 4 2 2 2 2 2 2 2 0 4 0 4 2 2 2 2 2 2 2 2 1 0 4 4 4 4 0 0 4 4 4 4 4 4]
                     [4 4 4 2 2 2 2 4 4 2 4 4 4 2 2 2 2 2 2 2 2 2 2 4 4 4 4 0 4 0 0 4 4 4 4]
                     [4 4 4 4 2 2 4 5 2 2 4 4 2 2 2 2 2 2 2 2 2 2 2 1 0 4 4 4 4 0 4 4 4 4 2]
                     [0 4 4 2 2 2 2 2 2 2 4 4 2 4 2 2 2 2 2 2 2 2 2 2 4 4 4 4 4 2 4 2 2 2 2]
                     [4 4 4 2 2 2 2 2 4 4 0 4 4 4 2 2 2 2 2 2 2 2 2 2 4 4 4 4 4 0 2 2 2 2 2]
                     [4 4 4 4 2 4 4 0 4 4 0 4 4 2 2 2 2 2 2 2 2 2 2 2 4 4 4 4 4 4 2 2 2 2 2]
                     [4 4 4 4 4 5 4 0 4 0 4 4 2 4 2 2 2 2 2 2 2 2 2 2 2 4 4 4 4 2 2 2 2 2 2]
                     [0 4 4 0 4 1 0 4 4 0 0 4 4 2 2 2 2 2 2 2 2 4 2 2 2 4 4 4 2 4 2 2 2 2 2]
                     [4 4 4 4 4 4 0 0 4 0 4 2 2 2 2 4 2 2 2 2 4 4 2 2 2 0 2 2 2 2 2 2 2 2 2]
                     [4 4 4 0 4 4 4 4 4 4 4 4 2 2 4 2 2 2 2 2 2 2 4 4 4 2 2 2 2 2 2 2 2 2 2]
                     [4 4 4 4 4 0 4 4 0 4 4 2 4 4 2 2 2 2 2 2 2 2 4 4 4 4 4 2 2 2 2 2 2 2 4]
                     [4 4 0 4 4 4 4 0 1 1 4 4 4 4 2 2 2 2 2 2 2 2 2 2 2 4 2 2 2 2 2 2 2 2 2]
                     [4 0 4 4 4 4 1 5 1 4 4 4 0 4 0 4 4 2 2 2 2 2 2 2 2 2 2 2 2 2 2 2 2 2 4]
                     [4 4 4 4 4 4 4 2 2 2 1 4 4 2 4 0 4 2 2 4 2 4 2 2 2 2 2 2 4 2 2 2 2 2 2]
                     [4 4 4 4 4 4 4 2 2 1 2 2 2 2 2 0 2 2 2 2 2 2 2 2 2 2 2 2 5 2 2 2 2 4 2]
                     [4 4 4 4 2 4 4 0 5 2 2 2 2 2 2 2 2 2 2 2 4 2 2 2 4 4 2 2 2 2 2 2 2 2 2]
                     [4 4 2 5 4 2 2 1 2 2 2 2 2 2 2 2 2 2 2 2 2 2 2 2 2 1 2 3 2 2 2 2 2 4 4]
                     [4 2 2 2 2 2 2 4 2 2 2 2 2 2 2 2 2 2 2 2 2 2 2 2 1 1 4 4 2 2 2 2 4 4 4]
                     [4 4 2 2 2 2 2 2 2 2 2 2 2 2 2 2 4 2 2 2 2 2 2 2 1 2 0 2 1 5 4 4 0 4 4]
                     [4 4 2 2 2 2 2 2 2 2 2 2 2 2 2 2 2 2 2 2 2 2 2 2 2 5 4 1 1 0 4 4 0 0 0]
                     [4 2 2 2 2 2 2 2 2 2 2 2 2 2 2 2 4 2 2 2 2 2 2 2 2 5 4 4 4 4 0 4 4 4 4]
                     [4 2 2 2 2 2 2 2 2 2 2 2 2 2 2 2 2 4 2 2 4 2 2 4 2 4 4 4 4 4 4 0 4 4 4]
                     [4 4 2 2 2 2 2 4 2 2 2 2 2 2 4 2 2 4 4 4 4 4 2 0 4 2 4 4 4 4 4 4 0 4 4]
                     [4 2 2 4 2 2 2 2 2 2 2 2 2 2 2 4 2 2 2 4 4 4 4 0 4 4 4 4 4 0 4 4 4 4 4]
                     [4 2 4 2 2 2 2 2 2 2 2 2 2 2 1 2 2 2 2 4 4 4 4 4 4 4 4 4 4 0 4 4 4 4 4]
                     [4 0 2 2 2 2 2 2 2 2 2 2 2 2 4 2 2 2 2 2 4 4 0 0 4 4 4 4 4 4 4 4 4 0 4]
                     [4 4 4 2 2 2 2 2 4 2 2 2 2 2 4 2 2 2 2 2 4 4 0 4 4 4 0 4 4 4 4 0 0 4 4]

                     [2 2 2 2 2 2 2 2 2 4 4 4 4 4 4 4 4 0 0 4 4 0 4 4 4 4 4 0 4 4 4 0 4 4 4]
                     [2 2 2 2 2 2 2 2 2 2 4 4 4 4 4 4 0 0 0 4 4 4 4 4 4 4 4 4 4 0 4 4 4 4 0]
                     [2 2 2 2 2 2 2 2 2 2 4 4 4 4 4 4 4 4 4 0 4 4 4 4 4 4 4 4 4 0 4 4 4 4 4]
                     [2 2 2 2 2 2 2 2 2 2 2 4 4 4 4 5 4 0 0 4 4 4 4 4 4 4 4 4 0 4 4 4 4 4 0]
                     [2 2 2 2 2 2 2 2 2 2 2 2 4 4 1 4 2 4 4 4 4 0 4 4 4 4 4 4 0 4 4 4 4 4 4]
                     [4 2 2 2 2 2 2 2 2 2 2 4 2 2 2 2 2 2 2 4 4 4 4 4 4 4 4 4 4 4 0 0 4 4 4]
                     [2 2 2 2 2 2 2 2 2 2 2 2 2 2 2 2 2 2 4 5 2 4 0 4 4 4 4 4 0 4 4 4 4 4 4]
                     [2 2 2 4 2 2 2 2 2 2 4 4 2 2 2 2 4 2 2 2 2 2 2 4 4 4 4 4 4 0 0 4 4 4 0]
                     [4 4 2 2 2 2 2 2 2 0 4 0 4 2 2 2 2 2 2 2 2 1 0 4 4 4 4 0 0 4 4 4 4 4 4]
                     [4 4 4 2 2 2 2 4 4 2 4 4 4 2 2 2 2 2 2 2 2 2 2 4 4 4 4 0 4 0 0 4 4 4 4]
                     [4 4 4 4 2 2 4 5 2 2 4 4 2 2 2 2 2 2 2 2 2 2 2 1 0 4 4 4 4 0 4 4 4 4 2]
                     [0 4 4 2 2 2 2 2 2 2 4 4 2 4 2 2 2 2 2 2 2 2 2 2 4 4 4 4 4 2 4 2 2 2 2]
                     [4 4 4 2 2 2 2 2 4 4 0 4 4 4 2 2 2 2 2 2 2 2 2 2 4 4 4 4 4 0 2 2 2 2 2]
                     [4 4 4 4 2 4 4 0 4 4 0 4 4 2 2 2 2 2 2 2 2 2 2 2 4 4 4 4 4 4 2 2 2 2 2]
                     [4 4 4 4 4 5 4 0 4 0 4 4 2 4 2 2 2 2 2 2 2 2 2 2 2 4 4 4 4 2 2 2 2 2 2]
                     [0 4 4 0 4 1 0 4 4 0 0 4 4 2 2 2 2 2 2 2 2 4 2 2 2 4 4 4 2 4 2 2 2 2 2]
                     [4 4 4 4 4 4 0 0 4 0 4 2 2 2 2 4 2 2 2 2 4 4 2 2 2 0 2 2 2 2 2 2 2 2 2]
                     [4 4 4 0 4 4 4 4 4 4 4 4 2 2 4 2 2 2 2 2 2 2 4 4 4 2 2 2 2 2 2 2 2 2 2]
                     [4 4 4 4 4 0 4 4 0 4 4 2 4 4 2 2 2 2 2 2 2 2 4 4 4 4 4 2 2 2 2 2 2 2 4]
                     [4 4 0 4 4 4 4 0 1 1 4 4 4 4 2 2 2 2 2 2 2 2 2 2 2 4 2 2 2 2 2 2 2 2 2]
                     [4 0 4 4 4 4 1 5 1 4 4 4 0 4 0 4 4 2 2 2 2 2 2 2 2 2 2 2 2 2 2 2 2 2 4]
                     [4 4 4 4 4 4 4 2 2 2 1 4 4 2 4 0 4 2 2 4 2 4 2 2 2 2 2 2 4 2 2 2 2 2 2]
                     [4 4 4 4 4 4 4 2 2 1 2 2 2 2 2 0 2 2 2 2 2 2 2 2 2 2 2 2 5 2 2 2 2 4 2]
                     [4 4 4 4 2 4 4 0 5 2 2 2 2 2 2 2 2 2 2 2 4 2 2 2 4 4 2 2 2 2 2 2 2 2 2]
                     [4 4 2 5 4 2 2 1 2 2 2 2 2 2 2 2 2 2 2 2 2 2 2 2 2 1 2 3 2 2 2 2 2 4 4]
                     [4 2 2 2 2 2 2 4 2 2 2 2 2 2 2 2 2 2 2 2 2 2 2 2 1 1 4 4 2 2 2 2 4 4 4]
                     [4 4 2 2 2 2 2 2 2 2 2 2 2 2 2 2 4 2 2 2 2 2 2 2 2 2 0 2 1 2 4 4 0 4 4]
                     [4 4 2 2 2 2 2 2 2 2 2 2 2 2 2 2 2 2 2 2 2 2 2 2 2 2 4 1 1 0 4 4 0 0 0]
                     [4 2 2 2 2 2 2 2 2 2 2 2 2 2 2 2 4 2 2 2 2 2 2 2 2 5 4 4 4 4 0 4 4 4 4]
                     [4 2 2 2 2 2 2 2 2 2 2 2 2 2 2 2 2 4 2 2 4 2 2 4 2 4 4 4 4 4 4 0 4 4 4]
                     [4 4 2 2 2 2 2 4 2 2 2 2 2 2 4 2 2 4 4 4 4 4 2 0 4 2 4 4 4 4 4 4 0 4 4]
                     [4 2 2 4 2 2 2 2 2 2 2 2 2 2 2 4 2 2 2 4 4 4 4 0 4 4 4 4 4 0 4 4 4 4 4]
                     [4 2 4 2 2 2 2 2 2 2 2 2 2 2 1 2 2 2 2 4 4 4 4 4 4 4 4 4 4 0 4 4 4 4 4]
                     [4 0 2 2 2 2 2 2 2 2 2 2 2 2 4 2 2 2 2 2 4 4 0 0 4 4 4 4 4 4 4 4 4 0 4]
                     [4 4 4 2 2 2 2 2 4 2 2 2 2 2 4 2 2 2 2 2 4 4 0 4 4 4 0 4 4 4 4 0 0 4 4]

                     [2 2 2 2 2 2 2 2 2 4 4 4 4 4 4 4 4 0 4 4 4 0 4 4 4 4 4 0 4 4 4 0 4 4 4]
                     [2 2 2 2 2 2 2 2 2 2 4 4 4 4 4 4 4 0 0 4 4 4 4 4 4 4 4 4 4 0 4 4 4 4 0]
                     [2 2 2 2 2 2 2 2 2 2 4 4 4 4 1 4 4 4 4 4 4 4 4 4 4 4 4 4 4 0 4 4 4 4 4]
                     [2 2 2 2 2 2 2 2 2 2 2 4 4 4 4 5 4 0 0 4 4 4 4 4 4 4 4 4 0 4 4 4 4 4 0]
                     [2 2 2 2 2 2 2 2 2 2 2 2 4 4 2 4 2 4 4 4 4 0 4 4 4 4 4 4 0 4 4 4 4 4 4]
                     [4 2 2 2 2 2 2 2 2 2 2 4 2 2 2 2 2 2 2 4 4 4 4 4 4 4 4 4 4 4 0 0 4 4 4]
                     [2 2 2 2 2 2 2 2 2 2 2 2 2 2 2 2 2 2 4 5 2 4 4 4 4 4 4 4 0 4 4 4 4 4 4]
                     [2 2 2 4 2 2 2 2 2 2 4 4 2 2 2 2 4 2 2 2 2 2 2 4 4 4 4 4 4 0 0 4 4 4 0]
                     [4 4 2 2 2 2 2 2 2 0 4 4 4 2 2 2 2 2 2 2 2 1 1 4 4 4 4 0 0 4 4 4 4 4 4]
                     [4 4 4 2 2 2 2 4 4 2 4 4 4 2 2 2 2 2 2 2 2 2 2 4 4 4 4 0 4 0 0 4 4 4 4]
                     [4 4 4 4 2 2 4 2 2 2 4 4 2 2 2 2 2 2 2 2 2 2 2 5 0 4 4 4 4 0 4 4 4 4 2]
                     [0 4 4 2 2 2 2 2 2 2 4 4 2 4 2 2 2 2 2 2 2 2 2 2 4 4 4 4 4 2 4 2 2 2 2]
                     [4 4 4 2 2 2 2 2 4 4 0 4 4 4 2 2 2 2 2 2 2 2 2 2 4 4 4 4 4 0 2 2 2 2 2]
                     [4 4 4 4 2 4 4 4 4 4 0 4 4 2 2 2 2 2 2 2 2 2 2 2 4 4 4 4 4 4 2 2 2 2 2]
                     [4 4 4 4 4 2 4 0 4 0 4 4 2 4 2 2 2 2 2 2 2 2 2 2 2 4 4 4 4 2 2 2 2 2 2]
                     [0 4 4 0 4 1 1 4 4 4 0 4 4 2 2 2 2 2 2 2 2 4 2 2 2 4 4 4 2 4 2 2 2 2 2]
                     [4 4 4 4 4 4 0 0 4 0 4 2 2 2 2 4 2 2 2 2 4 4 2 2 2 0 2 2 2 2 2 2 2 2 2]
                     [4 4 4 0 4 4 4 4 4 4 4 4 2 2 4 2 2 2 2 2 2 2 4 4 4 2 2 2 2 2 2 2 2 2 2]
                     [4 4 4 4 4 0 4 4 4 4 4 2 4 4 2 2 2 2 2 2 2 2 4 4 4 4 4 2 2 2 2 2 2 2 4]
                     [4 4 0 4 4 4 4 1 5 5 4 4 4 4 2 2 2 2 2 2 2 2 2 2 2 4 2 2 2 2 2 2 2 2 2]
                     [4 0 4 4 4 4 5 5 1 4 4 4 0 4 0 4 4 2 2 2 2 2 2 2 2 2 2 2 2 2 2 2 2 2 4]
                     [4 4 4 4 4 4 4 2 2 2 5 4 4 2 4 0 4 2 2 4 2 4 2 2 2 2 2 2 4 2 2 2 2 2 2]
                     [4 4 4 4 4 4 4 2 2 2 2 2 2 2 2 0 2 2 2 2 2 2 2 2 2 2 2 2 5 2 2 2 2 4 2]
                     [4 4 4 4 2 4 4 0 5 2 2 2 2 2 2 2 2 2 2 2 4 2 2 2 1 4 2 2 2 2 2 2 2 2 2]
                     [4 4 2 2 1 2 2 5 2 2 2 2 2 2 2 2 2 2 2 2 2 2 2 2 2 5 2 4 2 2 2 2 2 4 4]
                     [4 2 2 2 2 2 2 4 2 2 2 2 2 2 2 2 2 2 2 2 2 2 2 2 1 2 1 4 2 2 2 2 4 4 4]
                     [4 4 2 2 2 2 2 2 2 2 2 2 2 2 2 2 4 2 2 2 2 2 2 2 2 2 0 2 1 2 4 4 0 4 4]
                     [4 4 2 2 2 2 2 2 2 2 2 2 2 2 2 2 2 2 2 2 2 2 2 2 2 2 4 5 1 4 4 4 0 0 0]
                     [4 2 2 2 2 2 2 2 2 2 2 2 2 2 2 2 4 2 2 2 2 2 2 2 2 2 4 4 4 4 0 4 4 4 4]
                     [4 2 2 2 2 2 2 2 2 2 2 2 2 2 2 2 2 4 2 2 4 2 2 4 2 1 1 4 4 4 4 0 4 4 4]
                     [4 4 2 2 2 2 2 4 2 2 2 2 2 2 4 2 2 4 4 4 4 4 2 0 4 2 4 4 4 4 4 4 0 4 4]
                     [4 2 2 4 2 2 2 2 2 2 2 2 2 2 2 4 2 2 2 4 4 4 4 4 4 4 4 4 4 0 4 4 4 4 4]
                     [4 2 4 2 2 2 2 2 2 2 2 2 2 2 1 2 2 2 2 4 4 4 4 4 4 4 4 4 4 4 4 4 4 4 4]
                     [4 0 2 2 2 2 2 2 2 2 2 2 2 2 4 2 2 2 2 2 4 4 0 0 4 4 4 4 4 4 4 4 4 0 4]
                     [4 4 4 2 2 2 2 2 4 2 2 2 2 2 4 2 2 2 2 2 4 4 0 4 4 4 0 4 4 4 4 0 0 4 4]

                     [2 2 2 2 2 2 2 2 2 4 4 4 4 4 4 4 4 0 4 4 4 0 4 4 4 4 4 0 4 4 4 0 4 4 4]
                     [2 2 2 2 2 2 2 2 2 2 4 4 4 4 4 4 4 0 0 4 4 4 4 4 4 4 4 4 4 0 4 4 4 4 0]
                     [2 2 2 2 2 2 2 2 2 2 4 4 4 4 1 4 4 4 4 4 4 4 4 4 4 4 4 4 4 0 4 4 4 4 4]
                     [2 2 2 2 2 2 2 2 2 2 2 4 4 4 4 2 4 0 0 4 4 4 4 4 4 4 4 4 0 4 4 4 4 4 0]
                     [2 2 2 2 2 2 2 2 2 2 2 2 4 4 2 4 2 4 4 4 4 0 4 4 4 4 4 4 0 4 4 4 4 4 4]
                     [4 2 2 2 2 2 2 2 2 2 2 4 2 2 2 2 2 2 2 4 4 4 4 4 4 4 4 4 4 4 0 0 4 4 4]
                     [2 2 2 2 2 2 2 2 2 2 2 2 2 2 2 2 2 2 4 5 2 4 4 4 4 4 4 4 0 4 4 4 4 4 4]
                     [2 2 2 4 2 2 2 2 2 2 4 4 2 2 2 2 4 2 2 2 2 2 2 4 4 4 4 4 4 0 0 4 4 4 0]
                     [4 4 2 2 2 2 2 2 2 0 4 4 4 2 2 2 2 2 2 2 2 1 1 4 4 4 4 0 0 4 4 4 4 4 4]
                     [4 4 4 2 2 2 2 4 4 2 4 4 4 2 2 2 2 2 2 2 2 2 2 4 4 4 4 0 4 0 0 4 4 4 4]
                     [4 4 4 4 2 2 4 2 2 2 4 4 2 2 2 2 2 2 2 2 2 2 2 5 0 4 4 4 4 0 4 4 4 4 2]
                     [0 4 4 2 2 2 2 2 2 2 4 4 2 4 2 2 2 2 2 2 2 2 2 2 4 4 4 4 4 2 4 2 2 2 2]
                     [4 4 4 2 2 2 2 2 4 4 0 4 4 4 2 2 2 2 2 2 2 2 2 2 4 4 4 4 4 0 2 2 2 2 2]
                     [4 4 4 4 2 4 4 4 4 4 0 4 4 2 2 2 2 2 2 2 2 2 2 2 4 4 4 4 4 4 2 2 2 2 2]
                     [4 4 4 4 4 2 4 0 4 0 4 4 2 4 2 2 2 2 2 2 2 2 2 2 2 4 4 4 4 2 2 2 2 2 2]
                     [0 4 4 0 4 1 1 4 4 4 0 4 4 2 2 2 2 2 2 2 2 4 2 2 2 4 4 4 2 4 2 2 2 2 2]
                     [4 4 4 4 4 4 0 0 4 0 4 2 2 2 2 4 2 2 2 2 4 4 2 2 2 0 2 2 2 2 2 2 2 2 2]
                     [4 4 4 0 4 4 4 4 4 4 4 4 2 2 4 2 2 2 2 2 2 2 4 4 4 2 2 2 2 2 2 2 2 2 2]
                     [4 4 4 4 4 0 4 4 4 4 4 2 4 4 2 2 2 2 2 2 2 2 4 4 4 4 4 2 2 2 2 2 2 2 4]
                     [4 4 0 4 4 4 4 1 5 5 4 4 4 4 2 2 2 2 2 2 2 2 2 2 2 4 2 2 2 2 2 2 2 2 2]
                     [4 0 4 4 4 4 5 5 1 4 4 4 0 4 0 4 4 2 2 2 2 2 2 2 2 2 2 2 2 2 2 2 2 2 4]
                     [4 4 4 4 4 4 4 2 2 2 5 4 4 2 4 0 4 2 2 4 2 4 2 2 2 2 2 2 4 2 2 2 2 2 2]
                     [4 4 4 4 4 4 4 2 2 2 2 2 2 2 2 0 2 2 2 2 2 2 2 2 2 2 2 2 5 2 2 2 2 4 2]
                     [4 4 4 4 2 4 4 0 5 2 2 2 2 2 2 2 2 2 2 2 4 2 2 2 1 4 2 2 2 2 2 2 2 2 2]
                     [4 4 2 2 1 2 2 5 2 2 2 2 2 2 2 2 2 2 2 2 2 2 2 2 2 5 2 4 2 2 2 2 2 4 4]
                     [4 2 2 2 2 2 2 4 2 2 2 2 2 2 2 2 2 2 2 2 2 2 2 2 1 2 1 4 2 2 2 2 4 4 4]
                     [4 4 2 2 2 2 2 2 2 2 2 2 2 2 2 2 4 2 2 2 2 2 2 2 2 2 0 2 2 2 4 4 0 4 4]
                     [4 4 2 2 2 2 2 2 2 2 2 2 2 2 2 2 2 2 2 2 2 2 2 2 2 2 4 5 1 4 4 4 0 0 0]
                     [4 2 2 2 2 2 2 2 2 2 2 2 2 2 2 2 4 2 2 2 2 2 2 2 2 2 4 4 4 4 0 4 4 4 4]
                     [4 2 2 2 2 2 2 2 2 2 2 2 2 2 2 2 2 4 2 2 4 2 2 4 2 1 1 4 4 4 4 0 4 4 4]
                     [4 4 2 2 2 2 2 4 2 2 2 2 2 2 4 2 2 4 4 4 4 4 2 0 4 2 4 4 4 4 4 4 0 4 4]
                     [4 2 2 4 2 2 2 2 2 2 2 2 2 2 2 4 2 2 2 4 4 4 4 4 4 4 4 4 4 0 4 4 4 4 4]
                     [4 2 4 2 2 2 2 2 2 2 2 2 2 2 1 2 2 2 2 4 4 4 4 4 4 4 4 4 4 4 4 4 4 4 4]
                     [4 0 2 2 2 2 2 2 2 2 2 2 2 2 4 2 2 2 2 2 4 4 0 0 4 4 4 4 4 4 4 4 4 0 4]
                     [4 4 4 2 2 2 2 2 4 2 2 2 2 2 4 2 2 2 2 2 4 4 0 4 4 4 0 4 4 4 4 0 0 4 4]

                     [2 2 2 2 2 2 2 2 2 4 4 4 4 4 4 4 4 0 4 4 4 0 4 4 4 4 4 0 4 4 4 0 4 4 4]
                     [2 2 2 2 2 2 2 2 2 2 4 4 4 4 4 4 4 0 0 4 4 4 4 4 4 4 4 4 4 0 4 4 4 4 0]
                     [2 2 2 2 2 2 2 2 2 2 4 4 4 4 1 4 4 4 4 4 4 4 4 4 4 4 4 4 4 0 4 4 4 4 4]
                     [2 2 2 2 2 2 2 2 2 2 2 4 4 4 4 2 4 0 0 4 4 4 4 4 4 4 4 4 0 4 4 4 4 4 0]
                     [2 2 2 2 2 2 2 2 2 2 2 2 4 4 2 4 2 4 4 4 4 0 4 4 4 4 4 4 0 4 4 4 4 4 4]
                     [4 2 2 2 2 2 2 2 2 2 2 4 2 2 2 2 2 2 2 4 4 4 4 4 4 4 4 4 4 4 0 0 4 4 4]
                     [2 2 2 2 2 2 2 2 2 2 2 2 2 2 2 2 2 2 4 5 2 4 4 4 4 4 4 4 0 4 4 4 4 4 4]
                     [2 2 2 4 2 2 2 2 2 2 4 4 2 2 2 2 4 2 2 2 2 2 2 4 4 4 4 4 4 0 0 4 4 4 0]
                     [4 4 2 2 2 2 2 2 2 0 4 4 4 2 2 2 2 2 2 2 2 1 1 4 4 4 4 0 0 4 4 4 4 4 4]
                     [4 4 4 2 2 2 2 4 4 2 4 4 4 2 2 2 2 2 2 2 2 2 2 4 4 4 4 0 4 0 0 4 4 4 4]
                     [4 4 4 4 2 2 4 2 2 2 4 4 2 2 2 2 2 2 2 2 2 2 2 5 0 4 4 4 4 0 4 4 4 4 2]
                     [0 4 4 2 2 2 2 2 2 2 4 4 2 4 2 2 2 2 2 2 2 2 2 2 4 4 4 4 4 2 4 2 2 2 2]
                     [4 4 4 2 2 2 2 2 4 4 0 4 4 4 2 2 2 2 2 2 2 2 2 2 4 4 4 4 4 0 2 2 2 2 2]
                     [4 4 4 4 2 4 4 4 4 4 0 4 4 2 2 2 2 2 2 2 2 2 2 2 4 4 4 4 4 4 2 2 2 2 2]
                     [4 4 4 4 4 2 4 0 4 0 4 4 2 4 2 2 2 2 2 2 2 2 2 2 2 4 4 4 4 2 2 2 2 2 2]
                     [0 4 4 0 4 1 1 4 4 4 0 4 4 2 2 2 2 2 2 2 2 4 2 2 2 4 4 4 2 4 2 2 2 2 2]
                     [4 4 4 4 4 4 0 0 4 0 4 2 2 2 2 4 2 2 2 2 4 4 2 2 2 0 2 2 2 2 2 2 2 2 2]
                     [4 4 4 0 4 4 4 4 4 4 4 4 2 2 4 2 2 2 2 2 2 2 4 4 4 2 2 2 2 2 2 2 2 2 2]
                     [4 4 4 4 4 0 4 4 4 4 4 2 4 4 2 2 2 2 2 2 2 2 4 4 4 4 4 2 2 2 2 2 2 2 4]
                     [4 4 0 4 4 4 4 1 5 2 4 4 4 4 2 2 2 2 2 2 2 2 2 2 2 4 2 2 2 2 2 2 2 2 2]
                     [4 0 4 4 4 4 5 2 2 4 4 4 0 4 0 4 4 2 2 2 2 2 2 2 2 2 2 2 2 2 2 2 2 2 4]
                     [4 4 4 4 4 4 4 2 2 2 2 4 4 2 4 0 4 2 2 4 2 4 2 2 2 2 2 2 4 2 2 2 2 2 2]
                     [4 4 4 4 4 4 4 2 2 2 2 2 2 2 2 0 2 2 2 2 2 2 2 2 2 2 2 2 2 2 2 2 2 4 2]
                     [4 4 4 4 2 4 4 0 5 2 2 2 2 2 2 2 2 2 2 2 4 2 2 2 1 4 2 2 2 2 2 2 2 2 2]
                     [4 4 2 2 1 2 2 5 2 2 2 2 2 2 2 2 2 2 2 2 2 2 2 2 2 5 2 4 2 2 2 2 2 4 4]
                     [4 2 2 2 2 2 2 4 2 2 2 2 2 2 2 2 2 2 2 2 2 2 2 2 2 2 1 4 2 2 2 2 4 4 4]
                     [4 4 2 2 2 2 2 2 2 2 2 2 2 2 2 2 4 2 2 2 2 2 2 2 2 2 0 2 2 2 4 4 0 4 4]
                     [4 4 2 2 2 2 2 2 2 2 2 2 2 2 2 2 2 2 2 2 2 2 2 2 2 2 4 5 2 4 4 4 0 0 0]
                     [4 2 2 2 2 2 2 2 2 2 2 2 2 2 2 2 4 2 2 2 2 2 2 2 2 2 4 4 4 4 0 4 4 4 4]
                     [4 2 2 2 2 2 2 2 2 2 2 2 2 2 2 2 2 4 2 2 4 2 2 4 2 1 1 4 4 4 4 0 4 4 4]
                     [4 4 2 2 2 2 2 4 2 2 2 2 2 2 4 2 2 4 4 4 4 4 2 0 4 2 4 4 4 4 4 4 0 4 4]
                     [4 2 2 4 2 2 2 2 2 2 2 2 2 2 2 4 2 2 2 4 4 4 4 4 4 4 4 4 4 0 4 4 4 4 4]
                     [4 2 4 2 2 2 2 2 2 2 2 2 2 2 1 2 2 2 2 4 4 4 4 4 4 4 4 4 4 4 4 4 4 4 4]
                     [4 0 2 2 2 2 2 2 2 2 2 2 2 2 4 2 2 2 2 2 4 4 0 0 4 4 4 4 4 4 4 4 4 0 4]
                     [4 4 4 2 2 2 2 2 4 2 2 2 2 2 4 2 2 2 2 2 4 4 0 4 4 4 0 4 4 4 4 0 0 4 4]

                     [2 2 2 2 2 2 2 2 2 4 4 4 4 4 4 4 4 0 4 4 4 0 4 4 4 4 4 0 4 4 4 0 4 4 4]
                     [2 2 2 2 2 2 2 2 2 2 4 4 4 4 4 4 4 0 0 4 4 4 4 4 4 4 4 4 4 0 4 4 4 4 0]
                     [2 2 2 2 2 2 2 2 2 2 4 4 4 4 1 4 4 4 4 4 4 4 4 4 4 4 4 4 4 0 4 4 4 4 4]
                     [2 2 2 2 2 2 2 2 2 2 2 4 4 4 4 2 4 0 0 4 4 4 4 4 4 4 4 4 0 4 4 4 4 4 0]
                     [2 2 2 2 2 2 2 2 2 2 2 2 4 4 2 4 2 4 4 4 4 0 4 4 4 4 4 4 0 4 4 4 4 4 4]
                     [4 2 2 2 2 2 2 2 2 2 2 4 2 2 2 2 2 2 2 4 4 4 4 4 4 4 4 4 4 4 0 0 4 4 4]
                     [2 2 2 2 2 2 2 2 2 2 2 2 2 2 2 2 2 2 4 2 2 4 4 4 4 4 4 4 0 4 4 4 4 4 4]
                     [2 2 2 4 2 2 2 2 2 2 4 4 2 2 2 2 4 2 2 2 2 2 2 4 4 4 4 4 4 0 0 4 4 4 0]
                     [4 4 2 2 2 2 2 2 2 0 4 4 4 2 2 2 2 2 2 2 2 2 1 4 4 4 4 0 0 4 4 4 4 4 4]
                     [4 4 4 2 2 2 2 4 4 2 4 4 4 2 2 2 2 2 2 2 2 2 2 4 4 4 4 0 4 0 0 4 4 4 4]
                     [4 4 4 4 2 2 4 2 2 2 4 4 2 2 2 2 2 2 2 2 2 2 2 2 0 4 4 4 4 0 4 4 4 4 2]
                     [0 4 4 2 2 2 2 2 2 2 4 4 2 4 2 2 2 2 2 2 2 2 2 2 4 4 4 4 4 2 4 2 2 2 2]
                     [4 4 4 2 2 2 2 2 4 4 0 4 4 4 2 2 2 2 2 2 2 2 2 2 4 4 4 4 4 0 2 2 2 2 2]
                     [4 4 4 4 2 4 4 4 4 4 0 4 4 2 2 2 2 2 2 2 2 2 2 2 4 4 4 4 4 4 2 2 2 2 2]
                     [4 4 4 4 4 2 4 0 4 0 4 4 2 4 2 2 2 2 2 2 2 2 2 2 2 4 4 4 4 2 2 2 2 2 2]
                     [0 4 4 0 4 1 1 4 4 4 0 4 4 2 2 2 2 2 2 2 2 4 2 2 2 4 4 4 2 4 2 2 2 2 2]
                     [4 4 4 4 4 4 0 0 4 0 4 2 2 2 2 4 2 2 2 2 4 4 2 2 2 0 2 2 2 2 2 2 2 2 2]
                     [4 4 4 0 4 4 4 4 4 4 4 4 2 2 4 2 2 2 2 2 2 2 4 4 4 2 2 2 2 2 2 2 2 2 2]
                     [4 4 4 4 4 0 4 4 4 4 4 2 4 4 2 2 2 2 2 2 2 2 4 4 4 4 4 2 2 2 2 2 2 2 4]
                     [4 4 0 4 4 4 4 1 5 2 4 4 4 4 2 2 2 2 2 2 2 2 2 2 2 4 2 2 2 2 2 2 2 2 2]
                     [4 0 4 4 4 4 5 2 2 4 4 4 0 4 0 4 4 2 2 2 2 2 2 2 2 2 2 2 2 2 2 2 2 2 4]
                     [4 4 4 4 4 4 4 2 2 2 2 4 4 2 4 0 4 2 2 4 2 4 2 2 2 2 2 2 4 2 2 2 2 2 2]
                     [4 4 4 4 4 4 4 2 2 2 2 2 2 2 2 0 2 2 2 2 2 2 2 2 2 2 2 2 2 2 2 2 2 4 2]
                     [4 4 4 4 2 4 4 0 2 2 2 2 2 2 2 2 2 2 2 2 4 2 2 2 1 4 2 2 2 2 2 2 2 2 2]
                     [4 4 2 2 1 2 2 5 2 2 2 2 2 2 2 2 2 2 2 2 2 2 2 2 2 2 2 4 2 2 2 2 2 4 4]
                     [4 2 2 2 2 2 2 4 2 2 2 2 2 2 2 2 2 2 2 2 2 2 2 2 2 2 1 4 2 2 2 2 4 4 4]
                     [4 4 2 2 2 2 2 2 2 2 2 2 2 2 2 2 4 2 2 2 2 2 2 2 2 2 0 2 2 2 4 4 0 4 4]
                     [4 4 2 2 2 2 2 2 2 2 2 2 2 2 2 2 2 2 2 2 2 2 2 2 2 2 4 2 2 4 4 4 0 0 0]
                     [4 2 2 2 2 2 2 2 2 2 2 2 2 2 2 2 4 2 2 2 2 2 2 2 2 2 4 4 4 4 0 4 4 4 4]
                     [4 2 2 2 2 2 2 2 2 2 2 2 2 2 2 2 2 4 2 2 4 2 2 4 2 1 1 4 4 4 4 0 4 4 4]
                     [4 4 2 2 2 2 2 4 2 2 2 2 2 2 4 2 2 4 4 4 4 4 2 0 4 2 4 4 4 4 4 4 0 4 4]
                     [4 2 2 4 2 2 2 2 2 2 2 2 2 2 2 4 2 2 2 4 4 4 4 4 4 4 4 4 4 0 4 4 4 4 4]
                     [4 2 4 2 2 2 2 2 2 2 2 2 2 2 1 2 2 2 2 4 4 4 4 4 4 4 4 4 4 4 4 4 4 4 4]
                     [4 0 2 2 2 2 2 2 2 2 2 2 2 2 4 2 2 2 2 2 4 4 0 0 4 4 4 4 4 4 4 4 4 0 4]
                     [4 4 4 2 2 2 2 2 4 2 2 2 2 2 4 2 2 2 2 2 4 4 0 4 4 4 0 4 4 4 4 0 0 4 4]

                     [2 2 2 2 2 2 2 2 2 4 4 4 4 4 4 4 4 0 4 4 4 0 4 4 4 4 4 4 4 4 4 4 4 4 4]
                     [2 2 2 2 2 2 2 2 2 2 4 4 4 4 4 4 4 4 0 4 4 4 4 4 4 4 4 4 4 0 4 4 4 4 0]
                     [2 2 2 2 2 2 2 2 2 2 4 4 4 1 5 4 4 4 4 4 4 4 4 4 4 4 4 4 4 0 4 4 4 4 4]
                     [2 2 2 2 2 2 2 2 2 2 2 4 4 4 4 2 4 0 0 4 4 4 4 4 4 4 4 4 0 4 4 4 4 4 0]
                     [2 2 2 2 2 2 2 2 2 2 2 2 4 4 2 4 2 4 4 4 4 0 4 4 4 4 4 4 4 4 4 4 4 4 4]
                     [4 2 2 2 2 2 2 2 2 2 2 4 2 2 2 2 2 2 2 4 4 4 4 4 4 4 4 4 4 4 0 0 4 4 4]
                     [2 2 2 2 2 2 2 2 2 2 2 2 2 2 2 2 2 2 4 2 2 4 4 4 4 4 4 4 0 4 4 4 4 4 4]
                     [2 2 2 4 2 2 2 2 2 2 4 4 2 2 2 2 4 2 2 2 2 2 2 4 4 4 4 4 4 4 0 4 4 4 0]
                     [4 4 2 2 2 2 2 2 2 0 4 4 4 2 2 2 2 2 2 2 2 2 5 4 4 4 4 0 4 4 4 4 4 4 4]
                     [4 4 4 2 2 2 2 4 4 2 4 4 4 2 2 2 2 2 2 2 2 2 2 4 4 4 4 0 4 0 0 4 4 4 4]
                     [4 4 4 4 2 2 4 2 2 2 4 4 2 2 2 2 2 2 2 2 2 2 2 2 0 4 4 4 4 0 4 4 4 4 2]
                     [0 4 4 2 2 2 2 2 2 2 4 4 2 4 2 2 2 2 2 2 2 2 2 2 4 4 4 4 4 2 4 2 2 2 2]
                     [4 4 4 2 2 2 2 2 4 4 0 4 4 4 2 2 2 2 2 2 2 2 2 2 4 4 4 4 4 0 2 2 2 2 2]
                     [4 4 4 4 2 4 4 4 4 4 0 4 4 2 2 2 2 2 2 2 2 2 2 2 4 4 4 4 4 4 2 2 2 2 2]
                     [4 4 4 4 4 2 4 4 4 0 4 4 2 4 2 2 2 2 2 2 2 2 2 2 2 4 4 4 4 2 2 2 2 2 2]
                     [0 4 4 0 4 5 5 4 4 4 0 4 4 2 2 2 2 2 2 2 2 4 2 2 2 4 4 4 2 4 2 2 2 2 2]
                     [4 4 4 4 4 1 0 4 4 0 4 2 2 2 2 4 2 2 2 2 4 4 2 2 2 0 2 2 2 2 2 2 2 2 2]
                     [4 4 4 0 4 4 4 4 4 4 4 4 2 2 4 2 2 2 2 2 2 2 4 4 4 2 2 2 2 2 2 2 2 2 2]
                     [4 4 4 4 4 4 4 4 4 1 4 2 4 4 2 2 2 2 2 2 2 2 4 4 4 4 4 2 2 2 2 2 2 2 4]
                     [4 4 0 4 4 4 4 5 2 2 4 4 4 4 2 2 2 2 2 2 2 2 2 2 2 4 2 2 2 2 2 2 2 2 2]
                     [4 0 4 4 4 4 5 2 2 4 4 4 0 4 0 4 4 2 2 2 2 2 2 2 2 2 2 2 2 2 2 2 2 2 4]
                     [4 4 4 4 4 4 4 2 2 2 2 4 4 2 4 0 4 2 2 4 2 4 2 2 2 2 2 2 4 2 2 2 2 2 2]
                     [4 4 4 4 4 4 4 2 2 2 2 2 2 2 2 0 2 2 2 2 2 2 2 2 2 2 2 2 2 2 2 2 2 4 2]
                     [4 4 4 4 2 4 4 0 2 2 2 2 2 2 2 2 2 2 2 2 4 2 2 2 5 4 2 2 2 2 2 2 2 2 2]
                     [4 4 2 2 5 2 2 5 2 2 2 2 2 2 2 2 2 2 2 2 2 2 2 2 2 2 2 4 2 2 2 2 2 4 4]
                     [4 2 2 2 2 2 2 4 2 2 2 2 2 2 2 2 2 2 2 2 2 2 2 2 2 2 1 4 2 2 2 2 4 4 4]
                     [4 4 2 2 2 2 2 2 2 2 2 2 2 2 2 2 4 2 2 2 2 2 2 2 2 2 1 2 2 2 4 4 0 4 4]
                     [4 4 2 2 2 2 2 2 2 2 2 2 2 2 2 2 2 2 2 2 2 2 2 2 2 2 4 2 2 4 4 4 0 0 0]
                     [4 2 2 2 2 2 2 2 2 2 2 2 2 2 2 2 4 2 2 2 2 2 2 2 2 2 4 4 4 4 4 4 4 4 4]
                     [4 2 2 2 2 2 2 2 2 2 2 2 2 2 2 2 2 4 2 2 4 2 2 4 2 5 5 4 4 4 4 0 4 4 4]
                     [4 4 2 2 2 2 2 4 2 2 2 2 2 2 4 2 2 4 4 4 4 4 2 0 1 2 1 4 4 4 4 4 0 4 4]
                     [4 2 2 4 2 2 2 2 2 2 2 2 2 2 2 4 2 2 2 4 4 4 4 4 4 4 4 4 4 4 4 4 4 4 4]
                     [4 2 4 2 2 2 2 2 2 2 2 2 2 2 5 2 2 2 2 4 4 4 4 4 4 4 4 4 4 4 4 4 4 4 4]
                     [4 0 2 2 2 2 2 2 2 2 2 2 2 2 1 2 2 2 2 2 4 4 0 0 4 4 4 4 4 4 4 4 4 0 4]
                     [4 4 4 2 2 2 2 2 4 2 2 2 2 2 4 2 2 2 2 2 4 4 0 4 4 4 0 4 4 4 4 0 0 4 4]

                     [2 2 2 2 2 2 2 2 2 4 4 4 4 4 4 4 4 0 4 4 4 0 4 4 4 4 4 4 4 4 4 4 4 4 4]
                     [2 2 2 2 2 2 2 2 2 2 4 4 4 4 4 4 4 4 0 4 4 4 4 4 4 4 4 4 4 0 4 4 4 4 0]
                     [2 2 2 2 2 2 2 2 2 2 4 4 4 1 5 4 4 4 4 4 4 4 4 4 4 4 4 4 4 0 4 4 4 4 4]
                     [2 2 2 2 2 2 2 2 2 2 2 4 4 4 4 2 4 0 0 4 4 4 4 4 4 4 4 4 0 4 4 4 4 4 0]
                     [2 2 2 2 2 2 2 2 2 2 2 2 4 4 2 4 2 4 4 4 4 0 4 4 4 4 4 4 4 4 4 4 4 4 4]
                     [4 2 2 2 2 2 2 2 2 2 2 4 2 2 2 2 2 2 2 4 4 4 4 4 4 4 4 4 4 4 0 0 4 4 4]
                     [2 2 2 2 2 2 2 2 2 2 2 2 2 2 2 2 2 2 4 2 2 4 4 4 4 4 4 4 0 4 4 4 4 4 4]
                     [2 2 2 4 2 2 2 2 2 2 4 4 2 2 2 2 4 2 2 2 2 2 2 4 4 4 4 4 4 4 0 4 4 4 0]
                     [4 4 2 2 2 2 2 2 2 0 4 4 4 2 2 2 2 2 2 2 2 2 5 4 4 4 4 0 4 4 4 4 4 4 4]
                     [4 4 4 2 2 2 2 4 4 2 4 4 4 2 2 2 2 2 2 2 2 2 2 4 4 4 4 0 4 0 0 4 4 4 4]
                     [4 4 4 4 2 2 4 2 2 2 4 4 2 2 2 2 2 2 2 2 2 2 2 2 0 4 4 4 4 0 4 4 4 4 2]
                     [0 4 4 2 2 2 2 2 2 2 4 4 2 4 2 2 2 2 2 2 2 2 2 2 4 4 4 4 4 2 4 2 2 2 2]
                     [4 4 4 2 2 2 2 2 4 4 0 4 4 4 2 2 2 2 2 2 2 2 2 2 4 4 4 4 4 0 2 2 2 2 2]
                     [4 4 4 4 2 4 4 4 4 4 0 4 4 2 2 2 2 2 2 2 2 2 2 2 4 4 4 4 4 4 2 2 2 2 2]
                     [4 4 4 4 4 2 4 4 4 0 4 4 2 4 2 2 2 2 2 2 2 2 2 2 2 4 4 4 4 2 2 2 2 2 2]
                     [0 4 4 0 4 2 2 4 4 4 0 4 4 2 2 2 2 2 2 2 2 4 2 2 2 4 4 4 2 4 2 2 2 2 2]
                     [4 4 4 4 4 1 0 4 4 0 4 2 2 2 2 4 2 2 2 2 4 4 2 2 2 0 2 2 2 2 2 2 2 2 2]
                     [4 4 4 0 4 4 4 4 4 4 4 4 2 2 4 2 2 2 2 2 2 2 4 4 4 2 2 2 2 2 2 2 2 2 2]
                     [4 4 4 4 4 4 4 4 4 1 4 2 4 4 2 2 2 2 2 2 2 2 4 4 4 4 4 2 2 2 2 2 2 2 4]
                     [4 4 0 4 4 4 4 5 2 2 4 4 4 4 2 2 2 2 2 2 2 2 2 2 2 4 2 2 2 2 2 2 2 2 2]
                     [4 0 4 4 4 4 2 2 2 4 4 4 0 4 0 4 4 2 2 2 2 2 2 2 2 2 2 2 2 2 2 2 2 2 4]
                     [4 4 4 4 4 4 4 2 2 2 2 4 4 2 4 0 4 2 2 4 2 4 2 2 2 2 2 2 4 2 2 2 2 2 2]
                     [4 4 4 4 4 4 4 2 2 2 2 2 2 2 2 0 2 2 2 2 2 2 2 2 2 2 2 2 2 2 2 2 2 4 2]
                     [4 4 4 4 2 4 4 0 2 2 2 2 2 2 2 2 2 2 2 2 4 2 2 2 2 4 2 2 2 2 2 2 2 2 2]
                     [4 4 2 2 5 2 2 2 2 2 2 2 2 2 2 2 2 2 2 2 2 2 2 2 2 2 2 4 2 2 2 2 2 4 4]
                     [4 2 2 2 2 2 2 4 2 2 2 2 2 2 2 2 2 2 2 2 2 2 2 2 2 2 1 4 2 2 2 2 4 4 4]
                     [4 4 2 2 2 2 2 2 2 2 2 2 2 2 2 2 4 2 2 2 2 2 2 2 2 2 1 2 2 2 4 4 0 4 4]
                     [4 4 2 2 2 2 2 2 2 2 2 2 2 2 2 2 2 2 2 2 2 2 2 2 2 2 4 2 2 4 4 4 0 0 0]
                     [4 2 2 2 2 2 2 2 2 2 2 2 2 2 2 2 4 2 2 2 2 2 2 2 2 2 4 4 4 4 4 4 4 4 4]
                     [4 2 2 2 2 2 2 2 2 2 2 2 2 2 2 2 2 4 2 2 4 2 2 4 2 5 5 4 4 4 4 0 4 4 4]
                     [4 4 2 2 2 2 2 4 2 2 2 2 2 2 4 2 2 4 4 4 4 4 2 0 1 2 1 4 4 4 4 4 0 4 4]
                     [4 2 2 4 2 2 2 2 2 2 2 2 2 2 2 4 2 2 2 4 4 4 4 4 4 4 4 4 4 4 4 4 4 4 4]
                     [4 2 4 2 2 2 2 2 2 2 2 2 2 2 2 2 2 2 2 4 4 4 4 4 4 4 4 4 4 4 4 4 4 4 4]
                     [4 0 2 2 2 2 2 2 2 2 2 2 2 2 1 2 2 2 2 2 4 4 0 0 4 4 4 4 4 4 4 4 4 0 4]
                     [4 4 4 2 2 2 2 2 4 2 2 2 2 2 4 2 2 2 2 2 4 4 0 4 4 4 0 4 4 4 4 0 0 4 4]

                     [2 2 2 2 2 2 2 2 2 4 4 4 4 4 4 4 4 0 4 4 4 0 4 4 4 4 4 4 4 4 4 4 4 4 4]
                     [2 2 2 2 2 2 2 2 2 2 4 4 4 4 4 4 4 4 0 4 4 4 4 4 4 4 4 4 4 0 4 4 4 4 0]
                     [2 2 2 2 2 2 2 2 2 2 4 4 4 1 5 4 4 4 4 4 4 4 4 4 4 4 4 4 4 0 4 4 4 4 4]
                     [2 2 2 2 2 2 2 2 2 2 2 4 4 4 4 2 4 0 0 4 4 4 4 4 4 4 4 4 0 4 4 4 4 4 0]
                     [2 2 2 2 2 2 2 2 2 2 2 2 4 4 2 4 2 4 4 4 4 0 4 4 4 4 4 4 4 4 4 4 4 4 4]
                     [4 2 2 2 2 2 2 2 2 2 2 4 2 2 2 2 2 2 2 4 4 4 4 4 4 4 4 4 4 4 0 0 4 4 4]
                     [2 2 2 2 2 2 2 2 2 2 2 2 2 2 2 2 2 2 4 2 2 4 4 4 4 4 4 4 0 4 4 4 4 4 4]
                     [2 2 2 4 2 2 2 2 2 2 4 4 2 2 2 2 4 2 2 2 2 2 2 4 4 4 4 4 4 4 0 4 4 4 0]
                     [4 4 2 2 2 2 2 2 2 0 4 4 4 2 2 2 2 2 2 2 2 2 5 4 4 4 4 0 4 4 4 4 4 4 4]
                     [4 4 4 2 2 2 2 4 4 2 4 4 4 2 2 2 2 2 2 2 2 2 2 4 4 4 4 0 4 0 0 4 4 4 4]
                     [4 4 4 4 2 2 4 2 2 2 4 4 2 2 2 2 2 2 2 2 2 2 2 2 0 4 4 4 4 0 4 4 4 4 2]
                     [0 4 4 2 2 2 2 2 2 2 4 4 2 4 2 2 2 2 2 2 2 2 2 2 4 4 4 4 4 2 4 2 2 2 2]
                     [4 4 4 2 2 2 2 2 4 4 0 4 4 4 2 2 2 2 2 2 2 2 2 2 4 4 4 4 4 0 2 2 2 2 2]
                     [4 4 4 4 2 4 4 4 4 4 0 4 4 2 2 2 2 2 2 2 2 2 2 2 4 4 4 4 4 4 2 2 2 2 2]
                     [4 4 4 4 4 2 4 4 4 0 4 4 2 4 2 2 2 2 2 2 2 2 2 2 2 4 4 4 4 2 2 2 2 2 2]
                     [0 4 4 0 4 2 2 4 4 4 0 4 4 2 2 2 2 2 2 2 2 4 2 2 2 4 4 4 2 4 2 2 2 2 2]
                     [4 4 4 4 4 1 0 4 4 0 4 2 2 2 2 4 2 2 2 2 4 4 2 2 2 0 2 2 2 2 2 2 2 2 2]
                     [4 4 4 0 4 4 4 4 4 4 4 4 2 2 4 2 2 2 2 2 2 2 4 4 4 2 2 2 2 2 2 2 2 2 2]
                     [4 4 4 4 4 4 4 4 4 1 4 2 4 4 2 2 2 2 2 2 2 2 4 4 4 4 4 2 2 2 2 2 2 2 4]
                     [4 4 0 4 4 4 4 5 2 2 4 4 4 4 2 2 2 2 2 2 2 2 2 2 2 4 2 2 2 2 2 2 2 2 2]
                     [4 0 4 4 4 4 2 2 2 4 4 4 0 4 0 4 4 2 2 2 2 2 2 2 2 2 2 2 2 2 2 2 2 2 4]
                     [4 4 4 4 4 4 4 2 2 2 2 4 4 2 4 0 4 2 2 4 2 4 2 2 2 2 2 2 4 2 2 2 2 2 2]
                     [4 4 4 4 4 4 4 2 2 2 2 2 2 2 2 0 2 2 2 2 2 2 2 2 2 2 2 2 2 2 2 2 2 4 2]
                     [4 4 4 4 2 4 4 0 2 2 2 2 2 2 2 2 2 2 2 2 4 2 2 2 2 4 2 2 2 2 2 2 2 2 2]
                     [4 4 2 2 5 2 2 2 2 2 2 2 2 2 2 2 2 2 2 2 2 2 2 2 2 2 2 4 2 2 2 2 2 4 4]
                     [4 2 2 2 2 2 2 4 2 2 2 2 2 2 2 2 2 2 2 2 2 2 2 2 2 2 1 4 2 2 2 2 4 4 4]
                     [4 4 2 2 2 2 2 2 2 2 2 2 2 2 2 2 4 2 2 2 2 2 2 2 2 2 1 2 2 2 4 4 0 4 4]
                     [4 4 2 2 2 2 2 2 2 2 2 2 2 2 2 2 2 2 2 2 2 2 2 2 2 2 4 2 2 4 4 4 0 0 0]
                     [4 2 2 2 2 2 2 2 2 2 2 2 2 2 2 2 4 2 2 2 2 2 2 2 2 2 4 4 4 4 4 4 4 4 4]
                     [4 2 2 2 2 2 2 2 2 2 2 2 2 2 2 2 2 4 2 2 4 2 2 4 2 5 5 4 4 4 4 0 4 4 4]
                     [4 4 2 2 2 2 2 4 2 2 2 2 2 2 4 2 2 4 4 4 4 4 2 0 1 2 1 4 4 4 4 4 0 4 4]
                     [4 2 2 4 2 2 2 2 2 2 2 2 2 2 2 4 2 2 2 4 4 4 4 4 4 4 4 4 4 4 4 4 4 4 4]
                     [4 2 4 2 2 2 2 2 2 2 2 2 2 2 2 2 2 2 2 4 4 4 4 4 4 4 4 4 4 4 4 4 4 4 4]
                     [4 0 2 2 2 2 2 2 2 2 2 2 2 2 1 2 2 2 2 2 4 4 0 0 4 4 4 4 4 4 4 4 4 0 4]
                     [4 4 4 2 2 2 2 2 4 2 2 2 2 2 4 2 2 2 2 2 4 4 0 4 4 4 0 4 4 4 4 0 0 4 4]

                     [2 2 2 2 2 2 2 2 2 4 4 4 4 4 4 4 4 0 4 4 4 0 4 4 4 4 4 4 4 4 4 4 4 4 4]
                     [2 2 2 2 2 2 2 2 2 2 4 4 4 4 4 4 4 4 0 4 4 4 4 4 4 4 4 4 4 0 4 4 4 4 0]
                     [2 2 2 2 2 2 2 2 2 2 4 4 4 1 2 4 4 4 4 4 4 4 4 4 4 4 4 4 4 0 4 4 4 4 4]
                     [2 2 2 2 2 2 2 2 2 2 2 4 4 4 4 2 4 0 0 4 4 4 4 4 4 4 4 4 0 4 4 4 4 4 0]
                     [2 2 2 2 2 2 2 2 2 2 2 2 4 4 2 4 2 4 4 4 4 0 4 4 4 4 4 4 4 4 4 4 4 4 4]
                     [4 2 2 2 2 2 2 2 2 2 2 4 2 2 2 2 2 2 2 4 4 4 4 4 4 4 4 4 4 4 0 0 4 4 4]
                     [2 2 2 2 2 2 2 2 2 2 2 2 2 2 2 2 2 2 4 2 2 4 4 4 4 4 4 4 0 4 4 4 4 4 4]
                     [2 2 2 4 2 2 2 2 2 2 4 4 2 2 2 2 4 2 2 2 2 2 2 4 4 4 4 4 4 4 0 4 4 4 0]
                     [4 4 2 2 2 2 2 2 2 0 4 4 4 2 2 2 2 2 2 2 2 2 2 4 4 4 4 0 4 4 4 4 4 4 4]
                     [4 4 4 2 2 2 2 4 4 2 4 4 4 2 2 2 2 2 2 2 2 2 2 4 4 4 4 0 4 0 0 4 4 4 4]
                     [4 4 4 4 2 2 4 2 2 2 4 4 2 2 2 2 2 2 2 2 2 2 2 2 0 4 4 4 4 0 4 4 4 4 2]
                     [0 4 4 2 2 2 2 2 2 2 4 4 2 4 2 2 2 2 2 2 2 2 2 2 4 4 4 4 4 2 4 2 2 2 2]
                     [4 4 4 2 2 2 2 2 4 4 0 4 4 4 2 2 2 2 2 2 2 2 2 2 4 4 4 4 4 0 2 2 2 2 2]
                     [4 4 4 4 2 4 4 4 4 4 0 4 4 2 2 2 2 2 2 2 2 2 2 2 4 4 4 4 4 4 2 2 2 2 2]
                     [4 4 4 4 4 2 4 4 4 0 4 4 2 4 2 2 2 2 2 2 2 2 2 2 2 4 4 4 4 2 2 2 2 2 2]
                     [0 4 4 0 4 2 2 4 4 4 0 4 4 2 2 2 2 2 2 2 2 4 2 2 2 4 4 4 2 4 2 2 2 2 2]
                     [4 4 4 4 4 1 0 4 4 0 4 2 2 2 2 4 2 2 2 2 4 4 2 2 2 0 2 2 2 2 2 2 2 2 2]
                     [4 4 4 0 4 4 4 4 4 4 4 4 2 2 4 2 2 2 2 2 2 2 4 4 4 2 2 2 2 2 2 2 2 2 2]
                     [4 4 4 4 4 4 4 4 4 1 4 2 4 4 2 2 2 2 2 2 2 2 4 4 4 4 4 2 2 2 2 2 2 2 4]
                     [4 4 0 4 4 4 4 5 2 2 4 4 4 4 2 2 2 2 2 2 2 2 2 2 2 4 2 2 2 2 2 2 2 2 2]
                     [4 0 4 4 4 4 2 2 2 4 4 4 0 4 0 4 4 2 2 2 2 2 2 2 2 2 2 2 2 2 2 2 2 2 4]
                     [4 4 4 4 4 4 4 2 2 2 2 4 4 2 4 0 4 2 2 4 2 4 2 2 2 2 2 2 4 2 2 2 2 2 2]
                     [4 4 4 4 4 4 4 2 2 2 2 2 2 2 2 0 2 2 2 2 2 2 2 2 2 2 2 2 2 2 2 2 2 4 2]
                     [4 4 4 4 2 4 4 0 2 2 2 2 2 2 2 2 2 2 2 2 4 2 2 2 2 4 2 2 2 2 2 2 2 2 2]
                     [4 4 2 2 2 2 2 2 2 2 2 2 2 2 2 2 2 2 2 2 2 2 2 2 2 2 2 4 2 2 2 2 2 4 4]
                     [4 2 2 2 2 2 2 4 2 2 2 2 2 2 2 2 2 2 2 2 2 2 2 2 2 2 1 4 2 2 2 2 4 4 4]
                     [4 4 2 2 2 2 2 2 2 2 2 2 2 2 2 2 4 2 2 2 2 2 2 2 2 2 1 2 2 2 4 4 0 4 4]
                     [4 4 2 2 2 2 2 2 2 2 2 2 2 2 2 2 2 2 2 2 2 2 2 2 2 2 4 2 2 4 4 4 0 0 0]
                     [4 2 2 2 2 2 2 2 2 2 2 2 2 2 2 2 4 2 2 2 2 2 2 2 2 2 4 4 4 4 4 4 4 4 4]
                     [4 2 2 2 2 2 2 2 2 2 2 2 2 2 2 2 2 4 2 2 4 2 2 4 2 2 2 4 4 4 4 0 4 4 4]
                     [4 4 2 2 2 2 2 4 2 2 2 2 2 2 4 2 2 4 4 4 4 4 2 0 1 2 1 4 4 4 4 4 0 4 4]
                     [4 2 2 4 2 2 2 2 2 2 2 2 2 2 2 4 2 2 2 4 4 4 4 4 4 4 4 4 4 4 4 4 4 4 4]
                     [4 2 4 2 2 2 2 2 2 2 2 2 2 2 2 2 2 2 2 4 4 4 4 4 4 4 4 4 4 4 4 4 4 4 4]
                     [4 0 2 2 2 2 2 2 2 2 2 2 2 2 1 2 2 2 2 2 4 4 0 0 4 4 4 4 4 4 4 4 4 0 4]
                     [4 4 4 2 2 2 2 2 4 2 2 2 2 2 4 2 2 2 2 2 4 4 0 4 4 4 0 4 4 4 4 0 0 4 4]

                     [2 2 2 2 2 2 2 2 2 4 4 4 4 4 4 4 4 0 4 4 4 0 4 4 4 4 4 4 4 4 4 4 4 4 4]
                     [2 2 2 2 2 2 2 2 2 2 4 4 4 4 4 4 4 4 4 4 4 4 4 4 4 4 4 4 4 0 4 4 4 4 0]
                     [2 2 2 2 2 2 2 2 2 2 4 4 4 5 2 4 4 4 4 4 4 4 4 4 4 4 4 4 4 4 4 4 4 4 4]
                     [2 2 2 2 2 2 2 2 2 2 2 4 4 4 4 2 4 0 0 4 4 4 4 4 4 4 4 4 0 4 4 4 4 4 0]
                     [2 2 2 2 2 2 2 2 2 2 2 2 4 4 2 4 2 4 4 4 4 4 4 4 4 4 4 4 4 4 4 4 4 4 4]
                     [4 2 2 2 2 2 2 2 2 2 2 4 2 2 2 2 2 2 2 4 4 4 4 4 4 4 4 4 4 4 4 4 4 4 4]
                     [2 2 2 2 2 2 2 2 2 2 2 2 2 2 2 2 2 2 4 2 2 4 4 4 4 4 4 4 4 4 4 4 4 4 4]
                     [2 2 2 4 2 2 2 2 2 2 4 4 2 2 2 2 4 2 2 2 2 2 2 4 4 4 4 4 4 4 0 4 4 4 4]
                     [4 4 2 2 2 2 2 2 2 0 4 4 4 2 2 2 2 2 2 2 2 2 2 4 4 4 4 0 4 4 4 4 4 4 4]
                     [4 4 4 2 2 2 2 4 4 2 4 4 4 2 2 2 2 2 2 2 2 2 2 4 4 4 4 4 4 4 0 4 4 4 4]
                     [4 4 4 4 2 2 4 2 2 2 4 4 2 2 2 2 2 2 2 2 2 2 2 2 0 4 4 4 4 0 4 4 4 4 2]
                     [0 4 4 2 2 2 2 2 2 2 4 4 2 4 2 2 2 2 2 2 2 2 2 2 4 4 4 4 4 2 4 2 2 2 2]
                     [4 4 4 2 2 2 2 2 4 4 0 4 4 4 2 2 2 2 2 2 2 2 2 2 4 4 4 4 4 0 2 2 2 2 2]
                     [4 4 4 4 2 4 4 4 4 4 0 4 4 2 2 2 2 2 2 2 2 2 2 2 4 4 4 4 4 4 2 2 2 2 2]
                     [4 4 4 4 4 2 4 4 4 0 4 4 2 4 2 2 2 2 2 2 2 2 2 2 2 4 4 4 4 2 2 2 2 2 2]
                     [0 4 4 0 4 2 2 4 4 4 0 4 4 2 2 2 2 2 2 2 2 4 2 2 2 4 4 4 2 4 2 2 2 2 2]
                     [4 4 4 4 4 5 0 4 4 0 4 2 2 2 2 4 2 2 2 2 4 4 2 2 2 0 2 2 2 2 2 2 2 2 2]
                     [4 4 4 0 4 4 4 4 4 4 4 4 2 2 4 2 2 2 2 2 2 2 4 4 4 2 2 2 2 2 2 2 2 2 2]
                     [4 4 4 4 4 4 4 4 1 5 4 2 4 4 2 2 2 2 2 2 2 2 4 4 4 4 4 2 2 2 2 2 2 2 4]
                     [4 4 0 4 4 4 4 5 2 2 4 4 4 4 2 2 2 2 2 2 2 2 2 2 2 4 2 2 2 2 2 2 2 2 2]
                     [4 0 4 4 4 4 2 2 2 4 4 4 4 4 0 4 4 2 2 2 2 2 2 2 2 2 2 2 2 2 2 2 2 2 4]
                     [4 4 4 4 4 4 4 2 2 2 2 4 4 2 4 4 4 2 2 4 2 4 2 2 2 2 2 2 4 2 2 2 2 2 2]
                     [4 4 4 4 4 4 4 2 2 2 2 2 2 2 2 0 2 2 2 2 2 2 2 2 2 2 2 2 2 2 2 2 2 4 2]
                     [4 4 4 4 2 4 4 0 2 2 2 2 2 2 2 2 2 2 2 2 4 2 2 2 2 4 2 2 2 2 2 2 2 2 2]
                     [4 4 2 2 2 2 2 2 2 2 2 2 2 2 2 2 2 2 2 2 2 2 2 2 2 2 2 4 2 2 2 2 2 4 4]
                     [4 2 2 2 2 2 2 4 2 2 2 2 2 2 2 2 2 2 2 2 2 2 2 2 2 2 1 4 2 2 2 2 4 4 4]
                     [4 4 2 2 2 2 2 2 2 2 2 2 2 2 2 2 4 2 2 2 2 2 2 2 2 2 5 2 2 2 4 4 0 4 4]
                     [4 4 2 2 2 2 2 2 2 2 2 2 2 2 2 2 2 2 2 2 2 2 2 2 2 2 4 2 2 4 4 4 4 0 0]
                     [4 2 2 2 2 2 2 2 2 2 2 2 2 2 2 2 4 2 2 2 2 2 2 2 2 2 4 4 4 4 4 4 4 4 4]
                     [4 2 2 2 2 2 2 2 2 2 2 2 2 2 2 2 2 4 2 2 4 2 2 4 2 2 2 4 4 4 4 0 4 4 4]
                     [4 4 2 2 2 2 2 4 2 2 2 2 2 2 4 2 2 4 4 4 4 4 2 0 5 2 5 1 4 4 4 4 0 4 4]
                     [4 2 2 4 2 2 2 2 2 2 2 2 2 2 2 4 2 2 2 4 4 4 4 4 4 4 4 1 4 4 4 4 4 4 4]
                     [4 2 4 2 2 2 2 2 2 2 2 2 2 2 2 2 2 2 2 4 4 4 4 4 4 4 4 4 4 4 4 4 4 4 4]
                     [4 0 2 2 2 2 2 2 2 2 2 2 2 2 1 2 2 2 2 2 4 4 0 4 4 4 4 4 4 4 4 4 4 0 4]
                     [4 4 4 2 2 2 2 2 4 2 2 2 2 2 4 2 2 2 2 2 4 4 0 4 4 4 0 4 4 4 4 0 0 4 4]

                     [2 2 2 2 2 2 2 2 2 4 4 4 4 4 4 4 4 0 4 4 4 0 4 4 4 4 4 4 4 4 4 4 4 4 4]
                     [2 2 2 2 2 2 2 2 2 2 4 4 4 4 4 4 4 4 4 4 4 4 4 4 4 4 4 4 4 0 4 4 4 4 0]
                     [2 2 2 2 2 2 2 2 2 2 4 4 4 5 2 4 4 4 4 4 4 4 4 4 4 4 4 4 4 4 4 4 4 4 4]
                     [2 2 2 2 2 2 2 2 2 2 2 4 4 4 4 2 4 0 0 4 4 4 4 4 4 4 4 4 0 4 4 4 4 4 0]
                     [2 2 2 2 2 2 2 2 2 2 2 2 4 4 2 4 2 4 4 4 4 4 4 4 4 4 4 4 4 4 4 4 4 4 4]
                     [4 2 2 2 2 2 2 2 2 2 2 4 2 2 2 2 2 2 2 4 4 4 4 4 4 4 4 4 4 4 4 4 4 4 4]
                     [2 2 2 2 2 2 2 2 2 2 2 2 2 2 2 2 2 2 4 2 2 4 4 4 4 4 4 4 4 4 4 4 4 4 4]
                     [2 2 2 4 2 2 2 2 2 2 4 4 2 2 2 2 4 2 2 2 2 2 2 4 4 4 4 4 4 4 0 4 4 4 4]
                     [4 4 2 2 2 2 2 2 2 0 4 4 4 2 2 2 2 2 2 2 2 2 2 4 4 4 4 0 4 4 4 4 4 4 4]
                     [4 4 4 2 2 2 2 4 4 2 4 4 4 2 2 2 2 2 2 2 2 2 2 4 4 4 4 4 4 4 0 4 4 4 4]
                     [4 4 4 4 2 2 4 2 2 2 4 4 2 2 2 2 2 2 2 2 2 2 2 2 0 4 4 4 4 0 4 4 4 4 2]
                     [0 4 4 2 2 2 2 2 2 2 4 4 2 4 2 2 2 2 2 2 2 2 2 2 4 4 4 4 4 2 4 2 2 2 2]
                     [4 4 4 2 2 2 2 2 4 4 0 4 4 4 2 2 2 2 2 2 2 2 2 2 4 4 4 4 4 0 2 2 2 2 2]
                     [4 4 4 4 2 4 4 4 4 4 0 4 4 2 2 2 2 2 2 2 2 2 2 2 4 4 4 4 4 4 2 2 2 2 2]
                     [4 4 4 4 4 2 4 4 4 0 4 4 2 4 2 2 2 2 2 2 2 2 2 2 2 4 4 4 4 2 2 2 2 2 2]
                     [0 4 4 0 4 2 2 4 4 4 0 4 4 2 2 2 2 2 2 2 2 4 2 2 2 4 4 4 2 4 2 2 2 2 2]
                     [4 4 4 4 4 5 0 4 4 0 4 2 2 2 2 4 2 2 2 2 4 4 2 2 2 0 2 2 2 2 2 2 2 2 2]
                     [4 4 4 0 4 4 4 4 4 4 4 4 2 2 4 2 2 2 2 2 2 2 4 4 4 2 2 2 2 2 2 2 2 2 2]
                     [4 4 4 4 4 4 4 4 1 5 4 2 4 4 2 2 2 2 2 2 2 2 4 4 4 4 4 2 2 2 2 2 2 2 4]
                     [4 4 0 4 4 4 4 2 2 2 4 4 4 4 2 2 2 2 2 2 2 2 2 2 2 4 2 2 2 2 2 2 2 2 2]
                     [4 0 4 4 4 4 2 2 2 4 4 4 4 4 0 4 4 2 2 2 2 2 2 2 2 2 2 2 2 2 2 2 2 2 4]
                     [4 4 4 4 4 4 4 2 2 2 2 4 4 2 4 4 4 2 2 4 2 4 2 2 2 2 2 2 4 2 2 2 2 2 2]
                     [4 4 4 4 4 4 4 2 2 2 2 2 2 2 2 0 2 2 2 2 2 2 2 2 2 2 2 2 2 2 2 2 2 4 2]
                     [4 4 4 4 2 4 4 0 2 2 2 2 2 2 2 2 2 2 2 2 4 2 2 2 2 4 2 2 2 2 2 2 2 2 2]
                     [4 4 2 2 2 2 2 2 2 2 2 2 2 2 2 2 2 2 2 2 2 2 2 2 2 2 2 4 2 2 2 2 2 4 4]
                     [4 2 2 2 2 2 2 4 2 2 2 2 2 2 2 2 2 2 2 2 2 2 2 2 2 2 2 4 2 2 2 2 4 4 4]
                     [4 4 2 2 2 2 2 2 2 2 2 2 2 2 2 2 4 2 2 2 2 2 2 2 2 2 5 2 2 2 4 4 0 4 4]
                     [4 4 2 2 2 2 2 2 2 2 2 2 2 2 2 2 2 2 2 2 2 2 2 2 2 2 4 2 2 4 4 4 4 0 0]
                     [4 2 2 2 2 2 2 2 2 2 2 2 2 2 2 2 4 2 2 2 2 2 2 2 2 2 4 4 4 4 4 4 4 4 4]
                     [4 2 2 2 2 2 2 2 2 2 2 2 2 2 2 2 2 4 2 2 4 2 2 4 2 2 2 4 4 4 4 0 4 4 4]
                     [4 4 2 2 2 2 2 4 2 2 2 2 2 2 4 2 2 4 4 4 4 4 2 0 5 2 5 1 4 4 4 4 0 4 4]
                     [4 2 2 4 2 2 2 2 2 2 2 2 2 2 2 4 2 2 2 4 4 4 4 4 4 4 4 1 4 4 4 4 4 4 4]
                     [4 2 4 2 2 2 2 2 2 2 2 2 2 2 2 2 2 2 2 4 4 4 4 4 4 4 4 4 4 4 4 4 4 4 4]
                     [4 0 2 2 2 2 2 2 2 2 2 2 2 2 1 2 2 2 2 2 4 4 0 4 4 4 4 4 4 4 4 4 4 0 4]
                     [4 4 4 2 2 2 2 2 4 2 2 2 2 2 4 2 2 2 2 2 4 4 0 4 4 4 0 4 4 4 4 0 0 4 4]

                     [2 2 2 2 2 2 2 2 2 4 4 4 4 4 4 4 4 0 4 4 4 0 4 4 4 4 4 4 4 4 4 4 4 4 4]
                     [2 2 2 2 2 2 2 2 2 2 4 4 4 4 4 4 4 4 4 4 4 4 4 4 4 4 4 4 4 0 4 4 4 4 0]
                     [2 2 2 2 2 2 2 2 2 2 4 4 4 5 2 4 4 4 4 4 4 4 4 4 4 4 4 4 4 4 4 4 4 4 4]
                     [2 2 2 2 2 2 2 2 2 2 2 4 4 4 4 2 4 0 0 4 4 4 4 4 4 4 4 4 0 4 4 4 4 4 0]
                     [2 2 2 2 2 2 2 2 2 2 2 2 4 4 2 4 2 4 4 4 4 4 4 4 4 4 4 4 4 4 4 4 4 4 4]
                     [4 2 2 2 2 2 2 2 2 2 2 4 2 2 2 2 2 2 2 4 4 4 4 4 4 4 4 4 4 4 4 4 4 4 4]
                     [2 2 2 2 2 2 2 2 2 2 2 2 2 2 2 2 2 2 4 2 2 4 4 4 4 4 4 4 4 4 4 4 4 4 4]
                     [2 2 2 4 2 2 2 2 2 2 4 4 2 2 2 2 4 2 2 2 2 2 2 4 4 4 4 4 4 4 0 4 4 4 4]
                     [4 4 2 2 2 2 2 2 2 0 4 4 4 2 2 2 2 2 2 2 2 2 2 4 4 4 4 0 4 4 4 4 4 4 4]
                     [4 4 4 2 2 2 2 4 4 2 4 4 4 2 2 2 2 2 2 2 2 2 2 4 4 4 4 4 4 4 0 4 4 4 4]
                     [4 4 4 4 2 2 4 2 2 2 4 4 2 2 2 2 2 2 2 2 2 2 2 2 0 4 4 4 4 0 4 4 4 4 2]
                     [0 4 4 2 2 2 2 2 2 2 4 4 2 4 2 2 2 2 2 2 2 2 2 2 4 4 4 4 4 2 4 2 2 2 2]
                     [4 4 4 2 2 2 2 2 4 4 0 4 4 4 2 2 2 2 2 2 2 2 2 2 4 4 4 4 4 0 2 2 2 2 2]
                     [4 4 4 4 2 4 4 4 4 4 0 4 4 2 2 2 2 2 2 2 2 2 2 2 4 4 4 4 4 4 2 2 2 2 2]
                     [4 4 4 4 4 2 4 4 4 0 4 4 2 4 2 2 2 2 2 2 2 2 2 2 2 4 4 4 4 2 2 2 2 2 2]
                     [0 4 4 0 4 2 2 4 4 4 0 4 4 2 2 2 2 2 2 2 2 4 2 2 2 4 4 4 2 4 2 2 2 2 2]
                     [4 4 4 4 4 5 0 4 4 0 4 2 2 2 2 4 2 2 2 2 4 4 2 2 2 0 2 2 2 2 2 2 2 2 2]
                     [4 4 4 0 4 4 4 4 4 4 4 4 2 2 4 2 2 2 2 2 2 2 4 4 4 2 2 2 2 2 2 2 2 2 2]
                     [4 4 4 4 4 4 4 4 1 2 4 2 4 4 2 2 2 2 2 2 2 2 4 4 4 4 4 2 2 2 2 2 2 2 4]
                     [4 4 0 4 4 4 4 2 2 2 4 4 4 4 2 2 2 2 2 2 2 2 2 2 2 4 2 2 2 2 2 2 2 2 2]
                     [4 0 4 4 4 4 2 2 2 4 4 4 4 4 0 4 4 2 2 2 2 2 2 2 2 2 2 2 2 2 2 2 2 2 4]
                     [4 4 4 4 4 4 4 2 2 2 2 4 4 2 4 4 4 2 2 4 2 4 2 2 2 2 2 2 4 2 2 2 2 2 2]
                     [4 4 4 4 4 4 4 2 2 2 2 2 2 2 2 0 2 2 2 2 2 2 2 2 2 2 2 2 2 2 2 2 2 4 2]
                     [4 4 4 4 2 4 4 0 2 2 2 2 2 2 2 2 2 2 2 2 4 2 2 2 2 4 2 2 2 2 2 2 2 2 2]
                     [4 4 2 2 2 2 2 2 2 2 2 2 2 2 2 2 2 2 2 2 2 2 2 2 2 2 2 4 2 2 2 2 2 4 4]
                     [4 2 2 2 2 2 2 4 2 2 2 2 2 2 2 2 2 2 2 2 2 2 2 2 2 2 2 4 2 2 2 2 4 4 4]
                     [4 4 2 2 2 2 2 2 2 2 2 2 2 2 2 2 4 2 2 2 2 2 2 2 2 2 5 2 2 2 4 4 0 4 4]
                     [4 4 2 2 2 2 2 2 2 2 2 2 2 2 2 2 2 2 2 2 2 2 2 2 2 2 4 2 2 4 4 4 4 0 0]
                     [4 2 2 2 2 2 2 2 2 2 2 2 2 2 2 2 4 2 2 2 2 2 2 2 2 2 4 4 4 4 4 4 4 4 4]
                     [4 2 2 2 2 2 2 2 2 2 2 2 2 2 2 2 2 4 2 2 4 2 2 4 2 2 2 4 4 4 4 0 4 4 4]
                     [4 4 2 2 2 2 2 4 2 2 2 2 2 2 4 2 2 4 4 4 4 4 2 0 5 2 2 1 4 4 4 4 0 4 4]
                     [4 2 2 4 2 2 2 2 2 2 2 2 2 2 2 4 2 2 2 4 4 4 4 4 4 4 4 1 4 4 4 4 4 4 4]
                     [4 2 4 2 2 2 2 2 2 2 2 2 2 2 2 2 2 2 2 4 4 4 4 4 4 4 4 4 4 4 4 4 4 4 4]
                     [4 0 2 2 2 2 2 2 2 2 2 2 2 2 1 2 2 2 2 2 4 4 0 4 4 4 4 4 4 4 4 4 4 0 4]
                     [4 4 4 2 2 2 2 2 4 2 2 2 2 2 4 2 2 2 2 2 4 4 0 4 4 4 0 4 4 4 4 0 0 4 4]

                     [2 2 2 2 2 2 2 2 2 4 4 4 4 4 4 4 4 0 4 4 4 0 4 4 4 4 4 4 4 4 4 4 4 4 4]
                     [2 2 2 2 2 2 2 2 2 2 4 4 4 4 4 4 4 4 4 4 4 4 4 4 4 4 4 4 4 0 4 4 4 4 0]
                     [2 2 2 2 2 2 2 2 2 2 4 4 4 5 2 4 4 4 4 4 4 4 4 4 4 4 4 4 4 4 4 4 4 4 4]
                     [2 2 2 2 2 2 2 2 2 2 2 4 4 4 4 2 4 0 0 4 4 4 4 4 4 4 4 4 0 4 4 4 4 4 0]
                     [2 2 2 2 2 2 2 2 2 2 2 2 4 4 2 4 2 4 4 4 4 4 4 4 4 4 4 4 4 4 4 4 4 4 4]
                     [4 2 2 2 2 2 2 2 2 2 2 4 2 2 2 2 2 2 2 4 4 4 4 4 4 4 4 4 4 4 4 4 4 4 4]
                     [2 2 2 2 2 2 2 2 2 2 2 2 2 2 2 2 2 2 4 2 2 4 4 4 4 4 4 4 4 4 4 4 4 4 4]
                     [2 2 2 4 2 2 2 2 2 2 4 4 2 2 2 2 4 2 2 2 2 2 2 4 4 4 4 4 4 4 0 4 4 4 4]
                     [4 4 2 2 2 2 2 2 2 0 4 4 4 2 2 2 2 2 2 2 2 2 2 4 4 4 4 0 4 4 4 4 4 4 4]
                     [4 4 4 2 2 2 2 4 4 2 4 4 4 2 2 2 2 2 2 2 2 2 2 4 4 4 4 4 4 4 0 4 4 4 4]
                     [4 4 4 4 2 2 4 2 2 2 4 4 2 2 2 2 2 2 2 2 2 2 2 2 0 4 4 4 4 0 4 4 4 4 2]
                     [0 4 4 2 2 2 2 2 2 2 4 4 2 4 2 2 2 2 2 2 2 2 2 2 4 4 4 4 4 2 4 2 2 2 2]
                     [4 4 4 2 2 2 2 2 4 4 0 4 4 4 2 2 2 2 2 2 2 2 2 2 4 4 4 4 4 0 2 2 2 2 2]
                     [4 4 4 4 2 4 4 4 4 4 0 4 4 2 2 2 2 2 2 2 2 2 2 2 4 4 4 4 4 4 2 2 2 2 2]
                     [4 4 4 4 4 2 4 4 4 0 4 4 2 4 2 2 2 2 2 2 2 2 2 2 2 4 4 4 4 2 2 2 2 2 2]
                     [0 4 4 0 4 2 2 4 4 4 0 4 4 2 2 2 2 2 2 2 2 4 2 2 2 4 4 4 2 4 2 2 2 2 2]
                     [4 4 4 4 4 5 0 4 4 0 4 2 2 2 2 4 2 2 2 2 4 4 2 2 2 0 2 2 2 2 2 2 2 2 2]
                     [4 4 4 0 4 4 4 4 4 4 4 4 2 2 4 2 2 2 2 2 2 2 4 4 4 2 2 2 2 2 2 2 2 2 2]
                     [4 4 4 4 4 4 4 4 1 2 4 2 4 4 2 2 2 2 2 2 2 2 4 4 4 4 4 2 2 2 2 2 2 2 4]
                     [4 4 0 4 4 4 4 2 2 2 4 4 4 4 2 2 2 2 2 2 2 2 2 2 2 4 2 2 2 2 2 2 2 2 2]
                     [4 0 4 4 4 4 2 2 2 4 4 4 4 4 0 4 4 2 2 2 2 2 2 2 2 2 2 2 2 2 2 2 2 2 4]
                     [4 4 4 4 4 4 4 2 2 2 2 4 4 2 4 4 4 2 2 4 2 4 2 2 2 2 2 2 4 2 2 2 2 2 2]
                     [4 4 4 4 4 4 4 2 2 2 2 2 2 2 2 0 2 2 2 2 2 2 2 2 2 2 2 2 2 2 2 2 2 4 2]
                     [4 4 4 4 2 4 4 0 2 2 2 2 2 2 2 2 2 2 2 2 4 2 2 2 2 4 2 2 2 2 2 2 2 2 2]
                     [4 4 2 2 2 2 2 2 2 2 2 2 2 2 2 2 2 2 2 2 2 2 2 2 2 2 2 4 2 2 2 2 2 4 4]
                     [4 2 2 2 2 2 2 4 2 2 2 2 2 2 2 2 2 2 2 2 2 2 2 2 2 2 2 4 2 2 2 2 4 4 4]
                     [4 4 2 2 2 2 2 2 2 2 2 2 2 2 2 2 4 2 2 2 2 2 2 2 2 2 5 2 2 2 4 4 0 4 4]
                     [4 4 2 2 2 2 2 2 2 2 2 2 2 2 2 2 2 2 2 2 2 2 2 2 2 2 4 2 2 4 4 4 4 0 0]
                     [4 2 2 2 2 2 2 2 2 2 2 2 2 2 2 2 4 2 2 2 2 2 2 2 2 2 4 4 4 4 4 4 4 4 4]
                     [4 2 2 2 2 2 2 2 2 2 2 2 2 2 2 2 2 4 2 2 4 2 2 4 2 2 2 4 4 4 4 0 4 4 4]
                     [4 4 2 2 2 2 2 4 2 2 2 2 2 2 4 2 2 4 4 4 4 4 2 0 5 2 2 1 4 4 4 4 0 4 4]
                     [4 2 2 4 2 2 2 2 2 2 2 2 2 2 2 4 2 2 2 4 4 4 4 4 4 4 4 1 4 4 4 4 4 4 4]
                     [4 2 4 2 2 2 2 2 2 2 2 2 2 2 2 2 2 2 2 4 4 4 4 4 4 4 4 4 4 4 4 4 4 4 4]
                     [4 0 2 2 2 2 2 2 2 2 2 2 2 2 1 2 2 2 2 2 4 4 0 4 4 4 4 4 4 4 4 4 4 0 4]
                     [4 4 4 2 2 2 2 2 4 2 2 2 2 2 4 2 2 2 2 2 4 4 0 4 4 4 0 4 4 4 4 0 0 4 4]

                     [2 2 2 2 2 2 2 2 2 4 4 4 4 4 4 4 4 0 4 4 4 0 4 4 4 4 4 4 4 4 4 4 4 4 4]
                     [2 2 2 2 2 2 2 2 2 2 4 4 4 4 4 4 4 4 4 4 4 4 4 4 4 4 4 4 4 0 4 4 4 4 0]
                     [2 2 2 2 2 2 2 2 2 2 4 4 4 5 2 4 4 4 4 4 4 4 4 4 4 4 4 4 4 4 4 4 4 4 4]
                     [2 2 2 2 2 2 2 2 2 2 2 4 4 4 4 2 4 4 4 4 4 4 4 4 4 4 4 4 0 4 4 4 4 4 0]
                     [2 2 2 2 2 2 2 2 2 2 2 2 4 4 2 4 2 4 4 4 4 4 4 4 4 4 4 4 4 4 4 4 4 4 4]
                     [4 2 2 2 2 2 2 2 2 2 2 4 2 2 2 2 2 2 2 4 4 4 4 4 4 4 4 4 4 4 4 4 4 4 4]
                     [2 2 2 2 2 2 2 2 2 2 2 2 2 2 2 2 2 2 4 2 2 4 4 4 4 4 4 4 4 4 4 4 4 4 4]
                     [2 2 2 4 2 2 2 2 2 2 4 4 2 2 2 2 4 2 2 2 2 2 2 4 4 4 4 4 4 4 0 4 4 4 4]
                     [4 4 2 2 2 2 2 2 2 0 4 4 4 2 2 2 2 2 2 2 2 2 2 4 4 4 4 0 4 4 4 4 4 4 4]
                     [4 4 4 2 2 2 2 4 4 2 4 4 4 2 2 2 2 2 2 2 2 2 2 4 4 4 4 4 4 4 0 4 4 4 4]
                     [4 4 4 4 2 2 4 2 2 2 4 4 2 2 2 2 2 2 2 2 2 2 2 2 0 4 4 4 4 0 4 4 4 4 2]
                     [0 4 4 2 2 2 2 2 2 2 4 4 2 4 2 2 2 2 2 2 2 2 2 2 4 4 4 4 4 2 4 2 2 2 2]
                     [4 4 4 2 2 2 2 2 4 4 0 4 4 4 2 2 2 2 2 2 2 2 2 2 4 4 4 4 4 4 2 2 2 2 2]
                     [4 4 4 4 2 4 4 4 4 4 0 4 4 2 2 2 2 2 2 2 2 2 2 2 4 4 4 4 4 4 2 2 2 2 2]
                     [4 4 4 4 4 2 4 4 4 0 4 4 2 4 2 2 2 2 2 2 2 2 2 2 2 4 4 4 4 2 2 2 2 2 2]
                     [0 4 4 0 4 2 2 4 4 4 0 4 4 2 2 2 2 2 2 2 2 4 2 2 2 4 4 4 2 4 2 2 2 2 2]
                     [4 4 4 4 4 5 0 4 4 0 4 2 2 2 2 4 2 2 2 2 4 4 2 2 2 4 2 2 2 2 2 2 2 2 2]
                     [4 4 4 0 4 1 4 4 4 1 4 4 2 2 4 2 2 2 2 2 2 2 4 4 4 2 2 2 2 2 2 2 2 2 2]
                     [4 4 4 4 4 4 4 4 1 2 4 2 4 4 2 2 2 2 2 2 2 2 4 4 4 4 4 2 2 2 2 2 2 2 4]
                     [4 4 0 4 4 4 4 2 2 2 4 4 4 4 2 2 2 2 2 2 2 2 2 2 2 4 2 2 2 2 2 2 2 2 2]
                     [4 0 4 4 4 4 2 2 2 4 4 4 4 4 0 4 4 2 2 2 2 2 2 2 2 2 2 2 2 2 2 2 2 2 4]
                     [4 4 4 4 4 4 4 2 2 2 2 4 4 2 4 4 4 2 2 4 2 4 2 2 2 2 2 2 4 2 2 2 2 2 2]
                     [4 4 4 4 4 4 4 2 2 2 2 2 2 2 2 0 2 2 2 2 2 2 2 2 2 2 2 2 2 2 2 2 2 4 2]
                     [4 4 4 4 2 4 4 0 2 2 2 2 2 2 2 2 2 2 2 2 4 2 2 2 2 4 2 2 2 2 2 2 2 2 2]
                     [4 4 2 2 2 2 2 2 2 2 2 2 2 2 2 2 2 2 2 2 2 2 2 2 2 2 2 4 2 2 2 2 2 4 4]
                     [4 2 2 2 2 2 2 4 2 2 2 2 2 2 2 2 2 2 2 2 2 2 2 2 2 2 2 4 2 2 2 2 4 4 4]
                     [4 4 2 2 2 2 2 2 2 2 2 2 2 2 2 2 4 2 2 2 2 2 2 2 2 2 5 2 2 2 4 4 0 4 4]
                     [4 4 2 2 2 2 2 2 2 2 2 2 2 2 2 2 2 2 2 2 2 2 2 2 2 2 1 2 2 4 4 4 4 0 0]
                     [4 2 2 2 2 2 2 2 2 2 2 2 2 2 2 2 4 2 2 2 2 2 2 2 2 2 4 4 4 4 4 4 4 4 4]
                     [4 2 2 2 2 2 2 2 2 2 2 2 2 2 2 2 2 4 2 2 4 2 2 4 2 2 2 4 4 4 4 0 4 4 4]
                     [4 4 2 2 2 2 2 4 2 2 2 2 2 2 4 2 2 4 4 4 4 4 2 0 5 2 2 5 4 4 4 4 0 4 4]
                     [4 2 2 4 2 2 2 2 2 2 2 2 2 2 2 4 2 2 2 4 4 4 4 4 4 1 4 2 4 4 4 4 4 4 4]
                     [4 2 4 2 2 2 2 2 2 2 2 2 2 2 2 2 2 2 2 4 4 4 4 4 4 4 4 4 4 4 4 4 4 4 4]
                     [4 0 2 2 2 2 2 2 2 2 2 2 2 2 2 2 2 2 2 2 4 4 0 4 4 4 4 4 4 4 4 4 4 4 4]
                     [4 4 4 2 2 2 2 2 4 2 2 2 2 2 1 2 2 2 2 2 4 4 0 4 4 4 0 4 4 4 4 0 0 4 4]

                     [2 2 2 2 2 2 2 2 2 4 4 4 4 4 4 4 4 0 4 4 4 0 4 4 4 4 4 4 4 4 4 4 4 4 4]
                     [2 2 2 2 2 2 2 2 2 2 4 4 4 4 4 4 4 4 4 4 4 4 4 4 4 4 4 4 4 0 4 4 4 4 0]
                     [2 2 2 2 2 2 2 2 2 2 4 4 4 5 2 4 4 4 4 4 4 4 4 4 4 4 4 4 4 4 4 4 4 4 4]
                     [2 2 2 2 2 2 2 2 2 2 2 4 4 4 4 2 4 4 4 4 4 4 4 4 4 4 4 4 0 4 4 4 4 4 0]
                     [2 2 2 2 2 2 2 2 2 2 2 2 4 4 2 4 2 4 4 4 4 4 4 4 4 4 4 4 4 4 4 4 4 4 4]
                     [4 2 2 2 2 2 2 2 2 2 2 4 2 2 2 2 2 2 2 4 4 4 4 4 4 4 4 4 4 4 4 4 4 4 4]
                     [2 2 2 2 2 2 2 2 2 2 2 2 2 2 2 2 2 2 4 2 2 4 4 4 4 4 4 4 4 4 4 4 4 4 4]
                     [2 2 2 4 2 2 2 2 2 2 4 4 2 2 2 2 4 2 2 2 2 2 2 4 4 4 4 4 4 4 0 4 4 4 4]
                     [4 4 2 2 2 2 2 2 2 0 4 4 4 2 2 2 2 2 2 2 2 2 2 4 4 4 4 0 4 4 4 4 4 4 4]
                     [4 4 4 2 2 2 2 4 4 2 4 4 4 2 2 2 2 2 2 2 2 2 2 4 4 4 4 4 4 4 0 4 4 4 4]
                     [4 4 4 4 2 2 4 2 2 2 4 4 2 2 2 2 2 2 2 2 2 2 2 2 0 4 4 4 4 0 4 4 4 4 2]
                     [0 4 4 2 2 2 2 2 2 2 4 4 2 4 2 2 2 2 2 2 2 2 2 2 4 4 4 4 4 2 4 2 2 2 2]
                     [4 4 4 2 2 2 2 2 4 4 0 4 4 4 2 2 2 2 2 2 2 2 2 2 4 4 4 4 4 4 2 2 2 2 2]
                     [4 4 4 4 2 4 4 4 4 4 0 4 4 2 2 2 2 2 2 2 2 2 2 2 4 4 4 4 4 4 2 2 2 2 2]
                     [4 4 4 4 4 2 4 4 4 0 4 4 2 4 2 2 2 2 2 2 2 2 2 2 2 4 4 4 4 2 2 2 2 2 2]
                     [0 4 4 0 4 2 2 4 4 4 0 4 4 2 2 2 2 2 2 2 2 4 2 2 2 4 4 4 2 4 2 2 2 2 2]
                     [4 4 4 4 4 5 0 4 4 0 4 2 2 2 2 4 2 2 2 2 4 4 2 2 2 4 2 2 2 2 2 2 2 2 2]
                     [4 4 4 0 4 1 4 4 4 1 4 4 2 2 4 2 2 2 2 2 2 2 4 4 4 2 2 2 2 2 2 2 2 2 2]
                     [4 4 4 4 4 4 4 4 1 2 4 2 4 4 2 2 2 2 2 2 2 2 4 4 4 4 4 2 2 2 2 2 2 2 4]
                     [4 4 0 4 4 4 4 2 2 2 4 4 4 4 2 2 2 2 2 2 2 2 2 2 2 4 2 2 2 2 2 2 2 2 2]
                     [4 0 4 4 4 4 2 2 2 4 4 4 4 4 0 4 4 2 2 2 2 2 2 2 2 2 2 2 2 2 2 2 2 2 4]
                     [4 4 4 4 4 4 4 2 2 2 2 4 4 2 4 4 4 2 2 4 2 4 2 2 2 2 2 2 4 2 2 2 2 2 2]
                     [4 4 4 4 4 4 4 2 2 2 2 2 2 2 2 0 2 2 2 2 2 2 2 2 2 2 2 2 2 2 2 2 2 4 2]
                     [4 4 4 4 2 4 4 0 2 2 2 2 2 2 2 2 2 2 2 2 4 2 2 2 2 4 2 2 2 2 2 2 2 2 2]
                     [4 4 2 2 2 2 2 2 2 2 2 2 2 2 2 2 2 2 2 2 2 2 2 2 2 2 2 4 2 2 2 2 2 4 4]
                     [4 2 2 2 2 2 2 4 2 2 2 2 2 2 2 2 2 2 2 2 2 2 2 2 2 2 2 4 2 2 2 2 4 4 4]
                     [4 4 2 2 2 2 2 2 2 2 2 2 2 2 2 2 4 2 2 2 2 2 2 2 2 2 5 2 2 2 4 4 0 4 4]
                     [4 4 2 2 2 2 2 2 2 2 2 2 2 2 2 2 2 2 2 2 2 2 2 2 2 2 1 2 2 4 4 4 4 0 0]
                     [4 2 2 2 2 2 2 2 2 2 2 2 2 2 2 2 4 2 2 2 2 2 2 2 2 2 4 4 4 4 4 4 4 4 4]
                     [4 2 2 2 2 2 2 2 2 2 2 2 2 2 2 2 2 4 2 2 4 2 2 4 2 2 2 4 4 4 4 0 4 4 4]
                     [4 4 2 2 2 2 2 4 2 2 2 2 2 2 4 2 2 4 4 4 4 4 2 0 2 2 2 5 4 4 4 4 0 4 4]
                     [4 2 2 4 2 2 2 2 2 2 2 2 2 2 2 4 2 2 2 4 4 4 4 4 4 1 4 2 4 4 4 4 4 4 4]
                     [4 2 4 2 2 2 2 2 2 2 2 2 2 2 2 2 2 2 2 4 4 4 4 4 4 4 4 4 4 4 4 4 4 4 4]
                     [4 0 2 2 2 2 2 2 2 2 2 2 2 2 2 2 2 2 2 2 4 4 0 4 4 4 4 4 4 4 4 4 4 4 4]
                     [4 4 4 2 2 2 2 2 4 2 2 2 2 2 1 2 2 2 2 2 4 4 0 4 4 4 0 4 4 4 4 0 0 4 4]

                     [2 2 2 2 2 2 2 2 2 4 4 4 4 4 4 4 4 0 4 4 4 0 4 4 4 4 4 4 4 4 4 4 4 4 4]
                     [2 2 2 2 2 2 2 2 2 2 4 4 4 4 4 4 4 4 4 4 4 4 4 4 4 4 4 4 4 0 4 4 4 4 0]
                     [2 2 2 2 2 2 2 2 2 2 4 4 4 2 2 4 4 4 4 4 4 4 4 4 4 4 4 4 4 4 4 4 4 4 4]
                     [2 2 2 2 2 2 2 2 2 2 2 4 4 4 4 2 4 4 4 4 4 4 4 4 4 4 4 4 0 4 4 4 4 4 0]
                     [2 2 2 2 2 2 2 2 2 2 2 2 4 4 2 4 2 4 4 4 4 4 4 4 4 4 4 4 4 4 4 4 4 4 4]
                     [4 2 2 2 2 2 2 2 2 2 2 4 2 2 2 2 2 2 2 4 4 4 4 4 4 4 4 4 4 4 4 4 4 4 4]
                     [2 2 2 2 2 2 2 2 2 2 2 2 2 2 2 2 2 2 4 2 2 4 4 4 4 4 4 4 4 4 4 4 4 4 4]
                     [2 2 2 4 2 2 2 2 2 2 4 4 2 2 2 2 4 2 2 2 2 2 2 4 4 4 4 4 4 4 0 4 4 4 4]
                     [4 4 2 2 2 2 2 2 2 0 4 4 4 2 2 2 2 2 2 2 2 2 2 4 4 4 4 0 4 4 4 4 4 4 4]
                     [4 4 4 2 2 2 2 4 4 2 4 4 4 2 2 2 2 2 2 2 2 2 2 4 4 4 4 4 4 4 0 4 4 4 4]
                     [4 4 4 4 2 2 4 2 2 2 4 4 2 2 2 2 2 2 2 2 2 2 2 2 0 4 4 4 4 0 4 4 4 4 2]
                     [0 4 4 2 2 2 2 2 2 2 4 4 2 4 2 2 2 2 2 2 2 2 2 2 4 4 4 4 4 2 4 2 2 2 2]
                     [4 4 4 2 2 2 2 2 4 4 0 4 4 4 2 2 2 2 2 2 2 2 2 2 4 4 4 4 4 4 2 2 2 2 2]
                     [4 4 4 4 2 4 4 4 4 4 0 4 4 2 2 2 2 2 2 2 2 2 2 2 4 4 4 4 4 4 2 2 2 2 2]
                     [4 4 4 4 4 2 4 4 4 0 4 4 2 4 2 2 2 2 2 2 2 2 2 2 2 4 4 4 4 2 2 2 2 2 2]
                     [0 4 4 0 4 2 2 4 4 4 0 4 4 2 2 2 2 2 2 2 2 4 2 2 2 4 4 4 2 4 2 2 2 2 2]
                     [4 4 4 4 4 5 0 4 4 0 4 2 2 2 2 4 2 2 2 2 4 4 2 2 2 4 2 2 2 2 2 2 2 2 2]
                     [4 4 4 0 4 1 4 4 4 1 4 4 2 2 4 2 2 2 2 2 2 2 4 4 4 2 2 2 2 2 2 2 2 2 2]
                     [4 4 4 4 4 4 4 4 1 2 4 2 4 4 2 2 2 2 2 2 2 2 4 4 4 4 4 2 2 2 2 2 2 2 4]
                     [4 4 0 4 4 4 4 2 2 2 4 4 4 4 2 2 2 2 2 2 2 2 2 2 2 4 2 2 2 2 2 2 2 2 2]
                     [4 0 4 4 4 4 2 2 2 4 4 4 4 4 0 4 4 2 2 2 2 2 2 2 2 2 2 2 2 2 2 2 2 2 4]
                     [4 4 4 4 4 4 4 2 2 2 2 4 4 2 4 4 4 2 2 4 2 4 2 2 2 2 2 2 4 2 2 2 2 2 2]
                     [4 4 4 4 4 4 4 2 2 2 2 2 2 2 2 0 2 2 2 2 2 2 2 2 2 2 2 2 2 2 2 2 2 4 2]
                     [4 4 4 4 2 4 4 0 2 2 2 2 2 2 2 2 2 2 2 2 4 2 2 2 2 4 2 2 2 2 2 2 2 2 2]
                     [4 4 2 2 2 2 2 2 2 2 2 2 2 2 2 2 2 2 2 2 2 2 2 2 2 2 2 4 2 2 2 2 2 4 4]
                     [4 2 2 2 2 2 2 4 2 2 2 2 2 2 2 2 2 2 2 2 2 2 2 2 2 2 2 4 2 2 2 2 4 4 4]
                     [4 4 2 2 2 2 2 2 2 2 2 2 2 2 2 2 4 2 2 2 2 2 2 2 2 2 5 2 2 2 4 4 0 4 4]
                     [4 4 2 2 2 2 2 2 2 2 2 2 2 2 2 2 2 2 2 2 2 2 2 2 2 2 1 2 2 4 4 4 4 0 0]
                     [4 2 2 2 2 2 2 2 2 2 2 2 2 2 2 2 4 2 2 2 2 2 2 2 2 2 4 4 4 4 4 4 4 4 4]
                     [4 2 2 2 2 2 2 2 2 2 2 2 2 2 2 2 2 4 2 2 4 2 2 4 2 2 2 4 4 4 4 0 4 4 4]
                     [4 4 2 2 2 2 2 4 2 2 2 2 2 2 4 2 2 4 4 4 4 4 2 0 2 2 2 5 4 4 4 4 0 4 4]
                     [4 2 2 4 2 2 2 2 2 2 2 2 2 2 2 4 2 2 2 4 4 4 4 4 4 1 4 2 4 4 4 4 4 4 4]
                     [4 2 4 2 2 2 2 2 2 2 2 2 2 2 2 2 2 2 2 4 4 4 4 4 4 4 4 4 4 4 4 4 4 4 4]
                     [4 0 2 2 2 2 2 2 2 2 2 2 2 2 2 2 2 2 2 2 4 4 0 4 4 4 4 4 4 4 4 4 4 4 4]
                     [4 4 4 2 2 2 2 2 4 2 2 2 2 2 1 2 2 2 2 2 4 4 0 4 4 4 0 4 4 4 4 0 0 4 4]

                     [2 2 2 2 2 2 2 2 2 4 4 4 4 4 4 4 4 0 4 4 4 0 4 4 4 4 4 4 4 4 4 4 4 4 4]
                     [2 2 2 2 2 2 2 2 2 2 4 4 4 4 4 4 4 4 4 4 4 4 4 4 4 4 4 4 4 0 4 4 4 4 0]
                     [2 2 2 2 2 2 2 2 2 2 4 4 4 2 2 4 4 4 4 4 4 4 4 4 4 4 4 4 4 4 4 4 4 4 4]
                     [2 2 2 2 2 2 2 2 2 2 2 4 4 4 4 2 4 4 4 4 4 4 4 4 4 4 4 4 0 4 4 4 4 4 0]
                     [2 2 2 2 2 2 2 2 2 2 2 2 4 4 2 4 2 4 4 4 4 4 4 4 4 4 4 4 4 4 4 4 4 4 4]
                     [4 2 2 2 2 2 2 2 2 2 2 4 2 2 2 2 2 2 2 4 4 4 4 4 4 4 4 4 4 4 4 4 4 4 4]
                     [2 2 2 2 2 2 2 2 2 2 2 2 2 2 2 2 2 2 4 2 2 4 4 4 4 4 4 4 4 4 4 4 4 4 4]
                     [2 2 2 4 2 2 2 2 2 2 4 4 2 2 2 2 4 2 2 2 2 2 2 4 4 4 4 4 4 4 0 4 4 4 4]
                     [4 4 2 2 2 2 2 2 2 0 4 4 4 2 2 2 2 2 2 2 2 2 2 4 4 4 4 0 4 4 4 4 4 4 4]
                     [4 4 4 2 2 2 2 4 4 2 4 4 4 2 2 2 2 2 2 2 2 2 2 4 4 4 4 4 4 4 0 4 4 4 4]
                     [4 4 4 4 2 2 4 2 2 2 4 4 2 2 2 2 2 2 2 2 2 2 2 2 0 4 4 4 4 0 4 4 4 4 2]
                     [0 4 4 2 2 2 2 2 2 2 4 4 2 4 2 2 2 2 2 2 2 2 2 2 4 4 4 4 4 2 4 2 2 2 2]
                     [4 4 4 2 2 2 2 2 4 4 0 4 4 4 2 2 2 2 2 2 2 2 2 2 4 4 4 4 4 4 2 2 2 2 2]
                     [4 4 4 4 2 4 4 4 4 4 0 4 4 2 2 2 2 2 2 2 2 2 2 2 4 4 4 4 4 4 2 2 2 2 2]
                     [4 4 4 4 4 2 4 4 4 0 4 4 2 4 2 2 2 2 2 2 2 2 2 2 2 4 4 4 4 2 2 2 2 2 2]
                     [0 4 4 0 4 2 2 4 4 4 0 4 4 2 2 2 2 2 2 2 2 4 2 2 2 4 4 4 2 4 2 2 2 2 2]
                     [4 4 4 4 4 5 0 4 4 0 4 2 2 2 2 4 2 2 2 2 4 4 2 2 2 4 2 2 2 2 2 2 2 2 2]
                     [4 4 4 0 4 1 4 4 4 1 4 4 2 2 4 2 2 2 2 2 2 2 4 4 4 2 2 2 2 2 2 2 2 2 2]
                     [4 4 4 4 4 4 4 4 1 2 4 2 4 4 2 2 2 2 2 2 2 2 4 4 4 4 4 2 2 2 2 2 2 2 4]
                     [4 4 0 4 4 4 4 2 2 2 4 4 4 4 2 2 2 2 2 2 2 2 2 2 2 4 2 2 2 2 2 2 2 2 2]
                     [4 0 4 4 4 4 2 2 2 4 4 4 4 4 0 4 4 2 2 2 2 2 2 2 2 2 2 2 2 2 2 2 2 2 4]
                     [4 4 4 4 4 4 4 2 2 2 2 4 4 2 4 4 4 2 2 4 2 4 2 2 2 2 2 2 4 2 2 2 2 2 2]
                     [4 4 4 4 4 4 4 2 2 2 2 2 2 2 2 0 2 2 2 2 2 2 2 2 2 2 2 2 2 2 2 2 2 4 2]
                     [4 4 4 4 2 4 4 0 2 2 2 2 2 2 2 2 2 2 2 2 4 2 2 2 2 4 2 2 2 2 2 2 2 2 2]
                     [4 4 2 2 2 2 2 2 2 2 2 2 2 2 2 2 2 2 2 2 2 2 2 2 2 2 2 4 2 2 2 2 2 4 4]
                     [4 2 2 2 2 2 2 4 2 2 2 2 2 2 2 2 2 2 2 2 2 2 2 2 2 2 2 4 2 2 2 2 4 4 4]
                     [4 4 2 2 2 2 2 2 2 2 2 2 2 2 2 2 4 2 2 2 2 2 2 2 2 2 5 2 2 2 4 4 0 4 4]
                     [4 4 2 2 2 2 2 2 2 2 2 2 2 2 2 2 2 2 2 2 2 2 2 2 2 2 1 2 2 4 4 4 4 0 0]
                     [4 2 2 2 2 2 2 2 2 2 2 2 2 2 2 2 4 2 2 2 2 2 2 2 2 2 4 4 4 4 4 4 4 4 4]
                     [4 2 2 2 2 2 2 2 2 2 2 2 2 2 2 2 2 4 2 2 4 2 2 4 2 2 2 4 4 4 4 0 4 4 4]
                     [4 4 2 2 2 2 2 4 2 2 2 2 2 2 4 2 2 4 4 4 4 4 2 0 2 2 2 5 4 4 4 4 0 4 4]
                     [4 2 2 4 2 2 2 2 2 2 2 2 2 2 2 4 2 2 2 4 4 4 4 4 4 1 4 2 4 4 4 4 4 4 4]
                     [4 2 4 2 2 2 2 2 2 2 2 2 2 2 2 2 2 2 2 4 4 4 4 4 4 4 4 4 4 4 4 4 4 4 4]
                     [4 0 2 2 2 2 2 2 2 2 2 2 2 2 2 2 2 2 2 2 4 4 0 4 4 4 4 4 4 4 4 4 4 4 4]
                     [4 4 4 2 2 2 2 2 4 2 2 2 2 2 1 2 2 2 2 2 4 4 0 4 4 4 0 4 4 4 4 0 0 4 4]

                     [2 2 2 2 2 2 2 2 2 4 4 4 4 4 4 4 4 0 4 4 4 0 4 4 4 4 4 4 4 4 4 4 4 4 4]
                     [2 2 2 2 2 2 2 2 2 2 4 4 4 4 4 4 4 4 4 4 4 4 4 4 4 4 4 4 4 0 4 4 4 4 0]
                     [2 2 2 2 2 2 2 2 2 2 4 4 4 2 2 4 4 4 4 4 4 4 4 4 4 4 4 4 4 4 4 4 4 4 4]
                     [2 2 2 2 2 2 2 2 2 2 2 4 4 4 4 2 4 4 4 4 4 4 4 4 4 4 4 4 0 4 4 4 4 4 4]
                     [2 2 2 2 2 2 2 2 2 2 2 2 4 4 2 4 2 4 4 4 4 4 4 4 4 4 4 4 4 4 4 4 4 4 4]
                     [4 2 2 2 2 2 2 2 2 2 2 4 2 2 2 2 2 2 2 4 4 4 4 4 4 4 4 4 4 4 4 4 4 4 4]
                     [2 2 2 2 2 2 2 2 2 2 2 2 2 2 2 2 2 2 4 2 2 4 4 4 4 4 4 4 4 4 4 4 4 4 4]
                     [2 2 2 4 2 2 2 2 2 2 4 4 2 2 2 2 4 2 2 2 2 2 2 4 4 4 4 4 4 4 4 4 4 4 4]
                     [4 4 2 2 2 2 2 2 2 0 4 4 4 2 2 2 2 2 2 2 2 2 2 4 4 4 4 0 4 4 4 4 4 4 4]
                     [4 4 4 2 2 2 2 4 4 2 4 4 4 2 2 2 2 2 2 2 2 2 2 4 4 4 4 4 4 4 0 4 4 4 4]
                     [4 4 4 4 2 2 4 2 2 2 4 4 2 2 2 2 2 2 2 2 2 2 2 2 0 4 4 4 4 0 4 4 4 4 2]
                     [0 4 4 2 2 2 2 2 2 2 4 4 2 4 2 2 2 2 2 2 2 2 2 2 4 4 4 4 4 2 4 2 2 2 2]
                     [4 4 4 2 2 2 2 2 4 4 0 4 4 4 2 2 2 2 2 2 2 2 2 2 4 4 4 4 4 4 2 2 2 2 2]
                     [4 4 4 4 2 4 4 4 4 4 0 4 4 2 2 2 2 2 2 2 2 2 2 2 4 4 4 4 4 4 2 2 2 2 2]
                     [4 4 4 4 4 2 4 4 4 0 4 4 2 4 2 2 2 2 2 2 2 2 2 2 2 4 4 4 4 2 2 2 2 2 2]
                     [0 4 4 0 4 2 2 4 4 4 0 4 4 2 2 2 2 2 2 2 2 4 2 2 2 4 4 4 2 4 2 2 2 2 2]
                     [4 4 4 4 1 5 0 4 4 1 4 2 2 2 2 4 2 2 2 2 4 4 2 2 2 4 2 2 2 2 2 2 2 2 2]
                     [4 4 4 0 4 5 1 4 4 5 4 4 2 2 4 2 2 2 2 2 2 2 4 4 4 2 2 2 2 2 2 2 2 2 2]
                     [4 4 4 4 4 4 4 1 5 2 4 2 4 4 2 2 2 2 2 2 2 2 4 4 4 4 4 2 2 2 2 2 2 2 4]
                     [4 4 0 4 4 4 4 2 2 2 4 4 4 4 2 2 2 2 2 2 2 2 2 2 2 4 2 2 2 2 2 2 2 2 2]
                     [4 0 4 4 4 4 2 2 2 4 4 4 4 4 0 4 4 2 2 2 2 2 2 2 2 2 2 2 2 2 2 2 2 2 4]
                     [4 4 4 4 4 4 4 2 2 2 2 4 4 2 4 4 4 2 2 4 2 4 2 2 2 2 2 2 4 2 2 2 2 2 2]
                     [4 4 4 4 4 4 4 2 2 2 2 2 2 2 2 0 2 2 2 2 2 2 2 2 2 2 2 2 2 2 2 2 2 4 2]
                     [4 4 4 4 2 4 4 0 2 2 2 2 2 2 2 2 2 2 2 2 4 2 2 2 2 4 2 2 2 2 2 2 2 2 2]
                     [4 4 2 2 2 2 2 2 2 2 2 2 2 2 2 2 2 2 2 2 2 2 2 2 2 2 2 4 2 2 2 2 2 4 4]
                     [4 2 2 2 2 2 2 4 2 2 2 2 2 2 2 2 2 2 2 2 2 2 2 2 2 2 2 4 2 2 2 2 4 4 4]
                     [4 4 2 2 2 2 2 2 2 2 2 2 2 2 2 2 4 2 2 2 2 2 2 2 2 2 2 2 2 2 4 4 0 4 4]
                     [4 4 2 2 2 2 2 2 2 2 2 2 2 2 2 2 2 2 2 2 2 2 2 2 2 2 5 2 2 4 4 4 4 0 0]
                     [4 2 2 2 2 2 2 2 2 2 2 2 2 2 2 2 4 2 2 2 2 2 2 2 2 2 4 4 4 4 4 4 4 4 4]
                     [4 2 2 2 2 2 2 2 2 2 2 2 2 2 2 2 2 4 2 2 4 2 2 4 2 2 2 4 4 4 4 0 4 4 4]
                     [4 4 2 2 2 2 2 4 2 2 2 2 2 2 4 2 2 4 4 4 4 4 2 0 2 2 2 5 4 4 4 4 4 4 4]
                     [4 2 2 4 2 2 2 2 2 2 2 2 2 2 2 4 2 2 2 4 4 4 4 4 4 5 4 2 4 4 4 4 4 4 4]
                     [4 2 4 2 2 2 2 2 2 2 2 2 2 2 2 2 2 2 2 4 4 4 4 4 4 1 4 4 4 4 4 4 4 4 4]
                     [4 0 2 2 2 2 2 2 2 2 2 2 2 2 2 2 2 2 2 2 4 4 4 4 4 4 4 4 4 4 4 4 4 4 4]
                     [4 4 4 2 2 2 2 2 4 2 2 2 2 2 1 2 2 2 2 2 4 4 0 4 4 4 0 4 4 4 4 4 0 4 4]

                     [2 2 2 2 2 2 2 2 2 4 4 4 4 4 4 4 4 0 4 4 4 0 4 4 4 4 4 4 4 4 4 4 4 4 4]
                     [2 2 2 2 2 2 2 2 2 2 4 4 4 4 4 4 4 4 4 4 4 4 4 4 4 4 4 4 4 0 4 4 4 4 0]
                     [2 2 2 2 2 2 2 2 2 2 4 4 4 2 2 4 4 4 4 4 4 4 4 4 4 4 4 4 4 4 4 4 4 4 4]
                     [2 2 2 2 2 2 2 2 2 2 2 4 4 4 4 2 4 4 4 4 4 4 4 4 4 4 4 4 0 4 4 4 4 4 4]
                     [2 2 2 2 2 2 2 2 2 2 2 2 4 4 2 4 2 4 4 4 4 4 4 4 4 4 4 4 4 4 4 4 4 4 4]
                     [4 2 2 2 2 2 2 2 2 2 2 4 2 2 2 2 2 2 2 4 4 4 4 4 4 4 4 4 4 4 4 4 4 4 4]
                     [2 2 2 2 2 2 2 2 2 2 2 2 2 2 2 2 2 2 4 2 2 4 4 4 4 4 4 4 4 4 4 4 4 4 4]
                     [2 2 2 4 2 2 2 2 2 2 4 4 2 2 2 2 4 2 2 2 2 2 2 4 4 4 4 4 4 4 4 4 4 4 4]
                     [4 4 2 2 2 2 2 2 2 0 4 4 4 2 2 2 2 2 2 2 2 2 2 4 4 4 4 0 4 4 4 4 4 4 4]
                     [4 4 4 2 2 2 2 4 4 2 4 4 4 2 2 2 2 2 2 2 2 2 2 4 4 4 4 4 4 4 0 4 4 4 4]
                     [4 4 4 4 2 2 4 2 2 2 4 4 2 2 2 2 2 2 2 2 2 2 2 2 0 4 4 4 4 0 4 4 4 4 2]
                     [0 4 4 2 2 2 2 2 2 2 4 4 2 4 2 2 2 2 2 2 2 2 2 2 4 4 4 4 4 2 4 2 2 2 2]
                     [4 4 4 2 2 2 2 2 4 4 0 4 4 4 2 2 2 2 2 2 2 2 2 2 4 4 4 4 4 4 2 2 2 2 2]
                     [4 4 4 4 2 4 4 4 4 4 0 4 4 2 2 2 2 2 2 2 2 2 2 2 4 4 4 4 4 4 2 2 2 2 2]
                     [4 4 4 4 4 2 4 4 4 0 4 4 2 4 2 2 2 2 2 2 2 2 2 2 2 4 4 4 4 2 2 2 2 2 2]
                     [0 4 4 0 4 2 2 4 4 4 0 4 4 2 2 2 2 2 2 2 2 4 2 2 2 4 4 4 2 4 2 2 2 2 2]
                     [4 4 4 4 1 2 0 4 4 1 4 2 2 2 2 4 2 2 2 2 4 4 2 2 2 4 2 2 2 2 2 2 2 2 2]
                     [4 4 4 0 4 5 1 4 4 5 4 4 2 2 4 2 2 2 2 2 2 2 4 4 4 2 2 2 2 2 2 2 2 2 2]
                     [4 4 4 4 4 4 4 1 5 2 4 2 4 4 2 2 2 2 2 2 2 2 4 4 4 4 4 2 2 2 2 2 2 2 4]
                     [4 4 0 4 4 4 4 2 2 2 4 4 4 4 2 2 2 2 2 2 2 2 2 2 2 4 2 2 2 2 2 2 2 2 2]
                     [4 0 4 4 4 4 2 2 2 4 4 4 4 4 0 4 4 2 2 2 2 2 2 2 2 2 2 2 2 2 2 2 2 2 4]
                     [4 4 4 4 4 4 4 2 2 2 2 4 4 2 4 4 4 2 2 4 2 4 2 2 2 2 2 2 4 2 2 2 2 2 2]
                     [4 4 4 4 4 4 4 2 2 2 2 2 2 2 2 0 2 2 2 2 2 2 2 2 2 2 2 2 2 2 2 2 2 4 2]
                     [4 4 4 4 2 4 4 0 2 2 2 2 2 2 2 2 2 2 2 2 4 2 2 2 2 4 2 2 2 2 2 2 2 2 2]
                     [4 4 2 2 2 2 2 2 2 2 2 2 2 2 2 2 2 2 2 2 2 2 2 2 2 2 2 4 2 2 2 2 2 4 4]
                     [4 2 2 2 2 2 2 4 2 2 2 2 2 2 2 2 2 2 2 2 2 2 2 2 2 2 2 4 2 2 2 2 4 4 4]
                     [4 4 2 2 2 2 2 2 2 2 2 2 2 2 2 2 4 2 2 2 2 2 2 2 2 2 2 2 2 2 4 4 0 4 4]
                     [4 4 2 2 2 2 2 2 2 2 2 2 2 2 2 2 2 2 2 2 2 2 2 2 2 2 2 2 2 4 4 4 4 0 0]
                     [4 2 2 2 2 2 2 2 2 2 2 2 2 2 2 2 4 2 2 2 2 2 2 2 2 2 4 4 4 4 4 4 4 4 4]
                     [4 2 2 2 2 2 2 2 2 2 2 2 2 2 2 2 2 4 2 2 4 2 2 4 2 2 2 4 4 4 4 0 4 4 4]
                     [4 4 2 2 2 2 2 4 2 2 2 2 2 2 4 2 2 4 4 4 4 4 2 0 2 2 2 2 4 4 4 4 4 4 4]
                     [4 2 2 4 2 2 2 2 2 2 2 2 2 2 2 4 2 2 2 4 4 4 4 4 4 2 4 2 4 4 4 4 4 4 4]
                     [4 2 4 2 2 2 2 2 2 2 2 2 2 2 2 2 2 2 2 4 4 4 4 4 4 1 4 4 4 4 4 4 4 4 4]
                     [4 0 2 2 2 2 2 2 2 2 2 2 2 2 2 2 2 2 2 2 4 4 4 4 4 4 4 4 4 4 4 4 4 4 4]
                     [4 4 4 2 2 2 2 2 4 2 2 2 2 2 1 2 2 2 2 2 4 4 0 4 4 4 0 4 4 4 4 4 0 4 4]

                     [2 2 2 2 2 2 2 2 2 4 4 4 4 4 4 4 4 0 4 4 4 0 4 4 4 4 4 4 4 4 4 4 4 4 4]
                     [2 2 2 2 2 2 2 2 2 2 4 4 4 4 4 4 4 4 4 4 4 4 4 4 4 4 4 4 4 0 4 4 4 4 0]
                     [2 2 2 2 2 2 2 2 2 2 4 4 4 2 2 4 4 4 4 4 4 4 4 4 4 4 4 4 4 4 4 4 4 4 4]
                     [2 2 2 2 2 2 2 2 2 2 2 4 4 4 4 2 4 4 4 4 4 4 4 4 4 4 4 4 0 4 4 4 4 4 4]
                     [2 2 2 2 2 2 2 2 2 2 2 2 4 4 2 4 2 4 4 4 4 4 4 4 4 4 4 4 4 4 4 4 4 4 4]
                     [4 2 2 2 2 2 2 2 2 2 2 4 2 2 2 2 2 2 2 4 4 4 4 4 4 4 4 4 4 4 4 4 4 4 4]
                     [2 2 2 2 2 2 2 2 2 2 2 2 2 2 2 2 2 2 4 2 2 4 4 4 4 4 4 4 4 4 4 4 4 4 4]
                     [2 2 2 4 2 2 2 2 2 2 4 4 2 2 2 2 4 2 2 2 2 2 2 4 4 4 4 4 4 4 4 4 4 4 4]
                     [4 4 2 2 2 2 2 2 2 0 4 4 4 2 2 2 2 2 2 2 2 2 2 4 4 4 4 0 4 4 4 4 4 4 4]
                     [4 4 4 2 2 2 2 4 4 2 4 4 4 2 2 2 2 2 2 2 2 2 2 4 4 4 4 4 4 4 0 4 4 4 4]
                     [4 4 4 4 2 2 4 2 2 2 4 4 2 2 2 2 2 2 2 2 2 2 2 2 0 4 4 4 4 0 4 4 4 4 2]
                     [0 4 4 2 2 2 2 2 2 2 4 4 2 4 2 2 2 2 2 2 2 2 2 2 4 4 4 4 4 2 4 2 2 2 2]
                     [4 4 4 2 2 2 2 2 4 4 0 4 4 4 2 2 2 2 2 2 2 2 2 2 4 4 4 4 4 4 2 2 2 2 2]
                     [4 4 4 4 2 4 4 4 4 4 0 4 4 2 2 2 2 2 2 2 2 2 2 2 4 4 4 4 4 4 2 2 2 2 2]
                     [4 4 4 4 4 2 4 4 4 0 4 4 2 4 2 2 2 2 2 2 2 2 2 2 2 4 4 4 4 2 2 2 2 2 2]
                     [0 4 4 0 4 2 2 4 4 4 0 4 4 2 2 2 2 2 2 2 2 4 2 2 2 4 4 4 2 4 2 2 2 2 2]
                     [4 4 4 4 1 2 0 4 4 1 4 2 2 2 2 4 2 2 2 2 4 4 2 2 2 4 2 2 2 2 2 2 2 2 2]
                     [4 4 4 0 4 2 1 4 4 5 4 4 2 2 4 2 2 2 2 2 2 2 4 4 4 2 2 2 2 2 2 2 2 2 2]
                     [4 4 4 4 4 4 4 1 5 2 4 2 4 4 2 2 2 2 2 2 2 2 4 4 4 4 4 2 2 2 2 2 2 2 4]
                     [4 4 0 4 4 4 4 2 2 2 4 4 4 4 2 2 2 2 2 2 2 2 2 2 2 4 2 2 2 2 2 2 2 2 2]
                     [4 0 4 4 4 4 2 2 2 4 4 4 4 4 0 4 4 2 2 2 2 2 2 2 2 2 2 2 2 2 2 2 2 2 4]
                     [4 4 4 4 4 4 4 2 2 2 2 4 4 2 4 4 4 2 2 4 2 4 2 2 2 2 2 2 4 2 2 2 2 2 2]
                     [4 4 4 4 4 4 4 2 2 2 2 2 2 2 2 0 2 2 2 2 2 2 2 2 2 2 2 2 2 2 2 2 2 4 2]
                     [4 4 4 4 2 4 4 0 2 2 2 2 2 2 2 2 2 2 2 2 4 2 2 2 2 4 2 2 2 2 2 2 2 2 2]
                     [4 4 2 2 2 2 2 2 2 2 2 2 2 2 2 2 2 2 2 2 2 2 2 2 2 2 2 4 2 2 2 2 2 4 4]
                     [4 2 2 2 2 2 2 4 2 2 2 2 2 2 2 2 2 2 2 2 2 2 2 2 2 2 2 4 2 2 2 2 4 4 4]
                     [4 4 2 2 2 2 2 2 2 2 2 2 2 2 2 2 4 2 2 2 2 2 2 2 2 2 2 2 2 2 4 4 0 4 4]
                     [4 4 2 2 2 2 2 2 2 2 2 2 2 2 2 2 2 2 2 2 2 2 2 2 2 2 2 2 2 4 4 4 4 0 0]
                     [4 2 2 2 2 2 2 2 2 2 2 2 2 2 2 2 4 2 2 2 2 2 2 2 2 2 4 4 4 4 4 4 4 4 4]
                     [4 2 2 2 2 2 2 2 2 2 2 2 2 2 2 2 2 4 2 2 4 2 2 4 2 2 2 4 4 4 4 0 4 4 4]
                     [4 4 2 2 2 2 2 4 2 2 2 2 2 2 4 2 2 4 4 4 4 4 2 0 2 2 2 2 4 4 4 4 4 4 4]
                     [4 2 2 4 2 2 2 2 2 2 2 2 2 2 2 4 2 2 2 4 4 4 4 4 4 2 4 2 4 4 4 4 4 4 4]
                     [4 2 4 2 2 2 2 2 2 2 2 2 2 2 2 2 2 2 2 4 4 4 4 4 4 1 4 4 4 4 4 4 4 4 4]
                     [4 0 2 2 2 2 2 2 2 2 2 2 2 2 2 2 2 2 2 2 4 4 4 4 4 4 4 4 4 4 4 4 4 4 4]
                     [4 4 4 2 2 2 2 2 4 2 2 2 2 2 1 2 2 2 2 2 4 4 0 4 4 4 0 4 4 4 4 4 0 4 4]

                     [2 2 2 2 2 2 2 2 2 4 4 4 4 4 4 4 4 0 4 4 4 0 4 4 4 4 4 4 4 4 4 4 4 4 4]
                     [2 2 2 2 2 2 2 2 2 2 4 4 4 4 4 4 4 4 4 4 4 4 4 4 4 4 4 4 4 0 4 4 4 4 0]
                     [2 2 2 2 2 2 2 2 2 2 4 4 4 2 2 4 4 4 4 4 4 4 4 4 4 4 4 4 4 4 4 4 4 4 4]
                     [2 2 2 2 2 2 2 2 2 2 2 4 4 4 4 2 4 4 4 4 4 4 4 4 4 4 4 4 0 4 4 4 4 4 4]
                     [2 2 2 2 2 2 2 2 2 2 2 2 4 4 2 4 2 4 4 4 4 4 4 4 4 4 4 4 4 4 4 4 4 4 4]
                     [4 2 2 2 2 2 2 2 2 2 2 4 2 2 2 2 2 2 2 4 4 4 4 4 4 4 4 4 4 4 4 4 4 4 4]
                     [2 2 2 2 2 2 2 2 2 2 2 2 2 2 2 2 2 2 4 2 2 4 4 4 4 4 4 4 4 4 4 4 4 4 4]
                     [2 2 2 4 2 2 2 2 2 2 4 4 2 2 2 2 4 2 2 2 2 2 2 4 4 4 4 4 4 4 4 4 4 4 4]
                     [4 4 2 2 2 2 2 2 2 0 4 4 4 2 2 2 2 2 2 2 2 2 2 4 4 4 4 0 4 4 4 4 4 4 4]
                     [4 4 4 2 2 2 2 4 4 2 4 4 4 2 2 2 2 2 2 2 2 2 2 4 4 4 4 4 4 4 0 4 4 4 4]
                     [4 4 4 4 2 2 4 2 2 2 4 4 2 2 2 2 2 2 2 2 2 2 2 2 0 4 4 4 4 0 4 4 4 4 2]
                     [0 4 4 2 2 2 2 2 2 2 4 4 2 4 2 2 2 2 2 2 2 2 2 2 4 4 4 4 4 2 4 2 2 2 2]
                     [4 4 4 2 2 2 2 2 4 4 0 4 4 4 2 2 2 2 2 2 2 2 2 2 4 4 4 4 4 4 2 2 2 2 2]
                     [4 4 4 4 2 4 4 4 4 4 0 4 4 2 2 2 2 2 2 2 2 2 2 2 4 4 4 4 4 4 2 2 2 2 2]
                     [4 4 4 4 4 2 4 4 4 0 4 4 2 4 2 2 2 2 2 2 2 2 2 2 2 4 4 4 4 2 2 2 2 2 2]
                     [0 4 4 0 4 2 2 4 4 4 0 4 4 2 2 2 2 2 2 2 2 4 2 2 2 4 4 4 2 4 2 2 2 2 2]
                     [4 4 4 4 1 2 0 4 4 1 4 2 2 2 2 4 2 2 2 2 4 4 2 2 2 4 2 2 2 2 2 2 2 2 2]
                     [4 4 4 0 4 2 1 4 4 5 4 4 2 2 4 2 2 2 2 2 2 2 4 4 4 2 2 2 2 2 2 2 2 2 2]
                     [4 4 4 4 4 4 4 1 5 2 4 2 4 4 2 2 2 2 2 2 2 2 4 4 4 4 4 2 2 2 2 2 2 2 4]
                     [4 4 0 4 4 4 4 2 2 2 4 4 4 4 2 2 2 2 2 2 2 2 2 2 2 4 2 2 2 2 2 2 2 2 2]
                     [4 0 4 4 4 4 2 2 2 4 4 4 4 4 0 4 4 2 2 2 2 2 2 2 2 2 2 2 2 2 2 2 2 2 4]
                     [4 4 4 4 4 4 4 2 2 2 2 4 4 2 4 4 4 2 2 4 2 4 2 2 2 2 2 2 4 2 2 2 2 2 2]
                     [4 4 4 4 4 4 4 2 2 2 2 2 2 2 2 0 2 2 2 2 2 2 2 2 2 2 2 2 2 2 2 2 2 4 2]
                     [4 4 4 4 2 4 4 0 2 2 2 2 2 2 2 2 2 2 2 2 4 2 2 2 2 4 2 2 2 2 2 2 2 2 2]
                     [4 4 2 2 2 2 2 2 2 2 2 2 2 2 2 2 2 2 2 2 2 2 2 2 2 2 2 4 2 2 2 2 2 4 4]
                     [4 2 2 2 2 2 2 4 2 2 2 2 2 2 2 2 2 2 2 2 2 2 2 2 2 2 2 4 2 2 2 2 4 4 4]
                     [4 4 2 2 2 2 2 2 2 2 2 2 2 2 2 2 4 2 2 2 2 2 2 2 2 2 2 2 2 2 4 4 0 4 4]
                     [4 4 2 2 2 2 2 2 2 2 2 2 2 2 2 2 2 2 2 2 2 2 2 2 2 2 2 2 2 4 4 4 4 0 0]
                     [4 2 2 2 2 2 2 2 2 2 2 2 2 2 2 2 4 2 2 2 2 2 2 2 2 2 4 4 4 4 4 4 4 4 4]
                     [4 2 2 2 2 2 2 2 2 2 2 2 2 2 2 2 2 4 2 2 4 2 2 4 2 2 2 4 4 4 4 0 4 4 4]
                     [4 4 2 2 2 2 2 4 2 2 2 2 2 2 4 2 2 4 4 4 4 4 2 0 2 2 2 2 4 4 4 4 4 4 4]
                     [4 2 2 4 2 2 2 2 2 2 2 2 2 2 2 4 2 2 2 4 4 4 4 4 4 2 4 2 4 4 4 4 4 4 4]
                     [4 2 4 2 2 2 2 2 2 2 2 2 2 2 2 2 2 2 2 4 4 4 4 4 4 1 4 4 4 4 4 4 4 4 4]
                     [4 0 2 2 2 2 2 2 2 2 2 2 2 2 2 2 2 2 2 2 4 4 4 4 4 4 4 4 4 4 4 4 4 4 4]
                     [4 4 4 2 2 2 2 2 4 2 2 2 2 2 1 2 2 2 2 2 4 4 0 4 4 4 0 4 4 4 4 4 0 4 4]

                     [2 2 2 2 2 2 2 2 2 4 4 4 4 4 4 4 4 0 4 4 4 0 4 4 4 4 4 4 4 4 4 4 4 4 4]
                     [2 2 2 2 2 2 2 2 2 2 4 4 4 4 4 4 4 4 4 4 4 4 4 4 4 4 4 4 4 4 4 4 4 4 0]
                     [2 2 2 2 2 2 2 2 2 2 4 4 4 2 2 4 4 4 4 4 4 4 4 4 4 4 4 4 4 4 4 4 4 4 4]
                     [2 2 2 2 2 2 2 2 2 2 2 4 4 4 4 2 4 4 4 4 4 4 4 4 4 4 4 4 0 4 4 4 4 4 4]
                     [2 2 2 2 2 2 2 2 2 2 2 2 4 4 2 4 2 4 4 4 4 4 4 4 4 4 4 4 4 4 4 4 4 4 4]
                     [4 2 2 2 2 2 2 2 2 2 2 4 2 2 2 2 2 2 2 4 4 4 4 4 4 4 4 4 4 4 4 4 4 4 4]
                     [2 2 2 2 2 2 2 2 2 2 2 2 2 2 2 2 2 2 4 2 2 4 4 4 4 4 4 4 4 4 4 4 4 4 4]
                     [2 2 2 4 2 2 2 2 2 2 4 4 2 2 2 2 4 2 2 2 2 2 2 4 4 4 4 4 4 4 4 4 4 4 4]
                     [4 4 2 2 2 2 2 2 2 0 4 4 4 2 2 2 2 2 2 2 2 2 2 4 4 4 4 0 4 4 4 4 4 4 4]
                     [4 4 4 2 2 2 2 4 4 2 4 4 4 2 2 2 2 2 2 2 2 2 2 4 4 4 4 4 4 4 0 4 4 4 4]
                     [4 4 4 4 2 2 4 2 2 2 4 4 2 2 2 2 2 2 2 2 2 2 2 2 0 4 4 4 4 0 4 4 4 4 2]
                     [4 4 4 2 2 2 2 2 2 2 4 4 2 4 2 2 2 2 2 2 2 2 2 2 4 4 4 4 4 2 4 2 2 2 2]
                     [4 4 4 2 2 2 2 2 4 4 4 4 4 4 2 2 2 2 2 2 2 2 2 2 4 4 4 4 4 4 2 2 2 2 2]
                     [4 4 4 4 2 4 4 4 4 4 0 4 4 2 2 2 2 2 2 2 2 2 2 2 4 4 4 4 4 4 2 2 2 2 2]
                     [4 4 4 4 4 2 4 4 4 4 4 4 2 4 2 2 2 2 2 2 2 2 2 2 2 4 4 4 4 2 2 2 2 2 2]
                     [0 4 4 0 4 2 2 4 4 4 4 4 4 2 2 2 2 2 2 2 2 4 2 2 2 4 4 4 2 4 2 2 2 2 2]
                     [4 4 4 4 5 2 0 1 4 5 4 2 2 2 2 4 2 2 2 2 4 4 2 2 2 4 2 2 2 2 2 2 2 2 2]
                     [4 4 4 4 4 2 1 4 4 2 4 4 2 2 4 2 2 2 2 2 2 2 4 4 4 2 2 2 2 2 2 2 2 2 2]
                     [4 4 4 4 4 1 4 5 2 2 4 2 4 4 2 2 2 2 2 2 2 2 4 4 4 4 4 2 2 2 2 2 2 2 4]
                     [4 4 0 4 4 4 4 2 2 2 4 4 4 4 2 2 2 2 2 2 2 2 2 2 2 4 2 2 2 2 2 2 2 2 2]
                     [4 0 4 4 4 4 2 2 2 4 4 4 4 4 4 4 4 2 2 2 2 2 2 2 2 2 2 2 2 2 2 2 2 2 4]
                     [4 4 4 4 4 4 4 2 2 2 2 4 4 2 4 4 4 2 2 4 2 4 2 2 2 2 2 2 4 2 2 2 2 2 2]
                     [4 4 4 4 4 4 4 2 2 2 2 2 2 2 2 0 2 2 2 2 2 2 2 2 2 2 2 2 2 2 2 2 2 4 2]
                     [4 4 4 4 2 4 4 0 2 2 2 2 2 2 2 2 2 2 2 2 4 2 2 2 2 4 2 2 2 2 2 2 2 2 2]
                     [4 4 2 2 2 2 2 2 2 2 2 2 2 2 2 2 2 2 2 2 2 2 2 2 2 2 2 4 2 2 2 2 2 4 4]
                     [4 2 2 2 2 2 2 4 2 2 2 2 2 2 2 2 2 2 2 2 2 2 2 2 2 2 2 4 2 2 2 2 4 4 4]
                     [4 4 2 2 2 2 2 2 2 2 2 2 2 2 2 2 4 2 2 2 2 2 2 2 2 2 2 2 2 2 4 4 0 4 4]
                     [4 4 2 2 2 2 2 2 2 2 2 2 2 2 2 2 2 2 2 2 2 2 2 2 2 2 2 2 2 4 4 4 4 0 0]
                     [4 2 2 2 2 2 2 2 2 2 2 2 2 2 2 2 4 2 2 2 2 2 2 2 2 2 4 4 4 4 4 4 4 4 4]
                     [4 2 2 2 2 2 2 2 2 2 2 2 2 2 2 2 2 4 2 2 4 2 2 4 2 2 2 4 4 4 4 0 4 4 4]
                     [4 4 2 2 2 2 2 4 2 2 2 2 2 2 4 2 2 4 4 4 4 4 2 0 2 2 2 2 4 4 4 4 4 4 4]
                     [4 2 2 4 2 2 2 2 2 2 2 2 2 2 2 4 2 2 2 4 4 4 4 4 4 2 4 2 4 4 4 4 4 4 4]
                     [4 2 4 2 2 2 2 2 2 2 2 2 2 2 2 2 2 2 2 4 4 4 4 4 4 5 4 4 4 4 4 4 4 4 4]
                     [4 0 2 2 2 2 2 2 2 2 2 2 2 2 2 2 2 2 2 2 4 4 4 4 4 4 4 4 4 4 4 4 4 4 4]
                     [4 4 4 2 2 2 2 2 4 2 2 2 2 2 1 2 2 2 2 2 4 4 0 4 4 4 0 4 4 4 4 4 0 4 4]

                     [2 2 2 2 2 2 2 2 2 4 4 4 4 4 4 4 4 0 4 4 4 0 4 4 4 4 4 4 4 4 4 4 4 4 4]
                     [2 2 2 2 2 2 2 2 2 2 4 4 4 4 4 4 4 4 4 4 4 4 4 4 4 4 4 4 4 4 4 4 4 4 0]
                     [2 2 2 2 2 2 2 2 2 2 4 4 4 2 2 4 4 4 4 4 4 4 4 4 4 4 4 4 4 4 4 4 4 4 4]
                     [2 2 2 2 2 2 2 2 2 2 2 4 4 4 4 2 4 4 4 4 4 4 4 4 4 4 4 4 0 4 4 4 4 4 4]
                     [2 2 2 2 2 2 2 2 2 2 2 2 4 4 2 4 2 4 4 4 4 4 4 4 4 4 4 4 4 4 4 4 4 4 4]
                     [4 2 2 2 2 2 2 2 2 2 2 4 2 2 2 2 2 2 2 4 4 4 4 4 4 4 4 4 4 4 4 4 4 4 4]
                     [2 2 2 2 2 2 2 2 2 2 2 2 2 2 2 2 2 2 4 2 2 4 4 4 4 4 4 4 4 4 4 4 4 4 4]
                     [2 2 2 4 2 2 2 2 2 2 4 4 2 2 2 2 4 2 2 2 2 2 2 4 4 4 4 4 4 4 4 4 4 4 4]
                     [4 4 2 2 2 2 2 2 2 0 4 4 4 2 2 2 2 2 2 2 2 2 2 4 4 4 4 0 4 4 4 4 4 4 4]
                     [4 4 4 2 2 2 2 4 4 2 4 4 4 2 2 2 2 2 2 2 2 2 2 4 4 4 4 4 4 4 0 4 4 4 4]
                     [4 4 4 4 2 2 4 2 2 2 4 4 2 2 2 2 2 2 2 2 2 2 2 2 0 4 4 4 4 0 4 4 4 4 2]
                     [4 4 4 2 2 2 2 2 2 2 4 4 2 4 2 2 2 2 2 2 2 2 2 2 4 4 4 4 4 2 4 2 2 2 2]
                     [4 4 4 2 2 2 2 2 4 4 4 4 4 4 2 2 2 2 2 2 2 2 2 2 4 4 4 4 4 4 2 2 2 2 2]
                     [4 4 4 4 2 4 4 4 4 4 0 4 4 2 2 2 2 2 2 2 2 2 2 2 4 4 4 4 4 4 2 2 2 2 2]
                     [4 4 4 4 4 2 4 4 4 4 4 4 2 4 2 2 2 2 2 2 2 2 2 2 2 4 4 4 4 2 2 2 2 2 2]
                     [0 4 4 0 4 2 2 4 4 4 4 4 4 2 2 2 2 2 2 2 2 4 2 2 2 4 4 4 2 4 2 2 2 2 2]
                     [4 4 4 4 5 2 0 1 4 5 4 2 2 2 2 4 2 2 2 2 4 4 2 2 2 4 2 2 2 2 2 2 2 2 2]
                     [4 4 4 4 4 2 1 4 4 2 4 4 2 2 4 2 2 2 2 2 2 2 4 4 4 2 2 2 2 2 2 2 2 2 2]
                     [4 4 4 4 4 1 4 5 2 2 4 2 4 4 2 2 2 2 2 2 2 2 4 4 4 4 4 2 2 2 2 2 2 2 4]
                     [4 4 0 4 4 4 4 2 2 2 4 4 4 4 2 2 2 2 2 2 2 2 2 2 2 4 2 2 2 2 2 2 2 2 2]
                     [4 0 4 4 4 4 2 2 2 4 4 4 4 4 4 4 4 2 2 2 2 2 2 2 2 2 2 2 2 2 2 2 2 2 4]
                     [4 4 4 4 4 4 4 2 2 2 2 4 4 2 4 4 4 2 2 4 2 4 2 2 2 2 2 2 4 2 2 2 2 2 2]
                     [4 4 4 4 4 4 4 2 2 2 2 2 2 2 2 0 2 2 2 2 2 2 2 2 2 2 2 2 2 2 2 2 2 4 2]
                     [4 4 4 4 2 4 4 0 2 2 2 2 2 2 2 2 2 2 2 2 4 2 2 2 2 4 2 2 2 2 2 2 2 2 2]
                     [4 4 2 2 2 2 2 2 2 2 2 2 2 2 2 2 2 2 2 2 2 2 2 2 2 2 2 4 2 2 2 2 2 4 4]
                     [4 2 2 2 2 2 2 4 2 2 2 2 2 2 2 2 2 2 2 2 2 2 2 2 2 2 2 4 2 2 2 2 4 4 4]
                     [4 4 2 2 2 2 2 2 2 2 2 2 2 2 2 2 4 2 2 2 2 2 2 2 2 2 2 2 2 2 4 4 0 4 4]
                     [4 4 2 2 2 2 2 2 2 2 2 2 2 2 2 2 2 2 2 2 2 2 2 2 2 2 2 2 2 4 4 4 4 0 0]
                     [4 2 2 2 2 2 2 2 2 2 2 2 2 2 2 2 4 2 2 2 2 2 2 2 2 2 4 4 4 4 4 4 4 4 4]
                     [4 2 2 2 2 2 2 2 2 2 2 2 2 2 2 2 2 4 2 2 4 2 2 4 2 2 2 4 4 4 4 0 4 4 4]
                     [4 4 2 2 2 2 2 4 2 2 2 2 2 2 4 2 2 4 4 4 4 4 2 0 2 2 2 2 4 4 4 4 4 4 4]
                     [4 2 2 4 2 2 2 2 2 2 2 2 2 2 2 4 2 2 2 4 4 4 4 4 4 2 4 2 4 4 4 4 4 4 4]
                     [4 2 4 2 2 2 2 2 2 2 2 2 2 2 2 2 2 2 2 4 4 4 4 4 4 5 4 4 4 4 4 4 4 4 4]
                     [4 0 2 2 2 2 2 2 2 2 2 2 2 2 2 2 2 2 2 2 4 4 4 4 4 4 4 4 4 4 4 4 4 4 4]
                     [4 4 4 2 2 2 2 2 4 2 2 2 2 2 2 2 2 2 2 2 4 4 0 4 4 4 0 4 4 4 4 4 0 4 4]

                     [2 2 2 2 2 2 2 2 2 4 4 4 4 4 4 4 4 0 4 4 4 0 4 4 4 4 4 4 4 4 4 4 4 4 4]
                     [2 2 2 2 2 2 2 2 2 2 4 4 4 4 4 4 4 4 4 4 4 4 4 4 4 4 4 4 4 4 4 4 4 4 0]
                     [2 2 2 2 2 2 2 2 2 2 4 4 4 2 2 4 4 4 4 4 4 4 4 4 4 4 4 4 4 4 4 4 4 4 4]
                     [2 2 2 2 2 2 2 2 2 2 2 4 4 4 4 2 4 4 4 4 4 4 4 4 4 4 4 4 0 4 4 4 4 4 4]
                     [2 2 2 2 2 2 2 2 2 2 2 2 4 4 2 4 2 4 4 4 4 4 4 4 4 4 4 4 4 4 4 4 4 4 4]
                     [4 2 2 2 2 2 2 2 2 2 2 4 2 2 2 2 2 2 2 4 4 4 4 4 4 4 4 4 4 4 4 4 4 4 4]
                     [2 2 2 2 2 2 2 2 2 2 2 2 2 2 2 2 2 2 4 2 2 4 4 4 4 4 4 4 4 4 4 4 4 4 4]
                     [2 2 2 4 2 2 2 2 2 2 4 4 2 2 2 2 4 2 2 2 2 2 2 4 4 4 4 4 4 4 4 4 4 4 4]
                     [4 4 2 2 2 2 2 2 2 0 4 4 4 2 2 2 2 2 2 2 2 2 2 4 4 4 4 0 4 4 4 4 4 4 4]
                     [4 4 4 2 2 2 2 4 4 2 4 4 4 2 2 2 2 2 2 2 2 2 2 4 4 4 4 4 4 4 0 4 4 4 4]
                     [4 4 4 4 2 2 4 2 2 2 4 4 2 2 2 2 2 2 2 2 2 2 2 2 0 4 4 4 4 0 4 4 4 4 2]
                     [4 4 4 2 2 2 2 2 2 2 4 4 2 4 2 2 2 2 2 2 2 2 2 2 4 4 4 4 4 2 4 2 2 2 2]
                     [4 4 4 2 2 2 2 2 4 4 4 4 4 4 2 2 2 2 2 2 2 2 2 2 4 4 4 4 4 4 2 2 2 2 2]
                     [4 4 4 4 2 4 4 4 4 4 0 4 4 2 2 2 2 2 2 2 2 2 2 2 4 4 4 4 4 4 2 2 2 2 2]
                     [4 4 4 4 4 2 4 4 4 4 4 4 2 4 2 2 2 2 2 2 2 2 2 2 2 4 4 4 4 2 2 2 2 2 2]
                     [0 4 4 0 4 2 2 4 4 4 4 4 4 2 2 2 2 2 2 2 2 4 2 2 2 4 4 4 2 4 2 2 2 2 2]
                     [4 4 4 4 5 2 0 1 4 2 4 2 2 2 2 4 2 2 2 2 4 4 2 2 2 4 2 2 2 2 2 2 2 2 2]
                     [4 4 4 4 4 2 1 4 4 2 4 4 2 2 4 2 2 2 2 2 2 2 4 4 4 2 2 2 2 2 2 2 2 2 2]
                     [4 4 4 4 4 1 4 2 2 2 4 2 4 4 2 2 2 2 2 2 2 2 4 4 4 4 4 2 2 2 2 2 2 2 4]
                     [4 4 0 4 4 4 4 2 2 2 4 4 4 4 2 2 2 2 2 2 2 2 2 2 2 4 2 2 2 2 2 2 2 2 2]
                     [4 0 4 4 4 4 2 2 2 4 4 4 4 4 4 4 4 2 2 2 2 2 2 2 2 2 2 2 2 2 2 2 2 2 4]
                     [4 4 4 4 4 4 4 2 2 2 2 4 4 2 4 4 4 2 2 4 2 4 2 2 2 2 2 2 4 2 2 2 2 2 2]
                     [4 4 4 4 4 4 4 2 2 2 2 2 2 2 2 0 2 2 2 2 2 2 2 2 2 2 2 2 2 2 2 2 2 4 2]
                     [4 4 4 4 2 4 4 0 2 2 2 2 2 2 2 2 2 2 2 2 4 2 2 2 2 4 2 2 2 2 2 2 2 2 2]
                     [4 4 2 2 2 2 2 2 2 2 2 2 2 2 2 2 2 2 2 2 2 2 2 2 2 2 2 4 2 2 2 2 2 4 4]
                     [4 2 2 2 2 2 2 4 2 2 2 2 2 2 2 2 2 2 2 2 2 2 2 2 2 2 2 4 2 2 2 2 4 4 4]
                     [4 4 2 2 2 2 2 2 2 2 2 2 2 2 2 2 4 2 2 2 2 2 2 2 2 2 2 2 2 2 4 4 0 4 4]
                     [4 4 2 2 2 2 2 2 2 2 2 2 2 2 2 2 2 2 2 2 2 2 2 2 2 2 2 2 2 4 4 4 4 0 0]
                     [4 2 2 2 2 2 2 2 2 2 2 2 2 2 2 2 4 2 2 2 2 2 2 2 2 2 4 4 4 4 4 4 4 4 4]
                     [4 2 2 2 2 2 2 2 2 2 2 2 2 2 2 2 2 4 2 2 4 2 2 4 2 2 2 4 4 4 4 0 4 4 4]
                     [4 4 2 2 2 2 2 4 2 2 2 2 2 2 4 2 2 4 4 4 4 4 2 0 2 2 2 2 4 4 4 4 4 4 4]
                     [4 2 2 4 2 2 2 2 2 2 2 2 2 2 2 4 2 2 2 4 4 4 4 4 4 2 4 2 4 4 4 4 4 4 4]
                     [4 2 4 2 2 2 2 2 2 2 2 2 2 2 2 2 2 2 2 4 4 4 4 4 4 2 4 4 4 4 4 4 4 4 4]
                     [4 0 2 2 2 2 2 2 2 2 2 2 2 2 2 2 2 2 2 2 4 4 4 4 4 4 4 4 4 4 4 4 4 4 4]
                     [4 4 4 2 2 2 2 2 4 2 2 2 2 2 2 2 2 2 2 2 4 4 0 4 4 4 0 4 4 4 4 4 0 4 4]

                     [2 2 2 2 2 2 2 2 2 4 4 4 4 4 4 4 4 0 4 4 4 0 4 4 4 4 4 4 4 4 4 4 4 4 4]
                     [2 2 2 2 2 2 2 2 2 2 4 4 4 4 4 4 4 4 4 4 4 4 4 4 4 4 4 4 4 4 4 4 4 4 0]
                     [2 2 2 2 2 2 2 2 2 2 4 4 4 2 2 4 4 4 4 4 4 4 4 4 4 4 4 4 4 4 4 4 4 4 4]
                     [2 2 2 2 2 2 2 2 2 2 2 4 4 4 4 2 4 4 4 4 4 4 4 4 4 4 4 4 0 4 4 4 4 4 4]
                     [2 2 2 2 2 2 2 2 2 2 2 2 4 4 2 4 2 4 4 4 4 4 4 4 4 4 4 4 4 4 4 4 4 4 4]
                     [4 2 2 2 2 2 2 2 2 2 2 4 2 2 2 2 2 2 2 4 4 4 4 4 4 4 4 4 4 4 4 4 4 4 4]
                     [2 2 2 2 2 2 2 2 2 2 2 2 2 2 2 2 2 2 4 2 2 4 4 4 4 4 4 4 4 4 4 4 4 4 4]
                     [2 2 2 4 2 2 2 2 2 2 4 4 2 2 2 2 4 2 2 2 2 2 2 4 4 4 4 4 4 4 4 4 4 4 4]
                     [4 4 2 2 2 2 2 2 2 0 4 4 4 2 2 2 2 2 2 2 2 2 2 4 4 4 4 0 4 4 4 4 4 4 4]
                     [4 4 4 2 2 2 2 4 4 2 4 4 4 2 2 2 2 2 2 2 2 2 2 4 4 4 4 4 4 4 0 4 4 4 4]
                     [4 4 4 4 2 2 4 2 2 2 4 4 2 2 2 2 2 2 2 2 2 2 2 2 0 4 4 4 4 0 4 4 4 4 2]
                     [4 4 4 2 2 2 2 2 2 2 4 4 2 4 2 2 2 2 2 2 2 2 2 2 4 4 4 4 4 2 4 2 2 2 2]
                     [4 4 4 2 2 2 2 2 4 4 4 4 4 4 2 2 2 2 2 2 2 2 2 2 4 4 4 4 4 4 2 2 2 2 2]
                     [4 4 4 4 2 4 4 4 4 4 0 4 4 2 2 2 2 2 2 2 2 2 2 2 4 4 4 4 4 4 2 2 2 2 2]
                     [4 4 4 4 4 2 4 4 4 4 4 4 2 4 2 2 2 2 2 2 2 2 2 2 2 4 4 4 4 2 2 2 2 2 2]
                     [0 4 4 0 4 2 2 4 4 4 4 4 4 2 2 2 2 2 2 2 2 4 2 2 2 4 4 4 2 4 2 2 2 2 2]
                     [4 4 4 4 2 2 0 1 4 2 4 2 2 2 2 4 2 2 2 2 4 4 2 2 2 4 2 2 2 2 2 2 2 2 2]
                     [4 4 4 4 4 2 1 4 4 2 4 4 2 2 4 2 2 2 2 2 2 2 4 4 4 2 2 2 2 2 2 2 2 2 2]
                     [4 4 4 4 4 1 4 2 2 2 4 2 4 4 2 2 2 2 2 2 2 2 4 4 4 4 4 2 2 2 2 2 2 2 4]
                     [4 4 0 4 4 4 4 2 2 2 4 4 4 4 2 2 2 2 2 2 2 2 2 2 2 4 2 2 2 2 2 2 2 2 2]
                     [4 0 4 4 4 4 2 2 2 4 4 4 4 4 4 4 4 2 2 2 2 2 2 2 2 2 2 2 2 2 2 2 2 2 4]
                     [4 4 4 4 4 4 4 2 2 2 2 4 4 2 4 4 4 2 2 4 2 4 2 2 2 2 2 2 4 2 2 2 2 2 2]
                     [4 4 4 4 4 4 4 2 2 2 2 2 2 2 2 0 2 2 2 2 2 2 2 2 2 2 2 2 2 2 2 2 2 4 2]
                     [4 4 4 4 2 4 4 0 2 2 2 2 2 2 2 2 2 2 2 2 4 2 2 2 2 4 2 2 2 2 2 2 2 2 2]
                     [4 4 2 2 2 2 2 2 2 2 2 2 2 2 2 2 2 2 2 2 2 2 2 2 2 2 2 4 2 2 2 2 2 4 4]
                     [4 2 2 2 2 2 2 4 2 2 2 2 2 2 2 2 2 2 2 2 2 2 2 2 2 2 2 4 2 2 2 2 4 4 4]
                     [4 4 2 2 2 2 2 2 2 2 2 2 2 2 2 2 4 2 2 2 2 2 2 2 2 2 2 2 2 2 4 4 0 4 4]
                     [4 4 2 2 2 2 2 2 2 2 2 2 2 2 2 2 2 2 2 2 2 2 2 2 2 2 2 2 2 4 4 4 4 0 0]
                     [4 2 2 2 2 2 2 2 2 2 2 2 2 2 2 2 4 2 2 2 2 2 2 2 2 2 4 4 4 4 4 4 4 4 4]
                     [4 2 2 2 2 2 2 2 2 2 2 2 2 2 2 2 2 4 2 2 4 2 2 4 2 2 2 4 4 4 4 0 4 4 4]
                     [4 4 2 2 2 2 2 4 2 2 2 2 2 2 4 2 2 4 4 4 4 4 2 0 2 2 2 2 4 4 4 4 4 4 4]
                     [4 2 2 4 2 2 2 2 2 2 2 2 2 2 2 4 2 2 2 4 4 4 4 4 4 2 4 2 4 4 4 4 4 4 4]
                     [4 2 4 2 2 2 2 2 2 2 2 2 2 2 2 2 2 2 2 4 4 4 4 4 4 2 4 4 4 4 4 4 4 4 4]
                     [4 0 2 2 2 2 2 2 2 2 2 2 2 2 2 2 2 2 2 2 4 4 4 4 4 4 4 4 4 4 4 4 4 4 4]
                     [4 4 4 2 2 2 2 2 4 2 2 2 2 2 2 2 2 2 2 2 4 4 0 4 4 4 0 4 4 4 4 4 0 4 4]

                     [2 2 2 2 2 2 2 2 2 4 4 4 4 4 4 4 4 0 4 4 4 4 4 4 4 4 4 4 4 4 4 4 4 4 4]
                     [2 2 2 2 2 2 2 2 2 2 4 4 4 4 4 4 4 4 4 4 4 4 4 4 4 4 4 4 4 4 4 4 4 4 0]
                     [2 2 2 2 2 2 2 2 2 2 4 4 4 2 2 4 4 4 4 4 4 4 4 4 4 4 4 4 4 4 4 4 4 4 4]
                     [2 2 2 2 2 2 2 2 2 2 2 4 4 4 4 2 4 4 4 4 4 4 4 4 4 4 4 4 0 4 4 4 4 4 4]
                     [2 2 2 2 2 2 2 2 2 2 2 2 4 4 2 4 2 4 4 4 4 4 4 4 4 4 4 4 4 4 4 4 4 4 4]
                     [4 2 2 2 2 2 2 2 2 2 2 4 2 2 2 2 2 2 2 4 4 4 4 4 4 4 4 4 4 4 4 4 4 4 4]
                     [2 2 2 2 2 2 2 2 2 2 2 2 2 2 2 2 2 2 4 2 2 4 4 4 4 4 4 4 4 4 4 4 4 4 4]
                     [2 2 2 4 2 2 2 2 2 2 4 4 2 2 2 2 4 2 2 2 2 2 2 4 4 4 4 4 4 4 4 4 4 4 4]
                     [4 4 2 2 2 2 2 2 2 0 4 4 4 2 2 2 2 2 2 2 2 2 2 4 4 4 4 4 4 4 4 4 4 4 4]
                     [4 4 4 2 2 2 2 4 4 2 4 4 4 2 2 2 2 2 2 2 2 2 2 4 4 4 4 4 4 4 0 4 4 4 4]
                     [4 4 4 4 2 2 4 2 2 2 4 4 2 2 2 2 2 2 2 2 2 2 2 2 0 4 4 4 4 0 4 4 4 4 2]
                     [4 4 4 2 2 2 2 2 2 2 4 4 2 4 2 2 2 2 2 2 2 2 2 2 4 4 4 4 4 2 4 2 2 2 2]
                     [4 4 4 2 2 2 2 2 4 4 4 4 4 4 2 2 2 2 2 2 2 2 2 2 4 4 4 4 4 4 2 2 2 2 2]
                     [4 4 4 4 2 4 4 4 4 4 0 4 4 2 2 2 2 2 2 2 2 2 2 2 4 4 4 4 4 4 2 2 2 2 2]
                     [4 4 4 4 4 2 4 4 4 4 4 4 2 4 2 2 2 2 2 2 2 2 2 2 2 4 4 4 4 2 2 2 2 2 2]
                     [4 4 4 0 4 2 2 4 4 4 4 4 4 2 2 2 2 2 2 2 2 4 2 2 2 4 4 4 2 4 2 2 2 2 2]
                     [4 4 4 4 2 2 0 5 4 2 4 2 2 2 2 4 2 2 2 2 4 4 2 2 2 4 2 2 2 2 2 2 2 2 2]
                     [4 4 4 4 4 2 2 4 4 2 4 4 2 2 4 2 2 2 2 2 2 2 4 4 4 2 2 2 2 2 2 2 2 2 2]
                     [4 4 4 4 4 5 4 2 2 2 4 2 4 4 2 2 2 2 2 2 2 2 4 4 4 4 4 2 2 2 2 2 2 2 4]
                     [4 4 0 4 4 4 4 2 2 2 4 4 4 4 2 2 2 2 2 2 2 2 2 2 2 4 2 2 2 2 2 2 2 2 2]
                     [4 0 4 4 4 4 2 2 2 4 4 4 4 4 4 4 4 2 2 2 2 2 2 2 2 2 2 2 2 2 2 2 2 2 4]
                     [4 4 4 4 4 4 4 2 2 2 2 4 4 2 4 4 4 2 2 4 2 4 2 2 2 2 2 2 4 2 2 2 2 2 2]
                     [4 4 4 4 4 4 4 2 2 2 2 2 2 2 2 0 2 2 2 2 2 2 2 2 2 2 2 2 2 2 2 2 2 4 2]
                     [4 4 4 4 2 4 4 0 2 2 2 2 2 2 2 2 2 2 2 2 4 2 2 2 2 4 2 2 2 2 2 2 2 2 2]
                     [4 4 2 2 2 2 2 2 2 2 2 2 2 2 2 2 2 2 2 2 2 2 2 2 2 2 2 4 2 2 2 2 2 4 4]
                     [4 2 2 2 2 2 2 4 2 2 2 2 2 2 2 2 2 2 2 2 2 2 2 2 2 2 2 4 2 2 2 2 4 4 4]
                     [4 4 2 2 2 2 2 2 2 2 2 2 2 2 2 2 4 2 2 2 2 2 2 2 2 2 2 2 2 2 4 4 0 4 4]
                     [4 4 2 2 2 2 2 2 2 2 2 2 2 2 2 2 2 2 2 2 2 2 2 2 2 2 2 2 2 4 4 4 4 0 0]
                     [4 2 2 2 2 2 2 2 2 2 2 2 2 2 2 2 4 2 2 2 2 2 2 2 2 2 4 4 4 4 4 4 4 4 4]
                     [4 2 2 2 2 2 2 2 2 2 2 2 2 2 2 2 2 4 2 2 4 2 2 4 2 2 2 4 4 4 4 0 4 4 4]
                     [4 4 2 2 2 2 2 4 2 2 2 2 2 2 4 2 2 4 4 4 4 4 2 0 2 2 2 2 4 4 4 4 4 4 4]
                     [4 2 2 4 2 2 2 2 2 2 2 2 2 2 2 4 2 2 2 4 4 4 4 4 4 2 4 2 4 4 4 4 4 4 4]
                     [4 2 4 2 2 2 2 2 2 2 2 2 2 2 2 2 2 2 2 4 4 4 4 4 4 2 4 4 4 4 4 4 4 4 4]
                     [4 0 2 2 2 2 2 2 2 2 2 2 2 2 2 2 2 2 2 2 4 4 4 4 4 4 4 4 4 4 4 4 4 4 4]
                     [4 4 4 2 2 2 2 2 4 2 2 2 2 2 2 2 2 2 2 2 4 4 4 4 4 4 0 4 4 4 4 4 0 4 4]

--------------------------------> F I N A L  G R I D <--------------------------------

                     [2 2 2 2 2 2 2 2 2 4 4 4 4 4 4 4 4 0 4 4 4 4 4 4 4 4 4 4 4 4 4 4 4 4 4]
                     [2 2 2 2 2 2 2 2 2 2 4 4 4 4 4 4 4 4 4 4 4 4 4 4 4 4 4 4 4 4 4 4 4 4 0]
                     [2 2 2 2 2 2 2 2 2 2 4 4 4 2 2 4 4 4 4 4 4 4 4 4 4 4 4 4 4 4 4 4 4 4 4]
                     [2 2 2 2 2 2 2 2 2 2 2 4 4 4 4 2 4 4 4 4 4 4 4 4 4 4 4 4 0 4 4 4 4 4 4]
                     [2 2 2 2 2 2 2 2 2 2 2 2 4 4 2 4 2 4 4 4 4 4 4 4 4 4 4 4 4 4 4 4 4 4 4]
                     [4 2 2 2 2 2 2 2 2 2 2 4 2 2 2 2 2 2 2 4 4 4 4 4 4 4 4 4 4 4 4 4 4 4 4]
                     [2 2 2 2 2 2 2 2 2 2 2 2 2 2 2 2 2 2 4 2 2 4 4 4 4 4 4 4 4 4 4 4 4 4 4]
                     [2 2 2 4 2 2 2 2 2 2 4 4 2 2 2 2 4 2 2 2 2 2 2 4 4 4 4 4 4 4 4 4 4 4 4]
                     [4 4 2 2 2 2 2 2 2 0 4 4 4 2 2 2 2 2 2 2 2 2 2 4 4 4 4 4 4 4 4 4 4 4 4]
                     [4 4 4 2 2 2 2 4 4 2 4 4 4 2 2 2 2 2 2 2 2 2 2 4 4 4 4 4 4 4 0 4 4 4 4]
                     [4 4 4 4 2 2 4 2 2 2 4 4 2 2 2 2 2 2 2 2 2 2 2 2 0 4 4 4 4 0 4 4 4 4 2]
                     [4 4 4 2 2 2 2 2 2 2 4 4 2 4 2 2 2 2 2 2 2 2 2 2 4 4 4 4 4 2 4 2 2 2 2]
                     [4 4 4 2 2 2 2 2 4 4 4 4 4 4 2 2 2 2 2 2 2 2 2 2 4 4 4 4 4 4 2 2 2 2 2]
                     [4 4 4 4 2 4 4 4 4 4 0 4 4 2 2 2 2 2 2 2 2 2 2 2 4 4 4 4 4 4 2 2 2 2 2]
                     [4 4 4 4 4 2 4 4 4 4 4 4 2 4 2 2 2 2 2 2 2 2 2 2 2 4 4 4 4 2 2 2 2 2 2]
                     [4 4 4 0 4 2 2 4 4 4 4 4 4 2 2 2 2 2 2 2 2 4 2 2 2 4 4 4 2 4 2 2 2 2 2]
                     [4 4 4 4 2 2 0 5 4 2 4 2 2 2 2 4 2 2 2 2 4 4 2 2 2 4 2 2 2 2 2 2 2 2 2]
                     [4 4 4 4 4 2 2 4 4 2 4 4 2 2 4 2 2 2 2 2 2 2 4 4 4 2 2 2 2 2 2 2 2 2 2]
                     [4 4 4 4 4 5 4 2 2 2 4 2 4 4 2 2 2 2 2 2 2 2 4 4 4 4 4 2 2 2 2 2 2 2 4]
                     [4 4 0 4 4 4 4 2 2 2 4 4 4 4 2 2 2 2 2 2 2 2 2 2 2 4 2 2 2 2 2 2 2 2 2]
                     [4 0 4 4 4 4 2 2 2 4 4 4 4 4 4 4 4 2 2 2 2 2 2 2 2 2 2 2 2 2 2 2 2 2 4]
                     [4 4 4 4 4 4 4 2 2 2 2 4 4 2 4 4 4 2 2 4 2 4 2 2 2 2 2 2 4 2 2 2 2 2 2]
                     [4 4 4 4 4 4 4 2 2 2 2 2 2 2 2 0 2 2 2 2 2 2 2 2 2 2 2 2 2 2 2 2 2 4 2]
                     [4 4 4 4 2 4 4 0 2 2 2 2 2 2 2 2 2 2 2 2 4 2 2 2 2 4 2 2 2 2 2 2 2 2 2]
                     [4 4 2 2 2 2 2 2 2 2 2 2 2 2 2 2 2 2 2 2 2 2 2 2 2 2 2 4 2 2 2 2 2 4 4]
                     [4 2 2 2 2 2 2 4 2 2 2 2 2 2 2 2 2 2 2 2 2 2 2 2 2 2 2 4 2 2 2 2 4 4 4]
                     [4 4 2 2 2 2 2 2 2 2 2 2 2 2 2 2 4 2 2 2 2 2 2 2 2 2 2 2 2 2 4 4 0 4 4]
                     [4 4 2 2 2 2 2 2 2 2 2 2 2 2 2 2 2 2 2 2 2 2 2 2 2 2 2 2 2 4 4 4 4 0 0]
                     [4 2 2 2 2 2 2 2 2 2 2 2 2 2 2 2 4 2 2 2 2 2 2 2 2 2 4 4 4 4 4 4 4 4 4]
                     [4 2 2 2 2 2 2 2 2 2 2 2 2 2 2 2 2 4 2 2 4 2 2 4 2 2 2 4 4 4 4 0 4 4 4]
                     [4 4 2 2 2 2 2 4 2 2 2 2 2 2 4 2 2 4 4 4 4 4 2 0 2 2 2 2 4 4 4 4 4 4 4]
                     [4 2 2 4 2 2 2 2 2 2 2 2 2 2 2 4 2 2 2 4 4 4 4 4 4 2 4 2 4 4 4 4 4 4 4]
                     [4 2 4 2 2 2 2 2 2 2 2 2 2 2 2 2 2 2 2 4 4 4 4 4 4 2 4 4 4 4 4 4 4 4 4]
                     [4 0 2 2 2 2 2 2 2 2 2 2 2 2 2 2 2 2 2 2 4 4 4 4 4 4 4 4 4 4 4 4 4 4 4]
                     [4 4 4 2 2 2 2 2 4 2 2 2 2 2 2 2 2 2 2 2 4 4 4 4 4 4 0 4 4 4 4 4 0 4 4]

--------------------------------------------------------------------------------------

-------------------------> E N D  O F  S I M U L A T I O N <--------------------------


----------------> E P I D E M I C  S I M U L A T I O N  R E S U L T S <---------------


> Epidemic Duration: 89
> Peak Active Infections: 163 (on Day 24)
> Total Infected: 688
> Total Recovered: 688
> Never Infected: 537

--- Behavior and awareness ---
> Individuals who became aware: 1075
> Average awareness Efficacy: 30.71
> Individuals who quarantined: 172

--- Recovery Time Statistics ---
> Mean Recovery Duration 7.49
> Recovery Std Dev: 1.99
> Min Recovery Duration: 3
> Max Recovery Duration: 15

            Day  Susceptible  Infected  Recovered  Aware  New_Infections
Date                                                                    
2026-10-08    1         1219         6          0      0               0
2026-10-09    2         1219         6          0      0               0
2026-10-10    3         1219         6          0      0               0
2026-10-11    4         1198        27          0      1              21
2026-10-12    5         1198        27          0      2               0
...         ...          ...       ...        ...    ...             ...
2026-12-30   84          535         8        682    513               2
2026-12-31   85          535         7        683    513               0
2027-01-01   86          535         4        686    510               0
2027-01-02   87          535         3        687    509               0
2027-01-03   88          535         2        688    515               0

[88 rows x 6 columns]
